archive_path,sha256,archive_size,member_count,uncompressed_size,source_member_count,identical_archive_count
games/2048_38.zip,18145acb50547dc2caf76b956fbddd0c9dba49a8a3f6a380487083a2471ced38,7632,3,24197,0,1
games/2048_91.zip,8a0d6615116f157b6752be6bb742f7e7fd6a07cbc79e5760d9b4bd4669288e7a,24180,12,40191,0,1
games/2048clrdraw.zip,61d772681717a9121a52525c98014ca54c5257cbd9df85ca5944fb4e33822224,66737,3,102071,0,1
games/3dsnake.zip,f30f76336b05d297e2ba042e2ca2e105b5988134e6f90aac57f5d753174335e6,4469,2,7781,0,4
games/advancedpowdertoy.zip,80e00596363251c316eb3d17bb5263ccda789adf8cad17c99995a997393f1b1e,5427,3,10109,0,1
games/aifig.zip,79542ace7a9ad4233d6786fbe02c3d580b17b83edf74a5099871ec134de94086,25389,12,89083,7,3
games/alphaleob.zip,2431bf26adb7ae76186527c21024c1b1e61380180f396326c5262f9c0ff064e8,2583,3,3741,0,2
games/altrasi2.zip,56d2bd52becd681e53249f9e121bc37804efba1a5f7da6b5ee2037d0e2212795,1918,1,3438,0,1
games/asmpong.zip,450a0d185c750f1f90d8c02203f85f41930b47022753276dd6ac0e1a9bc2d6f0,204502,17,621580,7,1
games/astroidblast.zip,c3b84d2cbed05f84d754be916855f12bfefb9f4c8bb44e6f183754fb686e62fb,1446,2,2173,0,1
games/avalan2p.zip,3425547d59065222a5be8e82daae56ce0b78d00d8e12d1d1d198044b051bb79a,30666,1,135722,0,1
games/avoid.zip,8a968eea48c394fae60be07ca0dd21d8ac4fac6df8170c54020389a64c17a309,472177,3,567294,0,1
games/axagon.zip,2ce3576129b74fcd7c6d65523e1aacc3c0d4ebdefdb9cabbc5452e369eeba51a,8371,6,14596,0,1
games/axepicraft2.zip,caee29d3df5f92e5411de70167f767051fb8d0ff1d8e6d50b6683b452b834ba4,3787,3,9961,0,1
games/axepicraftv2.1alpha.zip,03fd2a6ff728c8b4c1e73af33f99c34c318f1f2c235a6001891fa2e3ddb555a4,2067,2,5159,0,1
games/axesnake.zip,286e54ca6ac44745b11a8a0a3a5154e77dc99c6d3b18c4750a4c253160908e80,5108,3,8776,0,1
games/axetunnelcollection.zip,dca8c884868c7a330d36b89784bf52672a872e4a7fe8739bf18af6a4ddd0282a,17923,19,23975,0,1
games/axpirin.zip,edc736a7de36f9e94f17f2b32aa1bf78347155e7dbaa73dd428558cdd5bf9298,16269,6,33626,0,1
games/balltrix.zip,3bf3a867981b275da7007d69ac6f61fecb3fa9e377f2712a0b6649877a0e9050,5881,3,14317,1,1
games/battleship.zip,2d74126ee9d489e42cbdfed2697494f2f7035903b0e30f967011d3f68dff51f4,7427,4,12083,0,1
games/benumberedv2.0.zip,6e8dfd3e9801e8d75e67e7e44d2edbea6b4981f52161d9553d0d74e2740e5647,1056863,7,1121292,0,5
games/bimball1.0.zip,0af6a715cd7a9191e8cc96779cb76d1638cdd2d0c1f9bbbf85de3f40c1c9a82a,244897,2,462470,0,1
games/blockrun.zip,2c249b0f639be277ed8a16f3cef6e9822a33e3e90c9f7260ab31aabe6033af82,2073,2,2815,0,1
games/blox.zip,1a9126d5c1b20ce2c5d46c39585ded3a2c5a1197149be59217a06a60ae3ce5c4,1340312,3,1548924,0,1
games/bouldash.zip,fea7c303dc3891fca209acd15001867b6597a9fde5c6d08daaa19d25b904c6b5,175502,15,397232,0,1
games/breakout.zip,658930a028c4e1437da0a12d9f84f825843212039aa0b4fe5ce1d162c5150289,393908,11,872752,0,1
games/canabalt.zip,c785fe20edbaa54173326038f087545606456c36e383f9980e57678ced45e3be,2933,3,3950,0,1
games/chasse28.zip,b845b5385f8591b162b7869c3fbc7035507844f1f655a449080aa4e7212a8be1,815568,58,1204843,10,1
games/chess.zip,6774b9ecae1e9aceb9dcc44fc892813e43f5a9b69f630b8e192da18ff5a8adb5,4602,2,8519,0,1
games/chopper.zip,6f22db35e5d1fcaef3d166d00fc278952e5fbefc725eca26851f8bf88a6061c4,83112,6,149797,1,1
games/chrome_dino.zip,a72deb82aeed95c64762c4a93f0886a2b37515b73688f42950d57e917ca8963a,6374,5,9678,0,1
games/closingin.zip,b35e584a658b2fee6dbff94c91e95351190fe506d19076176ee7cb1a977b0e4e,1619,2,2413,0,1
games/connect4.zip,4fcbd328a18af59a736a1939c5d026209ecd765d7343d1cd5d24154359441e70,13658,7,21836,0,1
games/cookie.zip,8cd78234cbb8e6d01ec550224ea5456f99a72f46fda850eb9f967042931c35c4,4762,3,6283,0,1
games/crosshair.zip,27f8f0cf58a368cb059432f6671f3b6829c473a2e31c2c0a5be79a57e9b058a9,8770,6,8421,0,1
games/crunchyos/benumberedv2.0.zip,6e8dfd3e9801e8d75e67e7e44d2edbea6b4981f52161d9553d0d74e2740e5647,1056863,7,1121292,0,5
games/crunchyos/deadeyes.zip,e9e8e1e6872b97652e05490b8aa21524c29c1db9584d3acf8c686426ae5894a4,48924,3,52361,0,1
games/crunchyos/egypt.zip,722843598d0a67ab5712d1ca2537b1496b416c3e8bc606b426a6437bbf19597b,134385,10,144767,0,2
games/crunchyos/gemini.zip,8d3c9066a829cbbaabcd75b4013685110f0c380744d89acebd048afba1f78ac3,72454,29,216726,15,1
games/crunchyos/joltimac.zip,6a748dadb20243b679c69fba2f9e2452cb928a0bc49ec88c437e9aec03873734,13835,2,16527,0,1
games/crunchyos/lotus.zip,14c35ef8c32ad1e7e66a0f8404bf85debf3e6d16e8cd5f949aa1d457b101ed2d,8594,3,9546,0,1
games/crunchyos/phoenix.zip,c764f5519375db9a60b393e845b44b4a7e3b07b147111f9dfd08be9ee271fbf6,86137,5,126002,0,1
games/dearab.zip,77187571f6ebda3784dd5fe0892bd73fd6dfbff865f52186f992edea74a2dca1,4242,4,11640,1,1
games/devrays.zip,5f7e14f47e2c67283b27fad8a8ca10022f41cb40f5a787e3d1d0dc4ae1511cfb,8733,1,18784,0,1
games/dinojump.zip,5d7c23da2d6fb9d00ad12475c2a5378f6d84840c95ff4f943ff55a8172450eaa,2912,3,4177,0,1
games/diy_tetris.zip,d4788192978e65cee732a3819c1f2c4cd1b7f31ecb98c452ce35610fd2139e70,5202,6,11872,0,1
games/doodlejump.zip,64064a0df3e80e11c2f195ca82306badd2d0a0fd1dc76fa1d63ce318ea14cbf4,7354,4,12645,0,1
games/doorscs/3dsnake.zip,f30f76336b05d297e2ba042e2ca2e105b5988134e6f90aac57f5d753174335e6,4469,2,7781,0,4
games/doorscs/ab5.zip,018f324bfe9135dd903df2d34e196adc6f735bc35103752b2f2ebc5cfaefff58,182125,8,200740,0,1
games/doorscs/ab5cat.zip,bb69fca5b47e6f44cb48f64828bf3178143d52e94de087ce6f2a52f24bcd3dea,179311,8,198272,0,1
games/doorscs/axetunnel.zip,8f8e8c3451d323363911a0e7c3b8adeefb48ed839b11d2b944bba9c322bebd7d,2825,4,3147,0,1
games/doorscs/benumberedv2.0.zip,6e8dfd3e9801e8d75e67e7e44d2edbea6b4981f52161d9553d0d74e2740e5647,1056863,7,1121292,0,5
games/doorscs/bw_jezzball.zip,939ffba1f709f94748b096d15b14f16c884670a1e88e7103446a511f964b0039,3780,2,5711,0,1
games/doorscs/centipde.zip,923c2052a3484fe23d852adc0dc3fd197e4943df3fd0d3692df44b266b5857a0,5039,2,9495,0,1
games/doorscs/cn2oblitr8.zip,5c1c652ca95dd1e56035a3ef1cd01f731b2773f70170d92b00ee89d60beb7819,6122,2,9500,0,1
games/doorscs/dcspong.zip,d5f9c42db559f5e9e536495a865a7a857f5f17ba4b0380770e251856de3a86f0,17075,13,33357,1,1
games/doorscs/eitrix.zip,5969f4ee84a1a0dc7aae46fc74c2eb5609f8c95ec33c7b1eae7fcc1a5868b7ae,17950,8,36064,0,1
games/doorscs/etchaskde.zip,e49730f5e0492b45362f2bba473d1ec69af6b59d40eb94a9e61dfcf3afc1aca3,2373,3,4432,1,1
games/doorscs/falldown1.zip,8a3eeda8daa78a8b720ac66bcae7b3408d26c44726acdbd4fc3c0cad019c42c8,9215,15,11867,0,4
games/doorscs/fflush.zip,00411e847e9a3759d0f7e35df61cb362db5239eacc2193b762402279b87737cf,1458745,4,2250834,0,1
games/doorscs/fltron.zip,187a05baa80c4ec7d5fa2fc006ce50c74d83a7841460e8459e0b34d24909c94c,15618,6,29982,0,4
games/doorscs/fruitninja.zip,84f5072cf11baa967facd8d518d8b1a041b43fe73be7bffa1e201fcb2ba0801e,13902,23,19988,0,4
games/doorscs/helicopter.zip,700409dde2c01da2f8f565ae90bfac2e6dabe6e41456d2f957822897d88b72c5,6498,7,7278,0,4
games/doorscs/helicopter2.zip,9e7391e01864f4a4bb85a36d3bac3d00b0eebb9489b796d85ae4975125f7fb08,5025,5,6671,0,4
games/doorscs/itde.zip,49008316874ec253c24d21d6075427d42d8bb5685821dbfd93c67ba15033d529,33275,5,109901,2,2
games/doorscs/marsptrl.zip,d19429029cadab774bfe0bf1e7da700999883297dbfca50296d528ff7d67b637,4663,2,7899,0,2
games/doorscs/meteorshower.zip,638efad23184b672033355c0d402f1827646b0baaea40618ce20fe57f86bd2d1,4588,4,6055,0,2
games/doorscs/missilerun.zip,2c8ba1e5fcafaf9c7b9cfe466456059c5b14b9848ace6f945f74017c7098268f,13859,5,33554,0,4
games/doorscs/missilerun2.0.zip,1ec017f1a3c234b3433afd60752782197429d189f007c04a2e0fdf9997dd8bd8,5070,3,10741,0,3
games/doorscs/netpong.zip,cd271f38deb827697c5b68eb1acde51874db46502ece8cab81017a8dd242dfef,9376,3,33875,1,1
games/doorscs/papijump.zip,b9301bbae8f9a0813fd5f200cb492ae60fb679f41dc791de2e648d65cbe26f8b,7075,11,11157,0,4
games/doorscs/phoenixz_risingdcs.zip,1de458d9696175685394c51e7871a72a2c55d59a41a8056a0b9e8ec71cfed312,86321,57,295011,42,1
games/doorscs/pixelus.zip,518d4faa7269b1c24d759b8821355ffdbbb6de277804591da89dd883a067d0f7,480212,23,831843,0,1
games/doorscs/pong13.zip,e4b5ee205de69b4ac60ce30b39d3a0645a33d1d296532000b8fdb7736f53e5de,203873,27,680035,8,1
games/doorscs/pushboxchemistry.zip,c643a0a5dfd810b983cbc6b523cd3b98f338e70d4ba266271369deae294ffafa,272525,11,547669,0,1
games/doorscs/robotfindskitten.zip,38f9af2f27cf5fc36c44ff3dc437ded6587e0ffad5b8c7e6216c810d415633d5,57167,13,140776,7,2
games/doorscs/simul2.zip,c64b9fceb52a548b892c0b85bcb54ed5145f48d6f2146cc6a010d1fc033f26b4,16329,28,22301,0,5
games/doorscs/squareball.zip,bec6dec5091faba666da106d5ab03818543864d90bf6b0ace968dff6d003cb95,2991992,6,3272779,0,1
games/doorscs/thisistheonlylevel.zip,bd808100fa3738290a087fdc9c273a74ef6f07537d77a508b10042e71e45be85,44664,13,98787,0,3
games/doorscs/voyagerxflighttraining.zip,d2e9b9dac592d186623d88c87cfcf8d2e2475d486ec24e7fb0ca5c30b5559e51,1384,2,1731,0,1
games/doorscs/wm.zip,ec6bb2d24e783ac13e53a790c994e59b3d74873ccdcf16764e89c44e7dc152cf,148617,8,192055,0,1
games/dots.zip,d6ca354f14ae9417998342296d000f1b73b4ab5bd509696007d692a7af3185c6,2971,4,4039,0,1
games/doubledragon.zip,3fde838cf62172a81dd1b89a9905506fd091005f9d47edd33e8f2dd4fd0d2752,239814,235,721064,109,1
games/duckhunt.zip,c66194b12bb9ae76572c444ae1b8db12f0a8b3863babb55502de31143fa6f9bd,4125,2,5014,0,1
games/evite4.zip,c90aec80f095550477b1a66c01b7330330036d052151d628e32e7fb7b8900a0e,7098,4,10663,0,1
games/fade.zip,49b104717036b569f1ac4ef6ced326a49e26fda866f9a79974e18dcfb9577a41,1854,1,4545,0,1
games/fall1.zip,888ce8d6dce40fd69ccffe741be341b57451dfbbafd88e7f55cbf9e525d1fb7b,929480,9,3379758,0,1
games/falldown.zip,92cecdf36ebeee0a4fc66b3595ea04f1e3a4a4e4448d7d227c884833ec733b34,2962,4,3470,0,1
games/falldown1.zip,8a3eeda8daa78a8b720ac66bcae7b3408d26c44726acdbd4fc3c0cad019c42c8,9215,15,11867,0,4
games/fivenightsatfreddys.zip,318c8cac5ae564f5085bc638b86b16e923d18804c7c689ac39de01a50bf1249b,116002,27,234013,0,1
games/flak.zip,2aee1029f4cb3c23015bbcb4f90bcc03ba0c482c13f5f1a992477999c4958963,683634,4,1074316,0,1
games/flaktank.zip,916e6d38359303874853b489e7855ee6a0e29b03babf9f0b971f245114099514,664607,4,955165,0,1
games/flappy_bird.zip,94a49bcf8698e2dadea27672c9021a8bda038660804bb0ec3dd2d30d3410b82d,8793,4,15401,0,1
games/flappybird.zip,1bb2da0de3073db111cf9297ae70444b889a072fd794c2e3c1c739b9870325da,1159883,5,1240009,0,1
games/flappybird_21.zip,092ec2c6eb28023133d18d25b60bc6cebd9161af771e60ac8dc3464ba7adf457,23111,11,38550,0,1
games/flappybirdjosiah.zip,23ddcfd24606a083e9904b2494c70fd812ff1a2d4dc4c886905ba5dbe43a859c,373818,4,410731,0,1
games/flappywalrus.zip,40c7276bbc8d5f6e19662e475d2ec6b7ee4a90c9b26ec0a1b88b41deff24ab6c,4419,3,7007,0,1
games/fltron.zip,187a05baa80c4ec7d5fa2fc006ce50c74d83a7841460e8459e0b34d24909c94c,15618,6,29982,0,4
games/fruitninja.zip,84f5072cf11baa967facd8d518d8b1a041b43fe73be7bffa1e201fcb2ba0801e,13902,23,19988,0,4
games/futility.zip,7b74ab14b8fa6af6620b95c20f25670de0125bfb4ebb6e620a96f77b602a7232,16966,14,32322,0,1
games/generate.zip,00197d6aa5f7970c3e4d65624e294f25a31dcda25610616d025dd03307a7712e,2736,3,6394,1,1
games/gravitywalls.zip,dc1e0f5606e345eb713cd9e0ce7df5cd7fdfe37a41c7e14a8ee2eacc8932ba63,7281,4,16270,0,1
games/gravsmash.zip,a26f65f999cafc776339950bcc0e128da0a2c748b2122cda940bd1505f15a120,8459,12,13835,0,1
games/grayscaletunnel.zip,11e9d4de334766c8c3788c877a8a804b40b3b099b61ba8b5a64c7f69807d6f27,501206,4,536119,0,1
games/groverizer.zip,c500dbac30e8db7403b07be87f84ddf9c477f7aec2ca67ac2e8cfd82336d079d,5569,4,17125,2,1
games/grvtydude.zip,5abdc577ef39db1873fb3c650b601ec04f8acb4a70881ba2347639b153643924,3399,3,6072,0,1
games/helicopter.zip,700409dde2c01da2f8f565ae90bfac2e6dabe6e41456d2f957822897d88b72c5,6498,7,7278,0,4
games/helicopter2.zip,9e7391e01864f4a4bb85a36d3bac3d00b0eebb9489b796d85ae4975125f7fb08,5025,5,6671,0,4
games/hexgame.zip,3be6052a61e877e63d833626304bec433e9595c2b51844e7f368538c6ab7f589,3333,3,5404,0,1
games/icetower.zip,443036d9a6fca3aec47753f02d1d6c050797cbfcc22b26f6916819d9a832bc53,5876,4,8328,0,1
games/igo.zip,4df392a1a511314d168ac12e7ff3146d4144ea93a7cb5342bec849fab46a1928,4221,2,6972,0,1
games/ikarugax.zip,6926c1340f73ce0f336be5e640e0b2b2dc91ac51a31c524b45e07d1e9f607500,130816,19,162963,1,1
games/invaders.zip,d8ebae830cba4fb9840fd1a99fc57054027737af23b0d126902d20dc2b958175,5397,5,14816,1,1
games/ion/arcade/3dsnake.zip,f30f76336b05d297e2ba042e2ca2e105b5988134e6f90aac57f5d753174335e6,4469,2,7781,0,4
games/ion/arcade/7g.zip,2cec0f717066bc611c332a81132bb7797b3a7ea3a7b6ea1b251450a0fac74c26,7633,4,20102,1,1
games/ion/arcade/ab4.zip,a516dd62d75c97ebb4c14555bcd3c6ddb07c82f9c059b2d460aa91a9ad5e0667,17119,6,26178,0,1
games/ion/arcade/ab5.zip,a1d74ec673c757d7fbba271a678eaaa97e93ffba3bee550977ee67f297441897,182300,8,200932,0,1
games/ion/arcade/abdm.zip,9f66bf61c2679205cc34647e2f4d51bda3ef20dbd65bb6884b5118290f6da838,45709,17,127046,6,1
games/ion/arcade/acelgoyobis.zip,e82bfbc01172d953b18ef7e3681bd1e1d695b5b4ed52d1ce6214509c7291141b,206969,82,504141,12,2
games/ion/arcade/acid.zip,13715821a4a7e635e4c1a354b116769856ff4972fdd43cbc33288b3ce782df09,2952,3,5763,0,1
games/ion/arcade/afroion.zip,01f9081de9a7445d96e46f83e03372c5e4adfdd9ea0f64790dd93d5fb4689ab2,94969,4,115995,0,1
games/ion/arcade/aifig.zip,79542ace7a9ad4233d6786fbe02c3d580b17b83edf74a5099871ec134de94086,25389,12,89083,7,3
games/ion/arcade/airhawk.zip,fb203b04fbe79b93af55f31cd7774b0379265fbbbf02f4362ee98b0472ad05e0,10015,2,16693,0,1
games/ion/arcade/alien.zip,049f062288cef6f6c93d2446b67370f2171a035205b1654c6e04c14732919d0f,7373,3,18288,1,1
games/ion/arcade/alienb.zip,da93b75d928a9445d48b30512f17e1411b11b87c811065729464fe1a0e68548c,35877,7,60310,0,1
games/ion/arcade/alienb4.zip,4315bd433c30e3cc8e9797e8fd5cd7057f2672178c304076184c22a9a9c38f12,14376,3,21253,0,1
games/ion/arcade/all83p.zip,4f4ce19d5235c5a45f3beb104870a891c627b48b0a4712d42df7a79b08bcf70d,65849,45,237612,37,1
games/ion/arcade/alphaleob.zip,2431bf26adb7ae76186527c21024c1b1e61380180f396326c5262f9c0ff064e8,2583,3,3741,0,2
games/ion/arcade/amidarp.zip,7b83641d60b86196d981059a92e51f2c3d62f2c0d7d482221aab8ece3faf0acc,3255,2,4454,0,1
games/ion/arcade/antinibble.zip,a6abcf53c95303fe757a8a9a43a0fbe2cfc598f1ebef79e598f132034a6acb12,2297,3,2794,0,1
games/ion/arcade/antitrib.zip,49267d78acaf6fd0713b2062ce8ad9fbafef456735b20feda7f8eb5c6b1d5a18,3415,3,6299,0,1
games/ion/arcade/apong.zip,e3d6630ff4f2e07c38b58381e8d3afce1c8de198d5a426c6e041d6d024a983f8,1554,2,3039,0,1
games/ion/arcade/arcademario83plus.zip,7e5c34352c83c68445896812d28b76a322d115f302fa27ebd03b505cdc6ff20c,8807,2,14573,0,1
games/ion/arcade/archery.zip,b21cd45291ce549239369ef9ab5fd120bd024831d6ec4f1d8b3700b90f0c94c3,4895,6,13676,1,1
games/ion/arcade/arkanoid.zip,33a96320d69c941e48caa220d4bfae0271c79052e8d882623970d1a998754f58,11177,4,18262,0,1
games/ion/arcade/asmblasterball.zip,acf266eda0d1080863177c9ce1ba10cbb2daacdc29c43544112e316794c77747,11874,4,68261,1,1
games/ion/arcade/asmcorridors.zip,7556e5cb33ddcd4dc33ccf9fe63f0c2bbb718574800e1bc0d92065d317720050,5454,4,28950,1,1
games/ion/arcade/asmspazewarz.zip,cab21eb58e63a9ffa12f173557676adfc87ea2f79ed05e6a37adbc123222776f,18085,4,102785,1,1
games/ion/arcade/asmstarvoyages.zip,76cb52e27f4935efe4ae4061a2d4c2319224cef8cc57fd1fddb9256eaa6bf596,17377,4,94499,1,1
games/ion/arcade/aspirin15.zip,1b55409fc8c4dcd967963a9264ad5989a644a5670ae17f23587306878f292384,8197,5,9703,0,1
games/ion/arcade/asteroid.zip,de47a5fab81bd4b0d0fda5bce2db9bf46de7c99c80ac08546e6bb2a98313d7f0,27736,3,87947,1,1
games/ion/arcade/asteroidbelt.zip,738f12bdd41570042a20d0d7cbebb653d3a8c31166413f2e685d2c048cc0e73d,10172,6,49556,4,1
games/ion/arcade/avalanch.zip,3c254ee68183b72a492f206ce406deb78c274fd2f69cedaecc0872d657953735,4191,4,12860,1,1
games/ion/arcade/axetunnel.zip,451e05f72a322bdc5a8ef4c5be162592e9ac4ee8d2b736ec92ef2e56ca1a044c,7536,7,10596,0,1
games/ion/arcade/ball.zip,0e40f10f78980d38ca5675781a6d901d00e328925d60e559a97edc7d0f7459e2,9165,4,37325,1,1
games/ion/arcade/batcave.zip,762cfb169a666360c145c7e988aa9e3b30a1bae0562c69743751be49a13edbb0,4295,4,13553,1,1
games/ion/arcade/berzerk.zip,6332f59ada5abfe5c4ea68b5cb8497e1091896e4ef56afa5347578cc9359def4,4392,2,6616,0,1
games/ion/arcade/blockrun3d.zip,12c5290439018fe2e092e8dd00a26f7872998ea70ff441ea93536f369dd2d3dc,3330,3,5179,0,1
games/ion/arcade/bobby.zip,68c5bac443bbb57493b46e8856d05c3e2dac94c275487aebb37536af4708c022,209635,3,253007,0,1
games/ion/arcade/bolldin.zip,1e14ad2c04a5937e15fba0957dfe52523739ce41cd50c5ff7adc9aefb4ba45f4,13243,4,42955,1,1
games/ion/arcade/bomberk.zip,c1babd3f071f80193cd388452cc529a1f0aeeb364b1ec410c267eb54f112933c,18522,6,28084,0,2
games/ion/arcade/bouncy.zip,006640464bde9bb1692cf8ddf374ee948ad509dd983ca19ab4433f9d243d9669,138842,68,296351,2,1
games/ion/arcade/breakout.zip,91371f2d641f7a66b21deb542f4dad84fd784e4b6f00ef9b74c4fca0ca0a8423,15256,6,41136,2,1
games/ion/arcade/bytes.zip,bcc03191cb3be53b4aaf5d26cfb5b4ea8b7bf66b85f8c1f83ab0ce844a763302,7972,5,21787,2,1
games/ion/arcade/cannon.zip,d0485e11f50809071ded2e5df70336d402deb78dcf5461045a3354ebd9555632,1816,3,2229,0,1
games/ion/arcade/carracer.zip,053e74ad42911ba7893c8837afe82894fe94b1889bff245ea2351a1f447e371c,1722,2,3437,0,1
games/ion/arcade/centipde.zip,5737d3ff5db63d886c76cee102e417c244cc6ebf2acae7372d3bae4e8e6b0d7c,5026,2,9470,0,1
games/ion/arcade/centipdep.zip,3cb0412e9124f035ada4199d7fced923981fc96265717fcaf25bae20c3895e15,5020,2,9466,0,1
games/ion/arcade/chick.zip,96f9ab819088f09de69bc9a9036abccc2fd36358386afc4da860d20e6a2a6e1a,11588,4,34269,1,1
games/ion/arcade/chuchu.zip,a838b7c4969ada5ff26a5d5a5236f99f90c39893933ffbb17bc7b9ccb4343d1e,236693,10,243846,0,1
games/ion/arcade/cobra.zip,634371e01e90b4259af735fb4d782af0994a9b51a9460744211502335cb98543,8937,4,13773,0,1
games/ion/arcade/cookie.zip,0563950df45949696407a0f32ffd07b7aefcc70eaa39a515ec82011a3a10c7a7,5084,3,6917,0,1
games/ion/arcade/cpongkudasoft2.zip,f6182973406a1fe73d95f9891823611e257c010d60ae37d76034423a823ff30f,6460,4,9492,0,1
games/ion/arcade/crusader83.zip,51ab9b2e4b31ad3f33f5859cf9ba8d5e7196fae2eb7c186263e8e315275a2acd,47983,4,50856,0,1
games/ion/arcade/cylidash83p.zip,a11f14a577ea71d866d0137c0acb88d2731277cb125d163064b9e139c3bf5601,5180,3,13823,1,1
games/ion/arcade/dancer.zip,1f0184d6c992b0b9f019562129462382f2468159380c51cbb9921eef872491ea,4374,3,14491,1,1
games/ion/arcade/dancer2.zip,45fa2a8ffd032e0a8b40af6a3dd47f916c3ae86bd099eee1e6f6fc1100b06977,6602,3,26520,1,1
games/ion/arcade/dancer3.zip,4715afb5ef6a0769faf36da508582d2a52d386cf0deaba694e3dd29fabad3071,8631,3,37608,1,1
games/ion/arcade/dancestationpheta.zip,9c8ff3898f3db0fca7929cf70b8256082a0a47af9ea9857c974a381dcd43df43,37518,5,106565,1,1
games/ion/arcade/defender.zip,243dbeff2774b387e95671107e3052550f1993028cbeefa581f1d0a0005e1e08,7276,2,7956,0,1
games/ion/arcade/dfa.zip,7a5a7b7091ff6c9fc8c4188fd6b4395eede377524e4a2b5be9a84ee540fbc77c,58773,24,126356,15,1
games/ion/arcade/diamonds.zip,2ea4ef6c5264f8b5aeab9a6b0a62bcc09d62889013fc6cffa2d26ff4e5b6f08e,14266,6,34429,2,1
games/ion/arcade/dk5ion83p.zip,9f7bf395c67b89791e058f6e56463b145c635e5245059243fbda2ff42bf840f8,6772,3,9892,0,1
games/ion/arcade/dodge2.zip,1c5d7b0f5b9a3bd87f0f0c933bd05659506b8a220607e37e333a77b2dbd83bcf,7321,4,18221,1,1
games/ion/arcade/dodgebal.zip,0eab119f7ddfc9613bb75cf6f58335f45fc3db8cac073af68e44accddb55b32d,2262,3,2757,0,1
games/ion/arcade/dodgebbg.zip,3013d1a158796807e8eb952a5844e5b4d157f6df057074f60eb0e51376294989,1598,2,3615,0,1
games/ion/arcade/dodger.zip,481f2cd357250669dfaff1cd4035863140cb450bb4c30a248b8593a47bee3001,4269,4,7787,0,1
games/ion/arcade/drally.zip,9b73734704ba5065deb9a067dcc41cdfa12e51d9c646e3807337b021a7fa74f5,55987,19,147849,13,1
games/ion/arcade/driven83p.zip,bd81cf4e7fbf36652ba21c6af036742d68b4442f83ad4f6426d0f32151b05ccf,3108,3,8895,1,1
games/ion/arcade/epong1.0.zip,c4bc521b96f549d277220f79b4316075b714407118316a54f9073576156be220,5129,4,13509,1,1
games/ion/arcade/falldown1.zip,8a3eeda8daa78a8b720ac66bcae7b3408d26c44726acdbd4fc3c0cad019c42c8,9215,15,11867,0,4
games/ion/arcade/fallingp.zip,c8feae9755fb1cc7b6054c197a04b1bb7de3b42b02b00c7ae18b63c33f44dfbe,3148,3,14780,1,1
games/ion/arcade/fallup.zip,9cda8bfd582b72aa472058ae8fc0c89d481f26eb6c26411bbc8d57ad1a536ee1,4536,4,15205,1,1
games/ion/arcade/farmer.zip,2fbd4aebf4941e81ad24664947ad09299d32a68432b769a5393960757b7ac23c,5073,4,9014,0,1
games/ion/arcade/fdown.zip,22839e8ea224aed5dd645a78074f3edceeb9ebfdf1f0814d9c7652f176385a41,9965,3,22959,1,1
games/ion/arcade/fishy.zip,9a38c471ddab01057218a60c579bc604779d0668fa7786c745d5905ecfc8ec2d,13423,8,30631,1,1
games/ion/arcade/fltron.zip,187a05baa80c4ec7d5fa2fc006ce50c74d83a7841460e8459e0b34d24909c94c,15618,6,29982,0,4
games/ion/arcade/frogguts.zip,7f1c544429011b84379ea669832fbd9058e5fa4e4e35dd22409c00a21c617a59,13141,4,33048,1,1
games/ion/arcade/fruitninja.zip,84f5072cf11baa967facd8d518d8b1a041b43fe73be7bffa1e201fcb2ba0801e,13902,23,19988,0,4
games/ion/arcade/ftun.zip,a4d9d5ef80543b4d7748a7c3f4caadf865bd235befe8a8810cf583ea9b4cbf61,4119,4,13498,1,1
games/ion/arcade/galaxian.zip,4177787de494993010fc85d3bc832cac6b10be9c26532022462d81d9a527af9f,41239,7,146794,2,1
games/ion/arcade/gc83.zip,8b5c048fdbfc9f90123eb135884075d195e87e09dce21288e96afd1633a813fe,9624,3,16859,0,1
games/ion/arcade/glitchedmario.zip,f2fc9507d8736a679a8459be74ac3d9d01a5326a12147e948efcaf60fd9bcb24,7249,1,11832,0,1
games/ion/arcade/grandtheftavocado.zip,7ff37abf57f650d318051642f4495f63337914216ec82926c2f42f49c8e02b7a,10445,3,51958,1,1
games/ion/arcade/gunz80.zip,ab933932f4648c04df66e56e1f831d23bf09c2e28c25c252eed0d0e0ea68dc29,14481,6,21879,1,1
games/ion/arcade/havalanche.zip,fee1c9046ee99b194d65f4158e20fbacd1c90d2766773db677874114edabe76d,79887,5,103201,1,1
games/ion/arcade/helicopter2.zip,9e7391e01864f4a4bb85a36d3bac3d00b0eebb9489b796d85ae4975125f7fb08,5025,5,6671,0,4
games/ion/arcade/indestructotank.zip,4a3f2dedeffb1dd0279377445772772e363e173987f15706e577f622ad4072c1,4175,3,5889,0,1
games/ion/arcade/inv83.zip,3514e7ab800e39285bdad57033cfe0b74019ac7991a8cec0e9b6a90af930abb6,193356,58,1358821,28,1
games/ion/arcade/inv83p.zip,f029ffe929e885b8e9fa5ae83e82fa5b3995e7981b731ce9b91ac566e37aed48,193295,58,1358570,28,1
games/ion/arcade/jezzball.zip,497d7dd16f4ef20914fadc4ff070e4648673c0a0f359e3b23ce1278eb6f271a4,10722,4,27303,1,1
games/ion/arcade/jump.zip,e473059d496144aa8feecfba2c65655dc36f3e484edf106175352afa0904d6e8,5587,8,10461,3,1
games/ion/arcade/kikstart.zip,9556bbc39f2a8e4b7a559e8cde38d46067139a139bb8d2f9b7fca257ca0f0338,79333,4,105984,0,1
games/ion/arcade/killtheship.zip,65e86073cdf99dc9fa33125eb4d65886d1787f1f4646796fbe9fb422c64d9c9c,3931,5,11003,1,1
games/ion/arcade/kof2k.zip,b3d0781cd7eddd09f1fd95815942746dcd914b153bb08e2c1c378f986d1518a2,560987,41,680200,0,1
games/ion/arcade/koopattack.zip,77de79b01b269155cd52711a0db4618dfb4604bdc1064de684bff84f3164d495,3170,3,4291,0,2
games/ion/arcade/kopterlifter.zip,20f2e39dd8b9ab0ed0ce7adcb5646fe9ac1ca2f3216dc4fddbf910c1802f2757,18044,3,72771,1,1
games/ion/arcade/laser1.zip,a7945991367127623aa2a0c8fe439a6c9ddc92d5e6bdb18f9b83711b84ccde7d,6656,3,27144,1,1
games/ion/arcade/lemmingsyndrome.zip,749fd8ea2e0dab64592baef6baab77fb79b8b993fe7b83a2c6a8ff83a98a8e19,221997,11,260012,1,1
games/ion/arcade/lnrlnd.zip,990bd66d6717e9214eefd0b6867c6d72eb9237870134a2c2c30703263c7021fe,1462,2,2293,0,1
games/ion/arcade/lode.zip,0ffcdc3f8dc0d8df0ec81350eb7b0b1ef9769d4eb966de6a75aa16697c9f53b0,6986,2,14505,0,1
games/ion/arcade/lotus.zip,a9a652a3e34c10c04fe0a47bd5c3ea0045a39f533f62c3ef0b010750e30860a1,15441,5,22832,0,1
games/ion/arcade/lotuscheat.zip,1ebfb2a74a0df2d12508181fcc347e636ae80f98258120d4aa488b1e838d12d6,3026,5,4867,2,1
games/ion/arcade/mack.zip,18968abb1714a890d52c8e36fa22ead39b99924d4d1592ca6d3709b5e25d1284,9894,3,15163,0,1
games/ion/arcade/mack2.zip,3f69992b1848e6b1280b6b65ea74d319fdd24ef147190454d27681353e4ced58,11903,3,18592,0,1
games/ion/arcade/mario.zip,10abd4e2a03e0334dee131e161a06d2fe2690be7682fc7ba65bd3d0d5464a10d,6039,3,23714,1,1
games/ion/arcade/mario83p.zip,e0acbd2491fdc013652084042b233456f620e4699a114204a6f3740c7701e5fe,54665,10,153726,2,1
games/ion/arcade/marsptrl.zip,48a0f03172b3267eb2e5f4523dad96aa633fbffd36b09eab7b5682908a404bd7,14182,4,42370,1,1
games/ion/arcade/mdef.zip,9da849b3ce872ebd7f4807e8d30d61b1ba82c0a3ee5ceeff38c6f90c3f50662d,6910,4,17557,1,1
games/ion/arcade/mdrop.zip,35d965cd5f30c3a5d5973134f91bcaedae39d0e23bed39716878b9a99249d626,6243,4,14980,1,1
games/ion/arcade/megaball.zip,24e3d49095f2e977f32f042e1eae6ac154d6eb696d3a19eee7d5c946121b86ad,79887,3,110436,0,1
games/ion/arcade/meltman.zip,f8405cbd3756e2bc27d60d9d681144d5fdbc15737159000641786aa0b75f6a8c,14269,5,44770,2,1
games/ion/arcade/missilerun.zip,2c8ba1e5fcafaf9c7b9cfe466456059c5b14b9848ace6f945f74017c7098268f,13859,5,33554,0,4
games/ion/arcade/missilerun2.0.zip,1ec017f1a3c234b3433afd60752782197429d189f007c04a2e0fdf9997dd8bd8,5070,3,10741,0,3
games/ion/arcade/missionimpossible.zip,f84a97285201cd74855b57b9993730144e9b78c7ffd76396a586435f519e22e8,2676,3,9489,0,1
games/ion/arcade/missle83p.zip,0f9d3e50239be151c70a1c4831861e29b405c490750553c506bd854bb6678293,3163,3,9088,1,1
games/ion/arcade/mroops.zip,801a6a7d870f7aa7f840e9527f522b1bb961d5779e9b2b83a4edfd95c1ec2c81,10792,3,20531,0,2
games/ion/arcade/mtsbtldemo.zip,76280bc2d9799073b106dc33959c4c1db600d408d9c75b9054ec6b85f084e660,14704,3,60376,0,1
games/ion/arcade/necro.zip,d028e2be474876d873927e391f7b0375ee683c4222df1a8395b9a8fc17752fbd,4375,4,11097,1,1
games/ion/arcade/ninjafight8xp.zip,ad043a62f709d9b619b3ca1607e8916c28412626c4932420f421eb36639a99aa,8485,4,41407,1,1
games/ion/arcade/orz83p.zip,dc7019fb249a13ded8e1efedf189ed4bc9d48b8670e30b228c257372c9539d03,23083,10,73138,2,1
games/ion/arcade/orze83p.zip,7b76e459ac1d878e1faf1613df2a293e8cd5a737694cadad15b02a1a8f748687,5758,4,14742,1,1
games/ion/arcade/pacman.zip,4ef9c3f26f35abc06337a400b769c0747ab259fdf86358527b2a79f44eb8ef74,23069,7,87607,3,3
games/ion/arcade/pacman99.zip,177adbc996a0f7f9237a30f84cadcebc0d0d988a5e78f9ec1fcdf0e1a0311ec5,14104,4,52115,1,1
games/ion/arcade/paperplane.zip,b99199f757b92ac9ddc55b057ba5c97671e2ba4d6070e084aedb40df3ea137b9,77654,22,175272,8,1
games/ion/arcade/papijump.zip,b9301bbae8f9a0813fd5f200cb492ae60fb679f41dc791de2e648d65cbe26f8b,7075,11,11157,0,4
games/ion/arcade/parappa.zip,5b5c4390ee3e8b630828012afbd784ff889d1f6fc93b70d4d9d86c5104f8e985,3613,3,7032,0,1
games/ion/arcade/patspong.zip,83ae9c3a96a95295c5181139cacbade5f991182d5a53f2cb9a6b086c33ba2a67,1904,2,6717,0,1
games/ion/arcade/peditor.zip,dad3ae4d7c470664c2786b2144fa9e949eeb5c887bf7dc796bc3bcc5ad35196b,66357,4,211060,0,1
games/ion/arcade/penguins.zip,9efa13d420f61c5f6533336a9a44c73945dab0f736d0f24f2cf2b75934c759c9,12050,4,20253,0,1
games/ion/arcade/phantom.zip,ca70d21ffb0f1d6fa98b22daa808eda391a3eb0d91f776a8b97e4af7e1298423,66137,15,195941,9,1
games/ion/arcade/phoenix3ti83p.zip,a570f3c49e7c6404af82d181becbb8c477ed7ae54a0950cf53c22e98fc2ac504,48102,41,179997,25,1
games/ion/arcade/phoenix83p.zip,ecf2c5fcbb8acd858409d59331c25ae3432fa97ffa292d52803ee1899748b0bf,82272,51,286965,39,1
games/ion/arcade/phoenixz_risingti83p.zip,ec25f45f1d141dd5baa5de083d14ddc090eac022f078f1c0bd207adb44cabc8c,86525,57,294989,42,1
games/ion/arcade/pj.zip,ef30644835c6da356680da614bb81d069349d23c7101833c3ec7f6dbb8903bb9,19103,7,47617,2,1
games/ion/arcade/pj_mayhem_demo.zip,f1d6870b372d7a67422d24610aa9edcfb6b9da2ed1eace32c71358de9a80534e,6290,5,17408,2,1
games/ion/arcade/planehunt.zip,435e5298022a9315b8fa8a7d512f06b39e2aa882e3a23b797e1c30ca5458cd9e,9014,4,23789,1,1
games/ion/arcade/pong.zip,ff04a17b5132e16f0e44cf8fa1c4a14ca481fa34d8e889652ac8439787b913d7,5450,5,12085,1,1
games/ion/arcade/pong2.zip,33b92de1e28c4259b029a31dc9db562d1e345b05a975656e29c66130358e5684,4854,5,17042,1,2
games/ion/arcade/pong3.zip,34a33c958cab4c3bd40e38477a6a6924584360bf1b385890a65e16ed0e217dfa,4423,4,11181,1,1
games/ion/arcade/pong_jeepee.zip,fefd63b2b8c4485244623deb18fd7b9eea91e396a39e3ad5fd745122c48d96a9,15947,4,27324,1,1
games/ion/arcade/pongblasta.zip,0c992d5ab041bfffb1833b8f6cfc2e9e04e00891f3c932aad179c116b5317672,28254,4,37603,0,1
games/ion/arcade/pongon.zip,c6975cbbb80575404cb6923141a1627636e444a0acd3704cf7f7e49fda8b4d46,1477,2,2124,0,1
games/ion/arcade/prgmbad4.zip,1c171c893ac039257a72b8d84e43b8f27c43418148bbd054947b3cc395f3288e,38498,7,144675,4,1
games/ion/arcade/punchout.zip,7bc5fc7201b32636ee37b9033c3ef08c24ed9c4792fe94d2a3599c20f287ba39,9679,2,16380,0,1
games/ion/arcade/qball.zip,829e65eef4786df2af0a0ab3fe47822441259adb535f997575115bb73cd3af54,38865,5,58417,1,1
games/ion/arcade/quadropong.zip,c56e1fcad2d1aa82ef611c58c84f219d5856e215ee10b7c4c727b785f68780a9,27956,5,46342,1,1
games/ion/arcade/raceplus.zip,2c6f8bdb308282ff823aa9b26b81b8f68e5d35a5055830542f942840e8a48e81,1302,1,1949,0,1
games/ion/arcade/rage.zip,e54364e264dbb61df8a2fb00b7114e66191dde50906c656356fe9dce20293a43,42650,12,53601,0,2
games/ion/arcade/raida.zip,f573f0f331c87f8e4d957c0088ac41ab0e459014d41d5eb429b84da0f819ab66,12603,3,61572,1,1
games/ion/arcade/rainbowdash.zip,c8366968148d7059fe75a63a7126a35a349e5f4dc9f0f8a0c0264931bfa10273,8898,3,15142,0,2
games/ion/arcade/repton.zip,a5b90e8451f74ca01cf268dd978a059050e669d421e2d94d5b8b206d97724a0a,758676,46,1910522,6,2
games/ion/arcade/rsnake.zip,482cc764a6c321f58353ba7d9221ae7abda75655fad4c32d443f6248abdf13b4,8232,6,10377,0,1
games/ion/arcade/rth.zip,bfc3acbe53ea678d8b57b4eaedd48b469b5226a88e041691c7913a65a2307bc7,5850,4,11403,1,1
games/ion/arcade/rtype.zip,08eb8c04b03c381ba5da5e85ffef279a25a8ff3384a77762613dca37696df209,4349,4,10743,1,1
games/ion/arcade/scbs.zip,be862e5d4baacad64115e9ead1dd1c67931d05ba892a5c79f0bc7f6332ba35a9,628,1,770,0,1
games/ion/arcade/simul2.zip,c64b9fceb52a548b892c0b85bcb54ed5145f48d6f2146cc6a010d1fc033f26b4,16329,28,22301,0,5
games/ion/arcade/snake.zip,7cf7d00acc68959d4c3626ca24b30d2b3e5c8ce9b83c2dd6c2e0f30ad8cba695,8902,4,15554,0,1
games/ion/arcade/snake1.zip,482a035685492b43bc77bc3fcf0540c8980432f6155fd679303034a53120fac5,4375,4,6921,0,1
games/ion/arcade/snake2.zip,2f6d82f7c174a4a51a93bcc088ab80c2897cba569a8d660967ab31d4ef17a6f5,11582,9,162162,0,1
games/ion/arcade/snake2v08.zip,1c1b9e5233c10840a75645f2f13ee67390874f89448f547754e8cbb1257fb7d2,1861,2,2437,0,1
games/ion/arcade/snakefly.zip,b74eab20e8e4cddc8b563c7065780bb118d404878b0695d78802bb3eae2e8b38,7700,4,18906,1,1
games/ion/arcade/snakekil.zip,095128903ba48b3315c5a591dd254b41f6b61161310986c6c71b8d5daa6574d0,3833,3,6219,0,1
games/ion/arcade/sniper.zip,2009100707bcd371b85533949d0f8aef0f95fcefc793f7da5d586d7b3f8f6710,32848,11,31742,4,1
games/ion/arcade/spaceattack.zip,61efe85d092a3b2df1466e0c787814cbd985218671650833494e13b571675461,66431,13,270544,1,1
games/ion/arcade/spaceflight.zip,76b651f92317d5f25cff3a8a016fd181831d786f229f256848e13fb869f0f084,2462,2,5056,0,1
games/ion/arcade/spacerace.zip,16f21fce09f66dd50bdbad55aff7f2aa9e3f81ca6670c6cab45ee8c00244e254,7123,4,11896,0,1
games/ion/arcade/spacewar.zip,5bef3d550b1be31b7cdb3f40841756e5dd523be1d4e71e71c9130a94283bcd09,6464,4,16280,1,1
games/ion/arcade/spacewarriors.zip,592894e719cdcadb1ca08b22141fcb730f65b6b07cd2fdc74058470c647ed652,6707,3,11771,0,1
games/ion/arcade/spaze.zip,d1182655418fe5b3f04012ac95448a736947fe904b2e3327a59111cf14b9f3b6,71596,4,86321,0,1
games/ion/arcade/spong.zip,61998c32c40abef8b7dda88d41cdee0312433019f93538a2801d5e2088b066bc,1940,3,4333,1,1
games/ion/arcade/sprpng.zip,b495e232f9574a8b3010ec2de90a5a351742ca086b7dd6f63fe0ae35b648fc79,3520,3,6020,0,1
games/ion/arcade/sqrxz.zip,f207940452671c0bf5af96646e629ee47dafccf92cbbd8b719670fefc1e63580,107693,13,122588,0,1
games/ion/arcade/srunner.zip,a17b89a7e9cb31c4d795f3556465893d0ce2cf678d3038c4576118a78149744f,55820,9,260365,2,1
games/ion/arcade/ssp.zip,6c3c37b6ada2aafd72a7f51998a71d8b7c88ad5ae0af76076d89a657368646e5,217139,14,301242,0,1
games/ion/arcade/stardust.zip,f85fac0649b1ed0518c0a783d95a46192c882629987f0193e0cc414e9656668d,6293,7,8341,0,1
games/ion/arcade/strshp.zip,249ba2cdb110ba81709d75358b4e2d33ceca3083ce060f9d63da429b357b4383,2019,2,3136,0,1
games/ion/arcade/subhunt.zip,a4b59823af694207bcb793656557fe9fe998fc1fb5448fb618b1ede9407a51f7,28030,4,119775,1,1
games/ion/arcade/superkid.zip,4be97d6f42e772e2bf6158107b50b397f49d1daba50c2c2dd5fc2e8712cce161,11689,4,36969,1,1
games/ion/arcade/superkid2.zip,ecdfc99a4cdb594b023d713d9efc613f6dae05eb9ff9c1f4717352028d195f1b,16783,4,62219,1,1
games/ion/arcade/ta.zip,7b320a71888caf1a411e1392ce4d78c064f716fbc91db77a73f94717626f9c5f,14697,3,23925,0,1
games/ion/arcade/target.zip,25dfe368cb1ce041b907fbe689e5a206ab16e14b8a853b45b5a72e1e4bdf166a,4495,3,6263,0,1
games/ion/arcade/tempest.zip,335e32cc00d9b5617c69c23f7316bfab4bde363ecf0c2c64e6528b67a2de8a19,3638,2,6111,0,1
games/ion/arcade/thepoopsmith.zip,78a47112a9af4c242e033d2e45068ac658047d6d23761816cec0acb4cbaf3930,34821,6,49504,1,1
games/ion/arcade/thisistheonlylevel.zip,bd808100fa3738290a087fdc9c273a74ef6f07537d77a508b10042e71e45be85,44664,13,98787,0,3
games/ion/arcade/tie.zip,0816720fc14282a1088ef19188959e98dd44fed8e90d437ee4213f0d913f0bd2,7842,4,19876,1,1
games/ion/arcade/tinyavln.zip,43b9b9b74cb1956819a6edf730da8191959d7cda841b0f03580d22acc4bb7d43,2714,4,4427,1,1
games/ion/arcade/tower83p.zip,7a0b723968488951a511e6a177a1384f248016422d43023aa236df99659cc889,126728,24,301212,14,1
games/ion/arcade/towerc.zip,9a06354bde6c627c2359ae24cca2da0b0c1fc3d1c1130424bc9598b6a18f69f3,1736,2,3587,0,1
games/ion/arcade/tunnel.zip,e33957151d4278398cbf5bcb6e4e8049232f5fe8cbedb4cce39d08da898197ae,3202,4,5291,1,1
games/ion/arcade/tunnel_ultra.zip,b2bb9214d12f396f238d12f2eb3476851ffcf3fb9a348a6d2d8bef47f1f89d22,14792,8,30741,1,1
games/ion/arcade/ufoattack.zip,2a771b9b9060799a3fd76ac8d87d5718e521f3089343131ebf4cc180e8d59780,17652,5,28154,1,2
games/ion/arcade/unclewrm.zip,a1f4046641f5fb27e3e29bcb2cff656a25fff94de6445c1dddf29c6bb73741b9,12506,4,33864,1,1
games/ion/arcade/vinegar_chip8_schip.zip,320dfac9691668cae823015ad16ca6b034d3f5ff56cd7f4301abd1d936ab6345,248285,230,499959,15,1
games/ion/arcade/wak83a.zip,4bef9df1f6bc01a4e3ade2ac7f92c296c4d9129898fd73f54c3befc5ecd3609c,20550,7,55264,2,1
games/ion/arcade/wakabailey.zip,d7904e3e7749c26d7c706c38f6b2e084ace0c8aaca6d63711a7192006ec1fedb,1952,2,2963,0,1
games/ion/arcade/walls.zip,993ae89fcfaea0c25e348227b3c89ee93d6f74d2c5b1a77b7c5a7671f2c29711,3569,4,6107,1,1
games/ion/arcade/whack.zip,50726d870e00ecf2cdc23526d97dc3c9da84909324efb390f734205261fa4901,6733,6,40292,1,1
games/ion/arcade/wpong.zip,d3af25b77f29ff68a83d0ae020c9fd0a0a441a4162902feba2bd6e5b0b5b9c4f,1266,2,1539,0,1
games/ion/arcade/xball.zip,8063b88a7ea25ebeb8602c486caf8017b78f2cb900dfeeffa6343e98e80e6991,7844,7,10274,0,1
games/ion/arcade/xtreme.zip,58421561ee01855b18eb000d82235bd6b9a1fc1185398acf728b7e48500e8498,1610,3,1557,0,1
games/ion/arcade/zkart.zip,7254e1c054f60d31099eefd9d8607aa60e573b12e630f0e76b6a3208eb2790b6,4949,4,12461,1,1
games/ion/arcade/zkart3d.zip,d390c1b3c85957b0b51eeaa4584a34f505b21f0f656e6b1cf60d4d19a99cc0e4,5860,4,16829,1,1
games/ion/arcade/zmercuryti83p.zip,cdda397da7b4daf6132830b78b352135bd99b37271f8c4c25a6c47850df7a81d,53822,96,177594,56,1
games/ion/arcade/zombie.zip,2d143d26bddb8d4e6bb5a63c9e7bd60a7f4dd948a5fc8ae9e534d470eb676861,7470,4,14116,0,1
games/ion/arpgcs/arpgdm.zip,e16d94b5be8f73ccb74663d37445ce7e10970a875ee77f2b12dfb1dc6ae99d1d,27983,6,61719,0,1
games/ion/arpgcs/belloknight1.zip,ed39c5410e52eb48d23e78ed389794bbe9d9a194aef3384f18694be1ea4c0f08,64268,4,705979,0,1
games/ion/arpgcs/blackaura.zip,508e1dc6f69bf014b5b762978e199a9230dfc65c1bfd53350657273e373d9123,4779,2,7534,0,1
games/ion/arpgcs/bparpg.zip,93862c84dac8e223be94ea855d4b0142b96f4b38347b282174e329363e82c010,11454,1,19268,0,1
games/ion/arpgcs/bryansdemo.zip,068d073736215e6d8de0b7290d18c4a8ca8cec2d5ddaa5cbba380a7c0384e7a7,9887,3,14819,0,1
games/ion/arpgcs/cq.zip,dba3d82fde9dde4f1243e309acace2fb4932863ff914b97a29844dd2e02c4020,10313,3,17145,0,1
games/ion/arpgcs/darksun.zip,8beb0f92cb38c02b2e71a6aeed58b1e61a774e12e0b540458778cb6d1bb9e5fa,14824,3,22365,0,1
games/ion/arpgcs/demo1p.zip,b1bf82d42ff660870127cf8fab9d00975eb5990497371a6e715350da2565d4f8,7021,1,11180,0,1
games/ion/arpgcs/desertq.zip,df59840bada2f2d0eba12433cdb747cc22bd7cde352aa459f3305f07a32300c1,10255,3,19717,0,1
games/ion/arpgcs/diablo.zip,254e1db30402693eafcc66dee13942139af619485c69c963b8fd482e45188518,19825,7,98785,0,1
games/ion/arpgcs/diablo2.zip,b30a9289f09086871d5033ad1c80b9ecf9769cfb15c43048779392df35a5c687,11499,2,19117,0,1
games/ion/arpgcs/earthanea.zip,23003f0be2a92f95547cf82703fe025147cdfd2962b750a0f70b18d7a38d122d,5140,2,7908,0,1
games/ion/arpgcs/eternity.zip,2ef873739bd1eed70e4df028076229b81e8e6548a1add026b4370921921446dd,8050,2,13946,0,1
games/ion/arpgcs/ff1.zip,91d58b902c2029b84247b9e13ca36077d757eab001c676c7bd755cabf28f672d,13879,3,21950,0,1
games/ion/arpgcs/ftball.zip,3ab31ae8cdbd9d7ee589c8f11eae3865650a9d2bc9553cf9ecb1d4f8b9ea764e,12465,3,22229,0,2
games/ion/arpgcs/gaakt83.zip,3ab8b951ddb8c3f6e12f5f0f323f7d7adf1c80c9d54b3cf7ecf57293ae63cb2f,16585,3,27630,0,1
games/ion/arpgcs/grail.zip,407b60f9c301d763b3bee92098ff7f5f54c17b99ce2deae9f990dc3a3aafa4d9,6512,2,13037,0,1
games/ion/arpgcs/hpdemo10.zip,6ac918c91945a02b6fb7c0e6adb89370853b1ce2ddabf02c5afcf81df1bdd2bc,5575,2,8220,0,1
games/ion/arpgcs/ironhrt.zip,b0f445d0ac82d9ba2bb9484f2418c2acfc66d9dece7e442b5a93ad3685ac7c37,36003,5,61655,0,1
games/ion/arpgcs/jail.zip,a2bcb5f20005b4712f30c74aa2aba071e9cff271a0f02dc0cb5ea7e19805b52d,10850,3,17208,0,1
games/ion/arpgcs/jrandf.zip,8081a7df206ac9b4903db79e3b8f3b30de35553fa459c186cdfeb8b2a681fca2,9506,3,14628,0,1
games/ion/arpgcs/kareefa.zip,f553aa2700c5e537941d51688b2a7277d1b808f54c1e3e33f6a0164a6e218fd6,9109,3,13960,0,1
games/ion/arpgcs/knightq.zip,c0fdfe504c40ab2f4b285beac31e9ec696460a5bf444daf8d687fe12158dd77f,13668,3,20494,0,1
games/ion/arpgcs/knightsoftime.zip,c3ae5a65991561aae97693888f1725a4028ab406ebba41c1ebfede11cfdca51a,13025,2,38240,0,1
games/ion/arpgcs/kora.zip,a5f911ef9ab00d7eb6a178367a583810397911b50104279536d4c4653fa09c50,16104,3,41608,0,1
games/ion/arpgcs/korapart3.zip,cf9764fd9182383e5d14bf64f9d6882c2734f5dc918a947e513309b5c909a6c5,22112,2,39456,0,1
games/ion/arpgcs/kot2.zip,5aee228a0a521b090d0ffdb24c8d0ceb972478f234f234919e57a734a18067e6,11378,3,19481,0,1
games/ion/arpgcs/legendofid.zip,cabb0d01f469837a977308d74256eb587cbeb231d6150d043aef424571dbcf9a,9855,1,18729,0,1
games/ion/arpgcs/loksoulr.zip,5d8f376c530833233d3d5ccc9bd15c0ee6b3c2e3aa58f313a5e17ed9a665527d,151842,7,182702,0,1
games/ion/arpgcs/lotr1.zip,e0eea5fdaa06521d969c4df07fe4d049ae2a9287c4acdc3c02355dd20e47373f,7991,2,11829,0,1
games/ion/arpgcs/lozd.zip,d2c126a8b482cb147ed3216c6d4b7bc1d8c9dff0a9a18b55a41d1e3ed27c5714,10409,3,16070,0,1
games/ion/arpgcs/magicquest.zip,a53a425bc77fb0db0bc75cc5bcaa7aba04eab93565e97e34947c77f1728f6412,6857,2,11384,0,1
games/ion/arpgcs/maze83.zip,5153f17854c537264d78a38e2a1634832947e61852a37341a7350923fa2f8104,6352,2,11533,0,1
games/ion/arpgcs/mechwar.zip,b54387ef0886dccdd107623295b2e324cec52230a7d5f2a3496b4c78944ce8e7,4627,2,6779,0,1
games/ion/arpgcs/metalgear.zip,51be6804f4ef320058964790de6b104b9f9d94f996f2ff291ad6d40cf20b3a92,10754,3,58917,0,1
games/ion/arpgcs/mgs.zip,dd998e5dbdc5ca95969fb78fc52390b4ac7969877f73d8bc9cb68b98de24b9b9,9386,2,16114,0,1
games/ion/arpgcs/ninja.zip,a80beb52dc7944e800379ffdd36e3fe0ac1785fbd848c2c185e2fa779af8bff7,11785,3,18317,0,1
games/ion/arpgcs/quest1.zip,812ae5822569fcc0344a5f6a9384849c6a1f78974b899336e2f03c1c5c2160e8,7795,2,14094,0,1
games/ion/arpgcs/rckyqst.zip,b0b7d1410d04774eead9dcc525c5e5ef6eac964c69469c3161d53b5a263447f4,9562,3,15067,0,1
games/ion/arpgcs/re.zip,005a7404f633996ec0116ab31e9d52472afa9e76c2cecd3ecf36c7f5d5eea766,7488,2,12047,0,1
games/ion/arpgcs/re2.zip,44bbe7cdaafe5aec665eee460f5f8bed5dca9ac6c2ae8bf1cccc7f0ccfaa9ddb,8096,2,13345,0,1
games/ion/arpgcs/re5.zip,5b85f9db0d1f8a5544b245e02af964f1876140257b9a5748856115589f30a7ac,27829,5,129707,0,1
games/ion/arpgcs/rockyqst.zip,06fbda8b1552c648c494289060c5b3bf7e86316ea5edcb9535d697b4aa62ae98,11409,3,17834,0,1
games/ion/arpgcs/saviorknight.zip,212f16aafc53b9c4a0a64d387aeba3801be2a0041eb713da36983ffbfabf278f,13095,4,23119,0,1
games/ion/arpgcs/sbuster.zip,e567b1fcbb849cee3c623d3add0e26795db0fa0e45bca8b09be73abce4984a13,48343,25,75558,0,1
games/ion/arpgcs/shadow.zip,2d98dd77ab2fb75d2a31c83343438f0e90b9ee976619467d4e1cedb48dcde2f7,8062,2,13887,0,1
games/ion/arpgcs/splintercell.zip,f008f25dff7ce9b3b2d257b332157098156d2e39757460492467533fa8b65c32,12300,3,20043,0,1
games/ion/arpgcs/splintercellv2.zip,360b7d80bf8ad0857d9bd9f8079d10706942d66db1fb4015aff1b62697592cbd,12426,3,20298,0,1
games/ion/arpgcs/sscream.zip,2c7d8a0e8c9962a3e7a8f663c4e244e527607fe1cd941475a983048de38e9b17,14946,3,42028,0,1
games/ion/arpgcs/star1.zip,06ffb15864b3b013d3766ee50f6aed528ec98bafa479019263223563fa0da539,13887,3,20837,0,1
games/ion/arpgcs/starquest.zip,e456d4d248e76df7fb44677d9f68d2e63b276fcd9c7393d9e66d3841faea1c93,22640,3,46042,0,1
games/ion/arpgcs/stickboy.zip,78f3ff2c0b5d704bee12c94a92657452bd688b8fa2f4a4aad2ad0f87b67f0492,5881,3,9075,0,1
games/ion/arpgcs/theaxe2.zip,9db83c5fd0eb454b4246d3a44ac531681821cb08d54bc21aa706f582ff69d29c,13781,5,18606,0,1
games/ion/arpgcs/thenile.zip,4513621019136c90e79a368ebc16a7d5f0774630bc82c5bbd96c323984426158,8039,2,11853,0,1
games/ion/arpgcs/thief4.zip,395066c1d22f30fb318ffeab627986c20482dac7d5b4684b27ab84d145160228,8749,2,16955,0,1
games/ion/arpgcs/tquest.zip,3c4242edbda4350c33ed36708898cbc8ba8711b0b6f0a73a886d7c951f8ecb3d,8588,2,14222,0,1
games/ion/arpgcs/turok.zip,08effd9b5aaaff5aa0997e246ad13570d9ffc3a50952e81bdda6d549270c5f17,4921,2,7320,0,1
games/ion/arpgcs/xeno.zip,d1dd1d77c3fbbe4b30b6702e76b99ed1a5226506a1593ad397f2d71d6b2e657b,9856,3,14999,0,1
games/ion/arpgcs/zeldachris.zip,c8c0337eac81b87a1d524a75bef65b3eac3f3f0dff8cbd000c94bae55f97d1ea,11418,2,19322,0,1
games/ion/arpgcs/zeldai.zip,2b231e4701765dcfee3d580fdc5dca0a6e95fb2bf1b1876444839ed7b73c6f44,23320,3,42455,0,1
games/ion/arpgcs/zeldarth.zip,c31698ac84ccd7b65f3fbce3a882d49377f1b5bffef88287c390a9aee43460ce,14636,3,786772,0,1
games/ion/board/83ttt.zip,341c0af0a153af504d1e1ecb257e86aa4b071032f9a24140dff1e035675f9783,7773,3,33743,1,1
games/ion/board/asmttt.zip,720e4030a754b901c39f3e7785864cdea7354584ea52c5cc8a47d53ec6717cd1,5080,3,12331,1,2
games/ion/board/checkers.zip,c62654963e0a66eb6b2cb3b35ddf5f606eb2654e261cbcdf6cad5fe95d4e8d38,12245,6,28865,3,1
games/ion/board/cmast83.zip,89f197e7c73b8e888e55fecef491d125b8b83a29750a2333b1297aff3b1c4849,25569,12,91292,7,1
games/ion/board/connect4benryves.zip,ad3e59e583dee4371aebb3f26f6058afbfcba5e385dec9ce9252dc46c329521c,29314,12,101804,8,1
games/ion/board/knight.zip,bd247c310e27e18a72a7a439e9d626220fd241af1c721f09954dbbdbc879bf4c,7283,4,18389,1,1
games/ion/board/lite3.zip,3df9aa3dd7b40f0218229be7b498a01356e64d5f7b2f841f1ca82fb161754c25,3113,3,4160,0,1
games/ion/board/reversi.zip,ef346d91abca3074a07b76de9cf4cb06ec135a6f50558e1eb25f2ddedca6a667,23228,9,45481,1,2
games/ion/board/shanghai.zip,d7ce502cb117df618278f521ede74b095ffb8dce55cdbe0c30b88cfbdabce6ed,100691,7,112307,0,1
games/ion/board/solytare.zip,69748c861b9dd262a4420defbf320f341045eaccf703e10aac8d8c6acb0bced1,17106,4,58062,1,1
games/ion/board/tictacs.zip,1a22055bd3ac2d165177477abbf29c2445454543ea5a2f79c6061700c58416ab,1435,2,2142,0,1
games/ion/board/tictcto.zip,cb02581a91b80ee61125ccf0af335b8b3664483ce715dd87a5be6ace84c5af5e,2504,2,5533,0,1
games/ion/board/whatll.zip,77674e4863be6acf1698ca647b18a383b59c3c01160fbd52b5cebcd3d10727a2,16839,19,102170,1,1
games/ion/casino/bjack.zip,ca8bf2c3d04e0ebe9a5bf415a2b671ca541c0833591fa6569dfc3404ddd602b2,9720,4,28583,1,1
games/ion/casino/blakjak.zip,557c50c9b8d276da2827296f8c5737b9a9c558631519837a1da652161ac5164a,4683,3,30745,1,2
games/ion/casino/zcasino83p.zip,15b67b608692e635607de113ff9b4d0a7593e1ca9c64c7091802fcfd69023ef2,27235,11,82767,8,1
games/ion/casino/zslots83p.zip,e7d3a715ab5d78c2de28de3f10bf55fd708b31eb9eb32e3c6a9b71e881fb9242,8533,3,12848,0,1
games/ion/chance/rsp.zip,98f57a72234112d6de9294849c29d88f6a7a605d46b85dc4a0a04be3331bd2ed,6096,4,17262,1,1
games/ion/educational/ephalon.zip,5aa59ec02142db53b0ab37e2f292f890e45e05538239d7ba5c40a6bd06052a38,38139,8,114351,2,1
games/ion/fps/gemini.zip,f093e979a77a364cae95b839133ce785f60dbc118130948c7aa4b2aad5230b51,102248,31,274857,15,2
games/ion/fps/zdoom.zip,17d98badc7b2f8d8c6e359cd86511abc6ae3adaad6e621c885d61addfa2632a1,72899,33,267106,13,1
games/ion/helicopter.zip,700409dde2c01da2f8f565ae90bfac2e6dabe6e41456d2f957822897d88b72c5,6498,7,7278,0,4
games/ion/puzzle/antrun83plus.zip,29ede0f207fdeeaa222730f2609fa5b1ee013ac414d5e365af7c341e26ef2770,21775,4,40322,1,1
games/ion/puzzle/attack.zip,2a723e58125fdfb06264e117a360d1764d6bec312177340ed4af65bb3da34ac0,10233,3,14630,0,1
games/ion/puzzle/awsame.zip,bffff68aa433ec74bddbc758d1b51e9e603bf900b26f443ff94c559687742685,14834,8,37155,2,1
games/ion/puzzle/bam.zip,ae7779fa3bd4b16bf914eb33567e0f5ae82dccffbfa6b3514085afc08c468587,38402,13,114635,9,1
games/ion/puzzle/barrels83.zip,73c1e80d1d9fa7f1640ce1e1428e4f1fb0ebaf9827d3b60abdbcb696529ef339,39728,4,51169,0,1
games/ion/puzzle/bd.zip,778475e6f8babeebd078a0b1c36400a76f5e240e2967fe870b54e7c6a63aeda3,6947,3,9426,0,1
games/ion/puzzle/bdi.zip,6125f0d4f24a050f8ae4321e70d61c35763874995f1fff0eb2bf3b018e626a18,26283,7,73225,4,1
games/ion/puzzle/bejewelled.zip,fed7e6b0e48d5d67dc7ca14e6a0300b4723315778da8901cd1f8c7ff7adbbc08,30035,6,53641,3,1
games/ion/puzzle/bens3dmaze.zip,5121b820a7d8ed15ca8275b4acb69be452783059461d7aedabcf1ffadcb47665,7001,7,17065,4,1
games/ion/puzzle/benumbered.zip,4237b92baef6b3f14d8cc72d4b43c2ab9e9864e40b4d1cb2c66fab12ca63482f,9466,3,28791,0,1
games/ion/puzzle/benumberedv2.0.zip,6e8dfd3e9801e8d75e67e7e44d2edbea6b4981f52161d9553d0d74e2740e5647,1056863,7,1121292,0,5
games/ion/puzzle/binl83.zip,2e913668e9b28406a394f020a9bb910baf6db27737e3f88217bfcbfa218669fd,7906,4,30057,1,1
games/ion/puzzle/blink.zip,44bac0f7a45a369d31d33e2ada78f88d434ffa98c10b333fd5638d951f2e2f87,5374,4,8465,0,1
games/ion/puzzle/blkbst.zip,1a7d25834d806d988253144909b5fdce350ad6fc17e49eb65a54ed55a749a848,7899,4,18018,1,1
games/ion/puzzle/botattck.zip,f617fdefcee8773258ff38acdd2c892d8bd8547c4d933d214479cffdb967c276,60181,5,74646,1,1
games/ion/puzzle/bots2.zip,7161b1b03ad2dc7fcfb05808065f5d6a1e2fda731c0999321d787116285c7524,3513,3,7589,1,1
games/ion/puzzle/boxworld.zip,b73e37dc766afc788e83940b8ea7709e5d6ecd8602c51799d76cba981cc73047,3256,5,4108,0,1
games/ion/puzzle/cols83p.zip,118b12a7954f1d750b61ca91b8c76ef419ee304b6f6d76cc8e5dd05352563cd3,27572,6,79815,2,1
games/ion/puzzle/crates3d.zip,6d9c03ac8468bd0ad997107b68d1531b09141e23c9a7b458124bbc1e0664db26,316368,12,591859,3,1
games/ion/puzzle/dots.zip,33625d711f5f5564362797cbadafe85d9591299aa02e7b3b372b93d2a3f5b657,7115,3,24534,1,1
games/ion/puzzle/drmario.zip,a193181fd2ce26953b8897b35d9a78b214eba4c87b793bcd11ae471e1b5d0c0f,21622,4,72361,1,1
games/ion/puzzle/dstar.zip,a27d7ade201e8891e3de517ba1c1b30198c1a7010a58581ebab1a5220d89af11,6256,4,16433,1,1
games/ion/puzzle/egypt.zip,722843598d0a67ab5712d1ca2537b1496b416c3e8bc606b426a6437bbf19597b,134385,10,144767,0,2
games/ion/puzzle/element.zip,ab7883d6735a9299fa28a83d3ae7c57aa5c1c8f7a931017c74edff20cdcffa66,7440,4,34628,1,1
games/ion/puzzle/elements.zip,b80956c46d57fea98fe2fe352769ce5f1d4baa4835f0d5e84d093b3feb56bb9e,19278,4,99528,1,1
games/ion/puzzle/fwtrivia.zip,04fcf1f2dcea8227a0fa32c24e851719af44de563972c41f255cf74743bac8c2,224573,18,421230,7,1
games/ion/puzzle/graviter_beta0.zip,e714c2576d1e5ab2224c65a76d0171a880c870e3949cb2720320f21e87b51bfe,17890,23,31538,0,1
games/ion/puzzle/grayscaleminesweeper.zip,9ba819202724bdebfe1cb2b6ae90c0e1b0bf33b1e3362fa2db945ef3f72026e3,183502,3,226425,0,1
games/ion/puzzle/gsslippy.zip,6eb94db3495954a847af2ed4c82b19466f8a25986ec76f8c0be733f9fc81570a,237889,64,824766,19,1
games/ion/puzzle/hangman.zip,f5a69ef5aa92c87acc397c83a67fc3a48b7904f0e4305bc9c35a476834c43704,60204,22,216352,18,1
games/ion/puzzle/iceclmb.zip,2567c145885ae541f0c068bab7ad74c7952f100cb23dcebd288e49543a19cd4b,41578,7,45240,0,1
games/ion/puzzle/insane.zip,f23b21dde3b7d2442533ba135d3af46e45a3dd3d4c4eb631afff8ea81f5be8bf,14547,5,38378,2,1
games/ion/puzzle/ip.zip,e6604a343f2b283dc805806dcbbf7e86dbba12462aa503e012f0595375497d05,1954,3,3254,0,1
games/ion/puzzle/itde.zip,49008316874ec253c24d21d6075427d42d8bb5685821dbfd93c67ba15033d529,33275,5,109901,2,2
games/ion/puzzle/jigsaw83.zip,5ffa77390c4a21fea070c1a1be21da5dc06c3317b8833a7cc4902dad828462f9,19343,13,60476,4,1
games/ion/puzzle/labyrnth.zip,cba25ea621a7f8345167f7257e3a086053bdb2274cad4a0295735e73d6b993e1,12620,4,45090,1,1
games/ion/puzzle/landmine.zip,9a369750327f16888b73bb715b8852aca0e14237b91a9747c94acadb0c75b6d2,5650,4,12466,1,1
games/ion/puzzle/laser.zip,01382452829803931f6f8b2d20694074af8342b3f96797b9a933428a08d9d325,42247,10,201517,2,1
games/ion/puzzle/lemm83p.zip,3b7a1a39b69aacccc9d5c6be2c0ace6a2edc3048b01556629909e8bb13a59b39,9249,3,20955,0,1
games/ion/puzzle/lids.zip,482081c3f0f45bdd9ea2fbf4de8462fdac3fbd49221db6200e69fb12b803ac05,4815,4,6712,0,1
games/ion/puzzle/lights.zip,9a72adeaca43cd7ad2e069ecc57f02d3cf121bb55c8db3cb1e9cc4cc41154534,5101,4,11678,1,1
games/ion/puzzle/lightso.zip,12b9d207433936f768e82c6d82e8ef47caa3cc2e4e197706d40ec904bfe20bbe,6031,4,7902,0,1
games/ion/puzzle/lightsoff.zip,8436efc2fa7553152c10a1c2f961800452adad283f1a8680cf1fbe35a06b7ee3,2755,2,4464,0,1
games/ion/puzzle/masro_tetris1.1.zip,f5f12cf750727821890578ee224c2af019198aad1d66e13de22da81a97038570,491088,17,1082585,0,1
games/ion/puzzle/matrix.zip,daec11a862cf3358864fcea031a78e6516186b75855dd10ef170c19ddf0dfa67,3044,13,2625,0,2
games/ion/puzzle/maze.zip,be3c2ae89b753cda071203a2dbabab752d959ffc2b327609f579d236998130fb,6470,4,15303,1,1
games/ion/puzzle/maze3d.zip,7389e997f93fd0ba0005a48ba0b34d9694bfbd9b6a5d9b28167e33dd93264333,79144,56,260849,12,2
games/ion/puzzle/maze_game.zip,53979b25ea2d3f2e8b4f77567067fb80bfcca57947c79e4b0f4298e54b174d13,2019,2,3499,0,1
games/ion/puzzle/mblox.zip,451429ec284ea248328baba7f86cd5e85d5abfaa2e8bbfe9da3bee3b40dfaa7e,7771,4,26817,1,1
games/ion/puzzle/mfqtcc8.zip,fa6b6d43b88868a229f139f7a17538073363816059c444d107ef7fde41da5c49,14592,17,26492,0,1
games/ion/puzzle/mhex.zip,3cb9131f83762af86f6ee61638b03da5616000a7e3734386e05f420ae549be6d,6022,4,16291,1,1
games/ion/puzzle/million.zip,bb644ded1b5c8b95fd8689b9fc8687a421ac860029ff54641ace6f576d71a2d0,3029,2,5357,0,1
games/ion/puzzle/minesweeper.zip,cfdbe57014279802512fcf823e0410e31318e9646bcc57aaf8fee86523b9ef25,5425,3,9301,0,1
games/ion/puzzle/mineswep.zip,587ea8ed38a1b5336826a0c752c547630df3d8c602062696c25e1d33bd8f1df5,14743,4,74092,1,1
games/ion/puzzle/ntetris.zip,d1ee03d82546d9466e858931992f9dd8545d23efa321bf080a73ef1d60286aa1,23313,12,74777,8,1
games/ion/puzzle/orbix.zip,d6ba052b10c427984f3552d279e6478804116fb43a7c3d62cc5d5c937e39b5d0,8819,4,25250,1,1
games/ion/puzzle/panic.zip,77879b593ac0a3e715a333845485831a7fa31f033997fbaa85e741fdeef97c65,21538,12,767519,2,1
games/ion/puzzle/pearls.zip,ca88b4deb5a469c9fa00c07b1cfdd7ae685e248b5fb045fdd5df27bfe10a63c8,16531,7,52291,4,2
games/ion/puzzle/pegopolis.zip,702dd9d75c6e307333e76857c33a3fb8702f37003c3d9063b38fa03d96580a9a,10895,8,13683,0,1
games/ion/puzzle/picross.zip,f889bd54fa6f06c22548c7e4891e9f093ee9412342a151949c3f76e54fe707b7,15660,5,51708,2,1
games/ion/puzzle/puyo83p.zip,7d1879dd29493884e62a6b98a48868be815925dc2a6f25c79c448035009dfbe9,9872,3,38230,1,1
games/ion/puzzle/puzzling.zip,34e66ba72ff3ef9b88ff2560d63297ded8cc44f1d5340efc7a249c3bb7cf59b1,10489,8,31013,2,1
games/ion/puzzle/puzzn83p.zip,cdcb4842f460f1b342330a121f96fcb6fb568e7f4b00493879143313ce46f26d,9719,3,15851,0,1
games/ion/puzzle/raycast.zip,13571ddcda9dac75d133546f8d3e8966c5c52b504fbaa6404f18b8299c71745b,9409,5,28076,2,1
games/ion/puzzle/raycast_2.zip,f66e431ac745c223989c7b4a2a594750533401658914cc0a930e0a2d00c1c264,23776,12,76813,7,1
games/ion/puzzle/reflexion.zip,68fa2a5e856d6cf0011c64ff47d444882349dae73548169f91a4ee36413fdca0,6051,4,8779,0,1
games/ion/puzzle/rogue.zip,ae4f6129f104c447bfc9ab43bd5e7feb0f757d68176645e2516bdbbd74e2cd50,6607,3,15340,1,1
games/ion/puzzle/rubik.zip,5aa39d3d2dd54b9a0d43ace0027507e914ca70aa0fcc6db81a8a8754e507619f,17265,6,56038,2,2
games/ion/puzzle/simon.zip,e6817302a9ccec5f3fd733daea3a1160daa28a2ad89817ca0e194581ad0a9647,5998,4,12387,1,1
games/ion/puzzle/simul2.zip,c64b9fceb52a548b892c0b85bcb54ed5145f48d6f2146cc6a010d1fc033f26b4,16329,28,22301,0,5
games/ion/puzzle/slippy.zip,c82104d9431cddeec0db308aa6c08ef9671cd3364d5189d58eae5412e4e6e531,5669,3,9177,0,1
games/ion/puzzle/sm_15.zip,43e26667f37c65169d2e81fb82efd23d2a3d32e5f24a18f30f0c9ef369e5e70f,91482,11,145799,1,2
games/ion/puzzle/sokoban.zip,4fd794e9cbdd1a5301b018e15c6a9beea463d6b29c0055b08be27189845e47c0,7787,3,10840,0,1
games/ion/puzzle/splat.zip,d560d6f5b350ffc1e79c40bccfffb63e115d3b1159fa181d88f90fce753bb546,38535,15,59878,0,1
games/ion/puzzle/squarez.zip,089925f05f1c9cbe485c3958e49261753b2112f3ec9bbf3a301232c2c4382276,9778,4,20821,1,1
games/ion/puzzle/tag.zip,7a54adba727d66e2b9401dcebc9cc60ec789412892016e362727c03c296a946f,21343,24,44662,0,1
games/ion/puzzle/tetrispro.zip,e341e9699c0f0fdefd2f6fc0409b5a7ee73ab68e0baceb4d15130416f55d1dac,4283,2,5963,0,1
games/ion/puzzle/tiltmaze.zip,b574b95c2a012d9b6449808f15df25463218a030f76027245cc257a9b48ea71c,11045,5,33650,1,1
games/ion/puzzle/tower.zip,1ba1921906aaff779c71cb76d5a815b5ab2d9f8d0d325acd61bb8fe3a9262b1f,6437,4,16070,1,1
games/ion/puzzle/trapped.zip,d148a60099b075c748055e84928c40f13973869bb861cf3dcc30cab740ff44fb,184393,8,282700,2,1
games/ion/puzzle/urg83p.zip,9f657b025c21b625d474d3928313d90b8817c8df88f5371ec030b2bc6b080dfe,8216,6,28382,4,1
games/ion/puzzle/yoshi83.zip,cb850c6ace2ebbb75411e09756ed26fc4e76ca2f2815cdd18ba7ff7fda80e97f,5623,3,7946,0,1
games/ion/puzzle/yscookie.zip,04af52601992125dfdebdca7b696c92b2a5d08ae8035a43c45c2b6d7940b5d91,9907,3,14324,0,1
games/ion/puzzle/zslide1.zip,4979444105993427e238fd7d08973b7b2470ce2ea0a4698586f77a3664415931,14348,10,47556,2,1
games/ion/puzzle/ztetris.zip,55d67abdf144e370fc8fdef61383a63ddf1d110837fde71166ecb3727c1ebd03,21006,6,50795,3,1
games/ion/rpg/chambers.zip,154fc390172859cc87b5aa46015022e66742bee6043f98350d3958d65727b951,12046,2,29063,0,1
games/ion/rpg/cursed.zip,8b11e31bc9192a00524664677b6f6cbd0c6de64a63839ce7a1ca28975e01a1d8,23719,7,34542,0,1
games/ion/rpg/deadeyes83p.zip,cb06a73954a79d3b4d8d88c6f573dae9c4078dfd1d7c05f5a7a5fca361545b95,63902,6,216133,3,1
games/ion/rpg/dyingeyesfrench.zip,995d2727b2530049a8d18f0f774deafaa50b9066899d61157fb6e0dca14a8f64,187398,14,749944,8,1
games/ion/rpg/finalfantasy.zip,b025feff24400d331bfc5b8b8c9e7493571c1bebb997f6e8b58c6c444c5278c6,101399,46,357737,16,1
games/ion/rpg/harmoon.zip,18a20f0fbb40da0804f33a24c60b6f0cd19f710ccfc9217d9240fc58eb8e70df,9975,3,37484,0,1
games/ion/rpg/harvest.zip,33552e8de62cf507b2d7435de576157f66117c17e5c1f94c2669fcee358b0b50,69947,9,259390,6,1
games/ion/rpg/hm83.zip,a50cc59a60ad0f142be94f76a4aef36f775e8f28fe6c936616016520ad1f292f,28893,11,86597,5,1
games/ion/rpg/marena.zip,0f2b3dd8771f56a54aed606c9f6166b45e50d3172034ac104fd3de68881e4d7e,11235,3,16052,0,1
games/ion/rpg/mc5ya.zip,1469f8b939200253bd6eef59e2c59a039692d17e51533236bb3c348ddb9804d2,201469,7,248456,0,1
games/ion/rpg/poke83p.zip,8edd21e73f1b9c95222bd5bab7b62b1e7db4330196b138062464c8048310f43f,4671,2,9819,0,1
games/ion/rpg/pokemontopaze.zip,c03431596e04fb18703ff7f97ccd619af642ae05fbfe15c39f1486737ad25622,38405,25,80301,0,1
games/ion/rpg/tb.zip,87565d06c252b1aa7036c1e2678ee08f5e649b310731453de1c7c985d4dcdec6,44426,11,123869,4,1
games/ion/rpg/tcol.zip,fddd97e9cda81c2f2b126c9adc72492a24023d2abf0a924237a93622d3d11ad8,34767,2,46680,0,1
games/ion/rpg/zelda.zip,ef12282a56137d921e912efa5588f9dde8242fefc6bd37b5370e050bee16332c,22507,3,41373,0,1
games/ion/simulation/coast.zip,c92ee4534e346eafac81aaedcd3926b54d92bb9365afcd7afe41904a868339cb,11603,4,22866,0,1
games/ion/simulation/scsim83p.zip,23b97fb22a940e269dad57734d0095114b5664e98e83a030e0c98937edadd070,4486,3,14297,1,1
games/ion/simulation/timi.zip,b60bd28b43aa1fc4912b92993ba00e939cd30cbd97507442432236495e1abd8c,15891,4,62501,1,1
games/ion/simulation/timigot.zip,434379216eb39c37409881a02e294a12e65629eecda4448212e53040522ce78d,30845,6,110851,2,1
games/ion/sports/advt.zip,c528139c11da10426bd8334b8a75a0acba98c6944051f56671d07027df66657a,15552,7,49408,1,1
games/ion/sports/arcadevolleyball.zip,7d0d6d3a32bec10fac9c731874dd87ca608186b84da6e057b338bb143009b00a,1551,2,2825,0,1
games/ion/sports/base.zip,43988c6aae74db219ee8f405e1d3b4c649886e65a4dc197b922d2f4581d0ba57,20830,5,52523,1,1
games/ion/sports/bcsk8r.zip,1e8f7954942817352cf418a34cea4a79d4da863689e1b1ec3e74a8ac917803ad,4926,6,101687,0,2
games/ion/sports/box.zip,2dd0f2f4cbebefb0bef20431329ae2ac35db077b46c40f394f50a26e087c1a73,8543,4,24487,1,1
games/ion/sports/ftball.zip,3ab31ae8cdbd9d7ee589c8f11eae3865650a9d2bc9553cf9ecb1d4f8b9ea764e,12465,3,22229,0,2
games/ion/sports/sb12uk.zip,c1bcad603a7775dd573b15e8179078ea15d833704c832bb4c82fee73deb6f273,12769,3,63316,1,1
games/ion/sports/sk8brd.zip,eb0943e3bc0ee6c4643f994ee33a76f88d33eacbe22d998f91ebac5886f4b363,11789,5,44182,2,1
games/ion/sports/slopes2.zip,62fcc40638e9e210325003767311547196b67fe5eac3419b0da8356c34be7be6,20289,7,79979,3,1
games/ion/sports/xtremegolfalpha.zip,020b7a9726d15e989a2b029d047d3c03b1fdfaa3a30b53dbfcb92273a50ddd20,9287,6,14780,0,1
games/ion/sports/zpenalty.zip,f73568edff7d91329cb489e14671c0690c2716efe48e16d3805d6f212c293466,57420,5,142512,1,1
games/ion/strategy/anarc.zip,230d1b89c6551f9ea463e4fb1c94ce39121b1acadda565c2c5e6c7455d8ecf14,9512,2,18947,0,1
games/ion/strategy/battank.zip,202c3efbbb0788721aaa8511c8f5849d5e8783cabc9e77f6fc6798ef5884b2fc,10263,3,20801,0,1
games/ion/strategy/catch22.zip,e280a6b671aceddc430db6b14f931670a4a635f79708839f3a0d2d6841614e6b,17644,5,38338,0,1
games/ion/strategy/nukewar.zip,4b9aaba176fc23336db199494b44b7c9e87723c8ae5332382f4405995c7f3126,55873,7,187178,2,1
games/ion/strategy/scprotos.zip,0027aaef9960a8eae9b32af6edc2277b3a33c32add5de31602a049271578fee4,24457,8,49287,0,1
games/ion/strategy/tankarena.zip,b4cf9280b82d22ab77a74d165d2bbb1539bca574fac5366a5d95ceaf40d77f99,4159,4,9252,0,1
games/jetpack8xplus.zip,1696ae294c002079304e13a32811293fde5e27664223d8032509c65e3c336cce,13184,7,25412,0,1
games/joltima.zip,aa9e10ab70fddc4684564fe17dd58b192916e9e49e36f9fbc18cde32b6330276,13986,3,27489,0,1
games/joshcraft.zip,69d4f523c3ba7de178b074ec717bd13ee34df698b85cb1c1f9b7a8803dfcfa8e,45378,5,61385,0,1
games/jump.zip,6ad70a86180640eb305b798ef2ca02f0592e93e25639d07430c8329035f9e2f9,4298,3,7258,0,1
games/jumper.zip,e597b4f75e3d82ad16f851dadcde3b0048d367a38634b85a1eae253495a1156d,171020,3,217518,0,1
games/keepgoing.zip,fdceb092773b2d9b018db0de166fd9570db6af0a052994daf5e897e08b5f709e,9640,7,27995,1,1
games/lazer2.zip,231cba6f0a5686e03e494a08b510edc9a27c7bc594da5f240f20855bdf1c39bc,18533,17,29373,0,1
games/legends.zip,6fdd809253889d16572213dd111a2b9d7c6dc24553ae8773776130a5fbd43608,182963,15,270971,0,1
games/levels/ab/ab4level.zip,2a430ee4934cce08e69463f9da3f88ab53ae08be721c04fb1494cc200c1bae79,3131,3,3506,0,1
games/levels/ab/ab4levelz.zip,d2d40e1b5f07206d8e6e8747119e099d45871d495274a5834c6ad15d99c31815,2627,4,3439,0,1
games/levels/ab/ab4toughlevels.zip,28d2bda5d46f07bb4b5b8c3c22c4e84365e8fc206e068975178f499da3efadbd,5953,3,7607,0,1
games/levels/ab/ab5.zip,4d8c63cc9aef7bc89f800c21fe091198e2b04e4d8176d28552258bc581dfa528,14731,4,20003,0,1
games/levels/ab/ab6.zip,521c8930704611eee334e98db2e150b9af41550ea9295390f77dd9269c09bc14,3690,3,5046,0,1
games/levels/ab/alienbreedlvls.zip,1f3e74ab46576947adc3208457a7daddc152ece3bc0b839463c5e217c943ba67,877,2,1965,0,1
games/levels/ab/dm1.zip,15b0c466bff7ae27a19e3768bb543ddb7a65faf3f336d90a64dd87859018950c,8745,6,10113,0,1
games/levels/ab/silentlisteners.zip,9d65400e4afb2f043a273ed7769911a2e269083ae4ac24a74cacfa584170320f,4609,3,5143,0,1
games/levels/ab/zab2lill.zip,a73bd50c622a3ad99acbae322e21766abb4eddcb7142b11883a2e0d7730f7f77,1471,3,1238,0,1
games/levels/ab/zab4ldje.zip,8dbef101eb21a4f9761b6d8f59ab880a7072c0445d9db805550b51266537a052,1445,1,1328,0,1
games/levels/lemmingz/aiadw.zip,ead0e8c66c92c21788f8e3be4285b280fadf6388494f03f70e8977c2bbff0a2c,1438,1,5864,0,1
games/levels/lemmingz/cave1p.zip,999cc9b05365bd79b342a936f1754c8b117a2aab266336f01fa5cac08c964ded,1586,1,4076,0,1
games/levels/lemmingz/cave2p.zip,d84f68945d4ca853d13a9d9fe6b32c11e2e955cfb4128e4c6e1835299fdf7608,1213,1,3671,0,1
games/levels/lemmingz/cave3p.zip,fb215955b7574223f8a728eab5e01732949132ffa43f1197d7980dd398ad59b4,1505,1,3553,0,1
games/levels/lemmingz/city1p.zip,79123cc82b1b86f7542967201be45ff488e4915255fa24945430bc965b027e19,1308,1,4370,0,1
games/levels/lemmingz/flintpack.zip,f4718ab122e5acc7a0953985dd9cfe46fc9f7df0676c55594c3a127a03bf37a1,1234,1,3074,0,1
games/levels/lemmingz/lemmingslocation1.3.zip,8f55ea422b527c9333b61ac265f45a9df1777d69c4c84ffee9841cb6f4c4092b,1950,2,5634,0,1
games/levels/lemmingz/location.zip,118378b38e7f56c34568be3c3cc3be7576f82c49381f4551b5757e501d10947c,3934,2,26938,0,1
games/levels/lemmingz/map.zip,8153093cbb1bcd4a95748694dea0f9e596a4f19d469004ec54f1b6ce5197d7ac,1547,2,4581,0,1
games/levels/lemmingz/metal1p.zip,c5d758115e2d8e0cf5ba44c7ca071f5460428ba4ef459a9a46eea338f4073ca6,1031,1,3760,0,1
games/levels/lemmingz/sblworld.zip,e1de4b2af928f69d5f08e16a864c3aaba05d850ff8b94ad03f5eee328002209a,2107,1,4906,0,1
games/levels/lemmingz/secondmapset.zip,287f6971e6e8cf91d29fa3b6f820799ed992309822491c9be3fc12eb590b52a8,1200,2,2794,0,1
games/levels/lemmingz/swirly.zip,f325cd6329f39aa78bd493dc7be92a7c501223f775dd18eb36dabbcd19e1cdf9,3836,4,151575,0,1
games/levels/lemmingz/tonyliadventure.zip,7ac2714058851a68d40f8d6bcbc06b043f4e084fb67e2cfc6174dafda9c99149,2301,2,7837,0,1
games/levels/lemmingz/trainer1.zip,00617d2cb6e25615332fcc5f9c4603d5080e99b889e196be3225e5730f15a74a,992,2,2231,0,1
games/levels/lemmingz/world1.zip,3f4f7171a5ea6f0cfaedfce8d770156ab99a54c2c12f3f192ff12b7f01e44c50,3916,3,5812,0,1
games/levels/lemmingz/zeekoe.zip,4ccf0461c4f036c9181db0ecaaf7780665de969ac44e1c953744748df4d53229,871,1,1588,0,1
games/levels/mario/4marioworlds.zip,255d6a904109b0125730f27e9ce7a9c7b034425fab6fd3a30486647d3146299e,9082,4,14501,0,1
games/levels/mario/aaaaaali.zip,7d4a9c2ff3e2944a7041a9c72091992c3f88b047e590909653fa919069aa18fe,4302,1,7271,0,1
games/levels/mario/aaaee.zip,606822abb883cc111545233a7946792d934eea8be8beefa0b879642c0aff7ca5,1570,1,2391,0,1
games/levels/mario/aarg.zip,3afd0db5f1e4776e410ea8a395952d3a793c761e14d1624a89a0aafc865614fd,1194,1,1417,0,1
games/levels/mario/abcdefgh.zip,dc1425dadb4b5eed293a0cbeaf5852c1af5edcdfef6ded33a590582dc9db030f,3250,1,6275,0,1
games/levels/mario/abstract.zip,91c9fe970dea54d6a2c7331dbdfc49faaa565f8139f41806bb77dc910b40985b,12739,2,24420,0,1
games/levels/mario/abyss.zip,ae805eff3add7252339c9f0a2c477ea1b50a3939ad85bc07e3995d28382e2912,16202,4,32067,0,1
games/levels/mario/ad83p.zip,290fab2f23b3ddcd59eb34d363c3fcf7d44579bda13f516631b63f0b4dd52daf,762,1,783,0,1
games/levels/mario/adv.zip,c0f7bfc5735b47797cbec88c38e8005ed2610ad96204bccaaf6ffef81eb7a31c,1657,2,2640,0,1
games/levels/mario/ahhomg.zip,73b4a7f61492160b29520d92863d243fb344b69b74c5db8430af36b7c11604ca,2870,2,4813,0,1
games/levels/mario/alist.zip,8c68efc76f16a33d90dbea4b8752a62ef755c50f77b3da4a76069de6c06afd60,4392,1,8516,0,1
games/levels/mario/alist2.zip,30c3082bd5aedf2f362d6bff1ca4d6bc62e990adc0434d87232f2aa192249fdd,4494,1,7920,0,1
games/levels/mario/allelements.zip,53bb6515b09a683843a7084b473b81f5313df335780576ea3ed3c256a6d9dfdd,2351,1,6273,0,1
games/levels/mario/amnesia.zip,48a3ccd84280720b12ca668d1e0fb5beee6f0e8d51ea19eaf3cf74f7b13ac052,6970,2,8604,0,1
games/levels/mario/angus.zip,75357646d7af93919a75e20e42d4fa6c9539a6ddb9ce3484b3ad0cdd8dd6736a,1100,2,1207,0,1
games/levels/mario/antmarlv.zip,a4e51419503e2257208c33d443636632c3e91446f5448142c62917b82e9c574a,2366,1,6517,0,1
games/levels/mario/arenafinal.zip,a548999d806ec28787f256c8701f56ac2402acd829d36140286453bb7cef1940,1385,2,2877,0,1
games/levels/mario/arits.zip,0341f2c0ec48370dc0e7f7581370969a3d1529314d47676c7e705d1321f2ca8c,4694,2,7194,0,1
games/levels/mario/atlantis.zip,62e1a8af29bfd06836ebd5dd9bf8b27680d83063b10b4e9503fe557685573c90,2325,2,3861,0,1
games/levels/mario/attsmland1.zip,c07e7ba79503ad758c671929e661569623de19378db12a274c538d54b0a918c9,8439,5,20935,0,1
games/levels/mario/attsmland2.zip,d2b5e8f1796a138b5394ea8fd7b4e1eacfcd7654795eacef18f0f75d34aac13c,9550,5,23823,0,1
games/levels/mario/attsmland3.zip,b87a830fcb1dc478cb2f95e5d71086d3d4650abac29a924b4901136e093fd5bd,9867,5,25045,0,1
games/levels/mario/attsmland4.zip,2dec7101eccd6b9836dcfb478b5644b5e8daa34c562e0a62326deff18b38698a,9935,5,24168,0,1
games/levels/mario/attsmland5.zip,def42502b495a7337129098f75168744a9b88f49f70715e71821e80eefea8ebc,10460,5,25969,0,1
games/levels/mario/attsmland6.zip,50a7b9cf7ce0f10cf2eb6b35bd8a710759fc11aa47df4474e38bd3ee16f4a4bd,9239,5,23495,0,1
games/levels/mario/attsmland7.zip,c1e743c2aeb291340c7b97e7c5178ee0f9009f21f7bdf643b7bb73b35d8c0f8a,9074,5,24352,0,1
games/levels/mario/attsmland8.zip,1127600eb1a82f84cf46d3753dd51b27d9cdb0939a1098d44d63a2065dc9c57f,10706,6,25577,0,1
games/levels/mario/badlands.zip,25f213f842855e1c53f226d284f78c661945ece8969b136ef7450897feeddc4b,1543,2,2322,0,1
games/levels/mario/bartcruz.zip,4b9f6d2322fcd332c09cc7727228c958be9e70bdd4dfc33b25af1145441e7aee,2141,2,2995,0,1
games/levels/mario/bartsart.zip,3134854e0626ca5d285aff6b3140082e74a921ac3f4b4df5d1145fa78e413029,2400,2,3510,0,1
games/levels/mario/bc83p.zip,52472e4bce3f32fa6947369aad634829a786b205369279fb1ce0172dfec2d5e2,681,1,712,0,1
games/levels/mario/bef83p.zip,7ffc026563cc472c04b4a57bf9a70774134a61a5acde8a4b9324e7a0997d5be7,1004,1,1512,0,1
games/levels/mario/bl83p.zip,6120f87fa242eaf9a7fd057452455efcc54c5799529319525c3993f379193f60,407,1,503,0,2
games/levels/mario/blah1.zip,bb03bdf3d49af7a42dae140c8ba908d53f7f8ad1a6f5b23755bdedb345e523eb,1544,1,2232,0,1
games/levels/mario/blaster.zip,d24f1c79b549a4fc6ef07edcad1fcec81790ff24c331108009249317615f2a48,2564,2,3555,0,1
games/levels/mario/bounce.zip,d6e080ec8fbe32863a1dc2e37a99098892a2edb71c0b0ca4cbcd46f9e0d8d0a8,944,2,1149,0,1
games/levels/mario/bowpal.zip,3ec14def9330ede9561c2314c721321b4fcb0e6ac2c726395cbc818d905b6bee,2604,2,3758,0,1
games/levels/mario/bowser.zip,6a34a57640b86e01ee4e8aebd8f7d0655f7a25ac2d860e7e5168514e13a23818,2560,2,3554,0,1
games/levels/mario/bowsera.zip,d06522bb1c4e2ef2ec944870cf0404f7a67be592c4a2dfdf19d7d0cd8be910a7,963,2,1162,0,1
games/levels/mario/bowsercruise.zip,f431a4474146fbe5d6ba508f39d02da958b76ae5ba9a4a9e2875627329a8981e,1942,2,2666,0,1
games/levels/mario/bowserisland.zip,2761b89a381072e100cf5114764f90beff7ee1a30884a8c67952936c256f153f,2964,3,4148,0,1
games/levels/mario/bowsermustdie.zip,cd00c92629f6da53474d289febd6ae9b851bbb71596d1d95aa2aaeb1cc4f5994,593,2,818,0,1
games/levels/mario/bowsers.zip,4eca87ffd217e926b664457b07d5b88cb82c1edf3b095bdb9b5167fc581a983e,1055,1,2147,0,1
games/levels/mario/bowsersrevenge.zip,1250d95f92187e800d99d425b946ea763dc7a607ba70093403dd2713d5b6cacf,4752,2,7815,0,1
games/levels/mario/bros.zip,fb065c11ba7cab4203fb7cc58b5944d0d092e27c9970cb7245d6145cb1b68b87,7460,2,12851,0,1
games/levels/mario/bros2.zip,96b7cabadcdfd51ebc6915773f1332942d4a54d1c25efed309cd6054ecf28da0,2039,1,3330,0,1
games/levels/mario/bros3.zip,a48cf8bb78c8b6819afeb7a750f0f1d16e60faaf70eb9685aaac6b785fc5906c,4072,1,7993,0,1
games/levels/mario/bugthesystem.zip,51ec9487f6e4fd4077b3b7c98d609f0c34e266f82a4387a662b337fd4736f88a,9082,3,13829,0,1
games/levels/mario/bw83p.zip,6120f87fa242eaf9a7fd057452455efcc54c5799529319525c3993f379193f60,407,1,503,0,2
games/levels/mario/bwsrship.zip,218e0104901398197d2b50a0bd1caaf0dc9aaacd89d1b3d92e8ca5e1ce49400f,1237,1,2536,0,1
games/levels/mario/callofduty.zip,10be087daa65eaef331538f44a37cf7af5bdd66806e8235900a78063b69224bb,7178,5,10443,0,1
games/levels/mario/callofduty5mario.zip,161b042d6f52b4fbbd0e4f9f4955a0e3d4fcab6a8d405c03f821d28a8918af3e,1335,1,1646,0,1
games/levels/mario/chad.zip,1df04b49d75cb60f7919a3a5b61c1e6de6746269d54fad4807552d1811363997,1064,1,2180,0,1
games/levels/mario/challenge.zip,cdd7a16cb4d2172af33208b8ce2634a7b837482af42f4fb911b8265fc36a3b70,1247,2,1761,0,1
games/levels/mario/choice.zip,a30f37675372f1bd954e277f5ba55566a810fc05faa7e3492eb4f2cc5ffd49ea,2863,2,4493,0,1
games/levels/mario/chrslnd2.zip,98404992cb8cc0d22ba958544fe4e9847709a525c723147b37f40f848ad17428,1039,3,1107,0,1
games/levels/mario/chrslnd3.zip,77794f762f9a4aba3e909fe1e8c7f4f401afa5cef4278631868786753bb1809f,637,1,617,0,1
games/levels/mario/citadel.zip,811d1e541ea3b5bcf19a80349d483e288d38c9757a9f937794eb9db299d627a6,9605,1,15765,0,1
games/levels/mario/city83p.zip,8bec3adebe7939b6720fd199b7a5a2acd622f9db0072773785f0f13f8a0314fc,801,1,1146,0,1
games/levels/mario/cityjumper.zip,7c567255ac5dacb38309ed377a97261d9e95b6ddb9bff420cccedd7bc7fb3353,1283,2,2815,0,1
games/levels/mario/class1deception.zip,bac70002fb6872e4ee5bb32bf7062ca898fc13cfac3abefb7b87d12636cbdf83,1980,2,2791,0,1
games/levels/mario/class2.zip,62af56a1b8248e07937591553a1f8872a1c3c4f366f84145d876871486ea37ec,2579,2,3942,0,1
games/levels/mario/class3apharaohsjourney.zip,477c8331abe2686dc176aa9a33614cfb118bf34e15d96288eb98e7e2fd402958,2660,2,4108,0,1
games/levels/mario/cloudwld.zip,bb782dcacfe7f21e568a3f82e5d2b9c20848031da5b6cfab7708509c1d2bae15,3645,3,7146,0,1
games/levels/mario/codysworlds.zip,b34e716e9b65af5226cb43ce39217a87e33de569663e02252d9c705ab7f248ad,1572,2,1841,0,1
games/levels/mario/connorandsam.zip,998f230a37a213428f6e9b575fbe370a1b2fad6fb5d6ce8acc01d91d02b7b2e6,4443,3,7045,0,1
games/levels/mario/cool1.zip,7a3385970df554866a943b52f9ff953e5b3d0c75e3c7d1e00b2a909365d26394,2499,1,5025,0,1
games/levels/mario/crazytrain.zip,56a08d5e699237ad8876f4f1b65d7482fb785efe8995f478b7391eb693eea395,7307,5,14049,0,1
games/levels/mario/ctland4.zip,7b1475eb8e2b312dfc2dd2e7c03216dd520d7070bfed933c2b27a9ac8c820933,682,1,764,0,1
games/levels/mario/ctland45.zip,12c4a3c21a4a70be2480b851429cf5395d7c8d97cbcc1744254b0314d8a45be1,635,1,631,0,1
games/levels/mario/ctlande.zip,a870d343c4da7db53be3b8c20ffa0b4312f3a01fe96b5b264826547bd611bfcf,965,3,799,0,1
games/levels/mario/ctlandpi.zip,409c7b013d91f1affbd16e0e8b14b42285e2683c2ede32067b5bd64f48bb8482,834,3,718,0,1
games/levels/mario/ctlandti83plussilverediti.zip,67c7e39855227e9c628befdf082660a5fdb501d4f7a33c5a274808fc32ec1e2d,1180,3,1126,0,1
games/levels/mario/ctlndsix.zip,5624fc8b42f42794c3d2f3e0b6169f0b1a9109dcc4ed51d2dc8aee5c1d397532,861,1,966,0,1
games/levels/mario/darkness.zip,966252d9b56526c3d141fff14e3da2c826880aea44b3210a52fa4c11ea3021c1,4344,2,6966,0,1
games/levels/mario/ddefail.zip,9e5a1b762091b12b7383c340a1230e13b95ea5d51e02827c42c417d735a26ced,1308,2,1788,0,1
games/levels/mario/deathtrap.zip,12dfb36470ca0259a0597f53d9a0d894c4931cac9ebed40a4c7e0401951cf32f,1422,1,2557,0,1
games/levels/mario/desert.zip,52a77e2a813e38ec09be26634c95100f7ad47fc5294118f1920b55fb1b758585,4768,2,9227,0,1
games/levels/mario/dl283p.zip,60db17454bd6be8ea83dc0c59b3c95c97b71e7795c9dee4b559699d643c271f1,562,1,648,0,1
games/levels/mario/dl383p.zip,ec8f6df2ae182be021e7aef7e3a404d54de4ffb194f9f0bd05cb751ae7520aa6,582,1,701,0,1
games/levels/mario/dl83p.zip,be668a6b7d114004681510232b271987725dd013d7e9cbd38b11369d18cb681b,573,1,638,0,1
games/levels/mario/dm83p.zip,4716fd4bdd22860916f9e43bf4fd21577ff60a969de0ccae938e7f06828deddd,654,1,723,0,1
games/levels/mario/donutland.zip,918de829f9363eccc748122c19aa20d289063058651e81fb87f10f75592e3c6a,979,1,2243,0,1
games/levels/mario/doom.zip,f08dc082a1cee5c0ce64cc71f5036e06fd53b28c87552dd77e7e62d71ecff461,1759,1,2272,0,1
games/levels/mario/doom2.zip,659212e80f72c96861e72102bb475769393ab26bd4bd44d15a60fcb241a2ee80,2159,2,3078,0,1
games/levels/mario/doomdaya.zip,e0d02d36f2358c69e9c05e7817aa57c6cef760b636d85e39f339dd9ba33e81be,877,1,1148,0,1
games/levels/mario/dreamcatcher.zip,e2e09da0ff44e8b20e204800da5c65441fa565c6d9469ebdedc7a44a70e81abc,4596,2,7682,0,1
games/levels/mario/dt83p.zip,409824f2f0e626bc2e6744928ba8ea08f47e47a96573b6796eebb5986e30c737,1022,1,1238,0,1
games/levels/mario/dtrap2_83p.zip,0526377d4d5b0b1a28cd3fe77dbd2dc517e498e08961b112ea9c74a8f5e4a6fd,1184,1,1633,0,1
games/levels/mario/egypt.zip,29de98189f9d7443bfd746720ed99417095ff83668a477c2c09199f1b87bf35c,2469,2,3556,0,1
games/levels/mario/element.zip,4c312545dfbd5704cae477a57e3ecb43b1838188232dca64263c5e1efc3104b8,1885,1,2575,0,1
games/levels/mario/elementz.zip,346c43d31914c4f1bbb480001e07f2ea0d88106a0fe4637a38f40857f347ff8e,2101,1,2744,0,1
games/levels/mario/eme.zip,136bf3d946a07ee575089c25ed984c2285cebd7e8b5718098b45117bb56d533f,42918,9,63321,0,1
games/levels/mario/epic.zip,d8212401b89c4276e7ab043cd39c4c635a4ee4aa6b525606447aefefcd962623,3173,6,3918,0,1
games/levels/mario/erictwo.zip,ba388f15a76976738bcd4dfb3f6dd9de815d4474bafbd8261dba423e5b840040,1324,3,1295,0,1
games/levels/mario/evilmummy.zip,1a74159d0264c84f939cbd791a37386681a471efd78c3727bc89a71f7dfa1079,1611,2,3863,0,1
games/levels/mario/fate02.zip,ae779d2d0c31781a556b5efae5614974234a7ab0bd0aaa6c99f4849250c744ec,7486,1,20650,0,1
games/levels/mario/flashmario.zip,1e69beac364d96f3ee7cae5016b50bd8a3c2855586b2f5fcb239966bf147de5b,2131,1,6537,0,1
games/levels/mario/fluxland10.zip,38b2c56c099cf292f25de1ff861775a4371dac16dbc3846965266bb5e55325bf,1849,2,2910,0,1
games/levels/mario/foxworld.zip,b9c2ff76950c404298d05d47ea6d0d1980735861b7d4d132957ede5ca42b4812,2845,2,4439,0,1
games/levels/mario/funland.zip,dd51a4bea90209d5202955b19945f9e20fd3f7c2e2eeec244ba7262a336955f1,3443,2,7529,0,1
games/levels/mario/funmarioworld.zip,0ed590b7442477e34c3d1b41e9f8a16350a542ca613e25fec8b7833b1307850c,1123,1,1410,0,1
games/levels/mario/fw83p.zip,cb9695b9fcc6320287c431554cc478b90975731d6f95e68d81ab613a58f15979,715,1,889,0,1
games/levels/mario/gerbils.zip,9864505af3c77d9e159328f1ec226aa61b2b8fee852c9ac6772cca4aee8648d4,2265,2,3574,0,1
games/levels/mario/glacier.zip,8c25cbd136f7023c3e97c9c948fec3b867f4515e58f144af4e915fb23c2b3aad,3577,2,6657,0,1
games/levels/mario/gldrushcannoncity.zip,886f129e89ce0d65ee7c6944204579b9b0b46caec57167ee2288abeb513c6768,92533,3,95112,0,1
games/levels/mario/goldoldi.zip,43135aae489db5c9a88e4eb9fa793f2f87cbc7d9bfb374ac836c67da4956baa0,2187,1,4259,0,1
games/levels/mario/goldrush3and4updated.zip,8b4bf3b513d5cc97392933b499679f19e051a868967ca815d56c1fd1daee4564,14085,4,27767,0,1
games/levels/mario/goldrush5.zip,b6da73b58a7604df5c25869d64623703932fc6dd77addd6d079e6f8660f43d37,8273,2,13990,0,1
games/levels/mario/goldrush5preview.zip,28ad2d891dd2ee0a6be72c6c05926353c179953561a9f6db5b72579b52267399,4905,2,8108,0,1
games/levels/mario/goldrush6cannoncity.zip,f28937266ffe8cd574af5bf67c6e873846ffb01bae3ac6b90e9539a4f8cbdfe2,97915,3,102129,0,1
games/levels/mario/goldrush7cannoncity2.zip,86f365c2ac766638bb52b72019595efcc55a6727c048acd6437a8d78745a8cb5,2520,2,3774,0,1
games/levels/mario/goldrushge.zip,f4937a54ef3f44e2b2f13d0d511d36ae89c37bc2261ee9d217cea3d2ab35daba,2012385,13,2115696,0,1
games/levels/mario/goldrushlevels.zip,6590a13de23393bc1ec4a21caccf2b1957078c15b3c5891aab247c9e1e2d47b8,8931,5,14662,0,1
games/levels/mario/goldrushlevels83p.zip,b3fcf8b6279266cf36b498397dcf5b0fc86fe50867917a3244afa04fe364c15f,31409,9,65484,0,1
games/levels/mario/goldrushlostworlds.zip,37296a5ec964d6cf97c4d96c3ed270af4b4d64000588fabfb7d36b46cd2b2eab,18958,5,36962,0,1
games/levels/mario/goldrushmariolvls.zip,005155e48d91237dc1b793ad106f206ac2c70400e72f8e048a85096da21e46bf,15318,8,28149,0,1
games/levels/mario/goombaworld.zip,7d5f91320913aa0a9255922966ebb20c37cf7614fbaebd6a5ee1c69980a251dc,621,1,637,0,1
games/levels/mario/goomconq.zip,92bb3113dc4dc01a20c8d78dd438d05a00ace0e78efc983098a1d0353d39e348,2967,2,5108,0,1
games/levels/mario/gooworld.zip,797f3b750964745b6d2ac6912555c90e33f32975d3cde6de8ce1c8b760730869,877,1,1064,0,1
games/levels/mario/greenlands.zip,485c0b6cfccabd2db08d6649e64dd8a482a10571fa271ff20c6c2b5f459a7fd9,7547,1,12266,0,1
games/levels/mario/gw1.zip,eebb044228d99f946602f198009a8649edbaea026eafedfb619988d4c64d7b26,10242,7,12921,0,1
games/levels/mario/gw2.zip,7b810f31fcc64b4fca21bdd1780ff553f3a1426bda4d030c31e722d6933d13ad,11293,7,14879,0,1
games/levels/mario/gw3.zip,d39227352352cc50ea24dc5c0e240f6ce1827561574b9d3c6a91b1aece7c33ce,12813,7,16975,0,1
games/levels/mario/gw4.zip,7e75d92448507c8324c837f0f3c8ccd2cf3759a86a6761a51bda4c2ad2f9defc,204671,10,210541,0,1
games/levels/mario/gwrldi.zip,fce7bfcd56801faf14849d7db06b938eb747f4db295bf5c5ad4321431dadf5b7,2315,2,3633,0,1
games/levels/mario/gwrldii.zip,8e7cf3eb758d813c4c8a0197dd2ee233d1e2e3b1fb65d36a513e8923cc003e03,2280,2,4201,0,1
games/levels/mario/gwrldiii.zip,afcb2cdf9a61a4d4127121afcbbbeca441039d26d501aa1c48bec9692cdfbad7,2225,2,4085,0,1
games/levels/mario/h.zip,f62147ab357a0a9acfc3b83d1683e80f239429304f87558f12ce9bd2fbf9d442,959,1,1150,0,1
games/levels/mario/hard1s__.zip,d9713c887dcdcd406bb90decb78140b0e9643eded50a54ed7183129161646810,994,1,1644,0,1
games/levels/mario/hell.zip,ee0ce0ed8d48b6bef7afc5182792c4bf27e10ff45e69e0eb8e0984fc38789b9c,2450,1,4764,0,1
games/levels/mario/illm.zip,71502989bb7da950b0f3bf61c8b8e7d33cfce374b9ec8a712a901d4f6f15dc4d,1171,2,2278,0,1
games/levels/mario/impossiblefolder.zip,7c36ec4af19322d08fda7e8b2a21f712705263d1de0d4fc632b353880e8a6611,2426,3,3567,0,1
games/levels/mario/impossibleworld.zip,b9ea7f392f4f7f4b8374b4f788b4e456a5db1bcaaf6ac743e88954ccc53ce3e5,1868,2,2662,0,1
games/levels/mario/inferno.zip,1ea1265b849ef6d5a356ef7eef4a2787dfff45c8aa6143cba4251fe2996777b0,16154,3,28217,0,1
games/levels/mario/invasion.zip,71d4ad9072ec3ce131fa577b58a7158562be046b23157900790760ac4117f986,978,1,1103,0,1
games/levels/mario/islndpack.zip,2b58566143a0d259c35b6bf319413373e6986cd466260bacd3c161712edc2c44,3737,9,4180,0,1
games/levels/mario/ivansmarioxworld.zip,7dba497313a5510b1ce36d86ae6893baa2600e0c37fab6252940f8119a193731,1382,2,1663,0,1
games/levels/mario/jbowser.zip,4d9d175964477d30b707deea69ee4327f5195da4712b5799057ad4da7d8512aa,4227,1,8393,0,1
games/levels/mario/jimlevelpak1.zip,d64e215ec2486147814baf825b4004354aa85f7319ba563afffe1b286bcef993,17016,18,30130,0,1
games/levels/mario/jimmars.zip,7a33c5a04c9a0479213436376c43e903fe49fcd7fe6aa8ec75de39bfbc598abc,3670,2,7584,0,1
games/levels/mario/jland.zip,54d95bb396d52f0dd4ff36087f26baa03ff4b933ec899966f5332b4159f155fb,3786,2,7576,0,1
games/levels/mario/jonworld.zip,ef7c574f2add441589d6818ae6a982cd88d31bafa6520dd4d5c8e027889eef78,1316,2,1779,0,1
games/levels/mario/journey.zip,39e3392245a421df36c679a53af79199f2f1fb18b8ffa79011f6d530ccab2715,3267,2,6025,0,1
games/levels/mario/kaostheory.zip,fe7ba1795d71937a9815c948801dd6022a7f2bd6227e804c2dc6f3a97467de4a,4297,3,6557,0,1
games/levels/mario/kaostheoryb.zip,d5fc0c6b4bd1ce0cb25d40aeb52bd578223fa3d90e7aea04ef2d57601a064175,3485,2,4820,0,1
games/levels/mario/keefio_bros.zip,036c12afa80d4b2d7dd4d60285568ba813a198e586391febe5e2f167262e1eb7,2984,2,4609,0,1
games/levels/mario/killbill.zip,3a85268d8dcb68de3ee322a9e3a45e38e4f46af8e275abd348a0aaa2cc29c8a2,1618,2,2182,0,1
games/levels/mario/komodoworld.zip,465fc64e89ce3aca2a99f6b41dc0b770fb2b916226f9d81c906739039042c12c,3995,2,8393,0,1
games/levels/mario/kow.zip,0620cc008433b928bbe86c6e1ffe22b61ed69b3a8e6a407b6a29d82a6de61826,8607,1,13725,0,1
games/levels/mario/kutlessfolder.zip,2c96eba4cd5bec10b12b7740f3727b13996ac457a96ee0a0094fa49b587f7a01,3846,3,5629,0,1
games/levels/mario/kylesworld.zip,3177a6987004afcaf9c3fcdce2cbe6e44a0f3bf9ed2783c01241b8cd35bdfb11,11054,3,18298,0,1
games/levels/mario/lalalala.zip,5678c3ab530f656444986b317cd55617ede7d19a031584c9be16ee1c7ae828ad,1896,2,2886,0,1
games/levels/mario/land2.zip,c7f134afdbb4671197f5f7a8260a9724f78dfc93f0a565ea18850d0c8ab61f29,3546,3,4800,0,1
games/levels/mario/landgrab.zip,dda304ccae21b5ac437d400fe97891114814dfb4bd5c3cedcdc05a2e6cd46ed0,1702,2,2402,0,1
games/levels/mario/lasaux.zip,9d908ed72ad267c3713256c5158ab7892a1b63179b0d4bc1d001c2cd7afd9140,2179,1,3689,0,1
games/levels/mario/leadhim.zip,e43da2a172ff2065d0a46e8783fb83bb760b6def8dd753e4e2e853d366c7cb12,1611,1,4005,0,1
games/levels/mario/level1.zip,d9c40324e96151f81f0154fd1b0647c3d622bc7361f56872c2082d2a94ca149c,2671,2,4049,0,1
games/levels/mario/level___.zip,55ac7b0d41e71fc983b4788a5b8378a3f68e97ee9cb62840935c7e1024dedcc6,3172,2,5009,0,1
games/levels/mario/levelup.zip,8997959323c13dc6a1bb3334a544f5a273801797ceb3d1537e56762383c49661,1510,1,2972,0,1
games/levels/mario/longests.zip,331a03e8f25f527d01ae508a18acf428c3facd2b32b3474c3b4198ea68ad930a,8540,3,14711,0,1
games/levels/mario/lost.zip,b8c1a88c9d335de2578441c2051585636c6c64b1fc6756e8645ea06dbe028051,1748,5,1512,0,1
games/levels/mario/lunyplace.zip,37a21ffa05ebed374f6c07a02901172b9e46dec679d1e6b6cc093b907d46500d,2119,3,8862,0,1
games/levels/mario/lvls.zip,83e05a9f75c1184753a78fc9e4b2407134380d71ca181f74507789242d16c212,3979,3,6085,0,2
games/levels/mario/lvlsxzyzzyyzyz.zip,83e05a9f75c1184753a78fc9e4b2407134380d71ca181f74507789242d16c212,3979,3,6085,0,2
games/levels/mario/m83p.zip,aeed027db2b6a7daf6d3c53a6895cb0196258aea29a9c907ea20779f8208208d,565,1,727,0,1
games/levels/mario/m_elemental.zip,7cc25d39de3d791461db0fc6eeab952067897d40ce8db4d7c9c5e45c8d59a7d7,4245,2,8134,0,1
games/levels/mario/m_shedoware.zip,b9bbb72ce8490d47ae8a501a3cc171b66fb65cf177e7cf5ed0528478f4de3450,1568,2,3185,0,1
games/levels/mario/mab.zip,ff836665bce520591c9966118ff3d416c94385af5ee2365d2e9c97d58eea65e3,3442,1,6681,0,1
games/levels/mario/magic.zip,297eda63144400aae3c19e9f9b49e5f0cd3784cb057f55a50fed8b612946d4ac,2868,2,4867,0,1
games/levels/mario/mar514.zip,dea9d83f303485dcca4fcda04c76c5ded0ea223eb0223ad5cc336cd231eab128,1437,1,4032,0,1
games/levels/mario/mari.zip,6869351c46c65b572190524b8633fb18f3da9bc45989ce3f6420cd980758bc75,1699,1,3838,0,1
games/levels/mario/mario1.zip,215eb95199f12bfb57bbb64b5d3f38b73722d0a66aff02559c0b3be7ebcf8ff3,7112,6,11470,0,2
games/levels/mario/mario3.zip,5e080d038b6b03668706e1859c514277deea59c130e739944c9e1f9495ee9e7f,1809,2,3035,0,1
games/levels/mario/mario83levels.zip,b66578ff818483549bb3322a85399a480e2d03f6e741f8d9ef58a80947ee198a,2236,2,3810,0,1
games/levels/mario/mario83levels2.zip,eca6792ce916e76f2f827eef878b980d005f47b66f03cdaae4cd193bb29088b1,5021,4,8727,0,1
games/levels/mario/mario_alpha.zip,eb46a9efa0ab3ec19a92628db5372a4577e6f81e786f83d07bc5dbe276c7465a,14648,6,28451,0,1
games/levels/mario/mario_alpha_a.zip,c0ede11293f1b9c63b8030bc5aba3cd6cfb778b514223db218558ce0385abb0f,6200,2,13384,0,1
games/levels/mario/mario_alpha_b.zip,83aaf8f775d0d65b288d254108eb446fa24e316b01bbb0fa58db40cb64528915,5673,2,12714,0,1
games/levels/mario/mario_alpha_c.zip,669540478dbfde0eea87bdfae3d577f7e5b4f3de9d375d9d93a0d34ff665cdb9,5884,2,14097,0,1
games/levels/mario/mario_alpha_d.zip,3d8efde5d6d58858511272e33ccf7f29db08bad6decdf3109b993b0e97e14602,6404,2,15774,0,1
games/levels/mario/mario_le.zip,814da5a04b7f8a0f778c12308f5b5203c758eee1c0c045726d5e2ca2bb2b9259,1537,2,2161,0,1
games/levels/mario/mario_s_.zip,443950cd7911171f7cd88a4d391d251f16fc7428c067ac8ce2a05e1af1059e8d,1847,1,2894,0,1
games/levels/mario/marioallstar1.zip,39cc2a6c13241e68f39c1613284fef40c57c587113550e3c34477ebfb9275af6,2017,2,2806,0,1
games/levels/mario/marioancienttemple.zip,068b9ac74ba8cfd8d9d724535681ab3b166778a877fec8316bfcc0d09b2c49e2,2849,2,4819,0,1
games/levels/mario/marioblastv1.zip,bf1d25dbcf5c77239b1260e851375c0519fa91b80eb093296867c449ce5e2817,1941,2,3288,0,1
games/levels/mario/mariobossendurance.zip,ca0673a3e1f8844a680874fb8ad5cf673663aa1ce39fac587f51edb4d5b5a8da,1151,1,2438,0,1
games/levels/mario/mariobrolevels.zip,00ad2abee16279f170cb601dfdeb760293f5fdd48736503f547653a838c53a06,16323,3,25143,0,1
games/levels/mario/mariobrosdx.zip,7e751a0ee8180daba91358d9c825fb6512ad32956ff13704278ba2ed91fe21e0,3577,4,12484,0,1
games/levels/mario/mariobrosdx2.zip,051e49d41f40478a1aa5be7bc8d29b6c2e452186bfac3e2f917953e7213d6b49,4978,5,13397,0,1
games/levels/mario/mariobrosdx3.zip,cc98034b76ea6799d4d7d626c6c1db972d3edee451bed7e84bcaa55384f3f034,3726,4,12367,0,1
games/levels/mario/mariobrosdx4.zip,6021b44d23aa71643d6e5ee7099b42219690fb236b463f5942deb6b63568782d,3372,3,6564,0,1
games/levels/mario/mariobrosdxx.zip,1dc5677fe073aab7d118710c218b02ca23bc1056d20f34be3fd752c74e12fc28,1894,2,2836,0,1
games/levels/mario/mariodx.zip,ba86c280ac2aeb0c33e1419cd55052a063dc0da637d5ec5262633bcb3e8b8789,2607,2,3871,0,1
games/levels/mario/mariofun2.zip,0c255349ff1dc63b66562051fce166bea124bce776cfa274ea93fd5c0bdd95ac,1876,2,3277,0,1
games/levels/mario/marioland1.zip,688df812694ff6f9b5ae005793e45b48378a0c34898e43eb69d5e67c6e33a612,1748,2,2331,0,1
games/levels/mario/marioland3.zip,4ebbf834b0c694a46ca26e1b0405ba5cda20bfd88beb891f5216983382613404,2158,2,2931,0,1
games/levels/mario/marioland4.zip,31b2d6eaa1c98b397e26b5f5799be234703927c9a23d06e120fcb87498c9f770,2310,2,3307,0,1
games/levels/mario/marioland5.zip,8040100a856840733d0eb6d9aee0290edd4ee8c3ed21f07ab4a2ba8d5724a315,3587,3,5420,0,1
games/levels/mario/mariolands.zip,b87302d4f9d545e2ab5a4e1bb2f8ed48e40eef4b0da16df977a2c066489d905b,2501,1,6846,0,1
games/levels/mario/mariolevel.zip,4b0eb0879666cf8902593ccfce9e71bcd5e1b354c26e334817dfa67d7d73f6dd,1720,2,2337,0,1
games/levels/mario/mariolevels.zip,b83d488f3a2e319ddea1b70693a398850d58b17a885a35d0b6e33530da8e4060,23584,13,56912,0,1
games/levels/mario/mariolvl_fun.zip,ee25a1af7465ceefd88bb3343aa5f1cbd815986aa5cd09eac475805a7c98e903,1626,2,2336,0,1
games/levels/mario/mariolvlset.zip,0579bfcae7293dfdd4328fa4c76026dab57ddd0b5fb88829a3fb7ac6fd75dd04,6390,1,11701,0,1
games/levels/mario/mariolvs.zip,a4b73c9f02c55d3da54c743840716842be1f004f53637cc3320d7d0664f78515,4094,4,7036,0,1
games/levels/mario/mariomm.zip,979f4991ebd3d55238a069ad1b0d395af69dd7d02565bb18e4966d8b7d854a58,3246,2,4910,0,1
games/levels/mario/marioraid.zip,42490a30985a1fba877914c8c730293273c34747281244eb9a80b92f098bf05f,1932,2,2509,0,1
games/levels/mario/marioryan.zip,d34b453ee0a57d00156c30e77eea130c890f6ad42fe9b97afb167289d040aa79,1956,2,2529,0,1
games/levels/mario/marioskytemple.zip,9edf16a44112de44db9d8e9372d345463107efbd38b5c81b23dafdde0a34dc79,3849048,6,3849883,0,1
games/levels/mario/mariospace.zip,961553b372a7e64d498e10d43baedbb03d1b6602a339190ab28fd2d188439fa3,3736,2,5660,0,1
games/levels/mario/mariothelaststage.zip,4ebb28266cc8932cedbb1902553c9a02a4bab271bbb707bbbc3f0ff1986b80d1,2202,2,4326,0,1
games/levels/mario/mariotheta.zip,97c10de3e6f9b48183e826e43a4bef4de7825690fa7d4ce69b455c9668e0af3b,5361,2,9968,0,1
games/levels/mario/mariotworoads.zip,3425683df3ededad9fffd33a7e4431b5810cd4ea59aa05e5ee6dcec2150e7790,1341,1,2195,0,1
games/levels/mario/mariovslevels.zip,eea4d3e459105f0d8c915ee8c0706ba681b612e7f6d0929ab07c169217057980,4068,5,4501,0,1
games/levels/mario/marioworldpart12.zip,f9a9d16973a339eeea6f8f93b28345a5ab16b7da374fbf6e7111471a698e624c,2681,2,3520,0,1
games/levels/mario/mariozip.zip,5d317a136d87e76dd37d47027f6ead966ec61daa74ff8a07b75eaa9160e34eb3,5511,2,8631,0,1
games/levels/mario/mariozk_.zip,ee821590713d5328a2525b61698e44717cd5ed67a7d800e1b1e06cc9eb4e117e,1464,2,1707,0,1
games/levels/mario/markslvl.zip,f12ce8ed766f8b1792eb964313adf2cf46ed418763d4fbbf84ade8118cb595f0,1717,3,8427,0,1
games/levels/mario/mars.zip,025dce0a7839769c45a8d1529fff93bd6fc553b153148ba885dc2b9222c92bfa,2167,3,3919,0,1
games/levels/mario/marwhack.zip,ba846823515eb14a4404e272c37447c38727b368d6fd204f23c8076a268bf3c7,1975,2,2965,0,1
games/levels/mario/maxsmariolevels.zip,2c7448c58d5fb4de432d09e1bf00ac30bafb8ce01c2d7c825eff00c9d9a2d73b,6375,6,10400,0,1
games/levels/mario/mdeck13.zip,580b63e781ede80a21770f03ed955ef6718927f34f7aed4a96bbb7b2154ca147,4019,3,5544,0,1
games/levels/mario/mdeck45.zip,f2a5f495710b665315f4120485aa9867736052bf767293f2f7a93a850c9967b8,2556,2,3370,0,1
games/levels/mario/megabros.zip,4c523c80890acadc599c9852ecf74dec8d9154a57c3f6d7ef3245c87ad492539,2051,2,2880,0,1
games/levels/mario/mf83p.zip,352350ea56832c775e50079a5eb521008f24983b958e4a93f71274beeb31f144,811,1,1124,0,1
games/levels/mario/mgc.zip,45fd56484e2ae43c6c2ea6202f86330aaa34e0ef74f861b8f144c104a0b6f308,3969,1,5932,0,1
games/levels/mario/mi.zip,4cd5043619bc799f5803d1737db120798067b945d1c9d5e325aefa0b1f6665fe,1646,2,2113,0,1
games/levels/mario/missionimpossiblesm.zip,9deb31f38cd3ece9041b47e00422a42182d654fd6bcbc60ba3c2a4e1eec06cc9,2394,1,3466,0,1
games/levels/mario/ml1.zip,30987275316cebb762bc7cd4751429bd116676ae78f7c6da5aaa67460a2271f0,4891,4,8144,0,1
games/levels/mario/ml2.zip,0014c03104d3de457f4e7af12294bb6f4bcad0700bc64a54a15d9ca82f425cc1,4441,4,8651,0,1
games/levels/mario/ml3.zip,d9b3f34e53b72b1b9566c7d470a3e0f605188dac0f92c7f360f39168323d7248,5541,4,11245,0,1
games/levels/mario/ml4.zip,3afcf330d37974e79624c544dd9d9df71e2548914fad9de28f6409a84e904db6,5886,4,11637,0,1
games/levels/mario/ml5.zip,05b83045e590ce35a088d6bcc24ef6171a6bbc9dad80e77cacfdaaca6886b989,5950,4,12064,0,1
games/levels/mario/mla.zip,85ff848ae1d50be167592a84e2c07f841eb620117bb4d02ff080a63138fdc633,3432,2,6757,0,1
games/levels/mario/mmi.zip,7e4fed504e36710caff2a1cd32161d3de224f4d2a750d38739cf759e05c3d292,1981,2,4323,0,1
games/levels/mario/moutainofsteeliiii.zip,c6475063184bafb2be1136e1e32cfa39c169ce7fbaca1b2b001a0ce86567c77b,9869,10,12738,0,1
games/levels/mario/mroworld.zip,f447737f445200decca690ba1763fced83267713f84769240f6a4aa56fcef389,1348,1,3841,0,1
games/levels/mario/mrpg.zip,30ecd51ffebc59f29296063755966409c922aecea579842ef2ff586d5bdf2caf,4122,1,5944,0,1
games/levels/mario/mrpgtls.zip,06fe23ba6bf3d52801b9529e40eb32fea6e690cde4c8389f00a452a1b36712d0,1920,1,2740,0,1
games/levels/mario/mspace.zip,575ac657c1b539723d4438ed98344ba712216012dd29b17161c749bb42015b03,23604,3,25523,0,1
games/levels/mario/mspsks.zip,8a3fd7d754ef2b7eb7e6a0d28705c9682122108110515cc5d0e4d5c0c34637b4,2339,1,4290,0,1
games/levels/mario/mstg.zip,5ed58a6a13504d222667c3e1dd7ee5cbf7d879cb1a9b0d8aca6450bddece41cb,1678,1,2601,0,1
games/levels/mario/mtac183plus.zip,31879c515c33f73cecb699a6fd657d8c8ec5c44690ea14ffeca671397ecce898,3077,4,12253,0,1
games/levels/mario/mvb.zip,c8ed6a35992d7236eb8ec4c6dc5a7fffb834913eb112baa32245ba6b3100352d,992,2,1104,0,1
games/levels/mario/myhijo.zip,5cd6950a1f9ec6705a0ed5d46ac823510167cfd7661011f5c3227bab63bc8c21,550,1,465,0,1
games/levels/mario/myworlda.zip,a2ef94d11b844b5e9219a9dffb2b9b5cc81f48fc22d07adef48008c60a42f685,1431,1,2172,0,1
games/levels/mario/nacholand.zip,c28041ebbe34f0bef701abbf2848a9a182e1f309953c345f574ce0b525f5f205,2919,2,4904,0,1
games/levels/mario/narrowescapes.zip,1b5ac5e73b6ef67a698273f4e50cac59e451570cbc3bef498d3fc2c59f63f0f4,6379,13,6846,0,1
games/levels/mario/neblixpack.zip,dfde6b6a56784fed67cf47bebf5712d42e71cf36e81c0654d19b39ec9d799f19,9941,9,14325,0,1
games/levels/mario/newmario.zip,2d28b3a233ac42e8af747773471b56d0fc8dcd41e56fc198777aa95085f94887,5165,4,8051,0,1
games/levels/mario/newworld.zip,7d92c7fe24fbe99b55652ef28ee0275f938b797db8a12cf3321db55d62026b36,2703,2,4607,0,1
games/levels/mario/ol83p.zip,548bd54da9a82b6d27679cba4df077872039bfb7e4cef4822f6e533491eea266,901,1,985,0,1
games/levels/mario/olympics.zip,9f659980b1f0127bfa601d8970689cb0ed2e4fdf9cabb0cb536033e948d1dcd9,2278,2,3608,0,1
games/levels/mario/orangeworlds.zip,f8ff492b8aa0142b446a21c1d66aa391aeabc29043c2c48b5e5a3c5733e78720,20836,6,67197,0,1
games/levels/mario/original.zip,b9ecfd8b3825f910dacb9d9ca1e0438d9bb293eade40b7ed5ad9670cc0a364c6,1558,2,2426,0,1
games/levels/mario/osl83p.zip,04b2bb0e57925a36b73ee05290d05fdbe04cbbe7a1a4d96216e587706168d880,1109,1,1555,0,1
games/levels/mario/p.zip,3a670a9f4a2ba2150c1ff0081678f11c5c152ca0debe8cdb2016fbe8c453f5bb,3859,1,8252,0,1
games/levels/mario/papagstory.zip,d2291e6cc1066c1d9c96abd0b86a656714c57cb3ca42e133797ae0f7648270b4,1436,1,2710,0,1
games/levels/mario/paradise.zip,d6e3d0d81c1dd7dad96eb53ad50b74fe9b28d2c8864fa8330b60e6178a58aa5e,2813,2,4391,0,1
games/levels/mario/phantommenace.zip,5c422843a20c55abc5beff080ea85da0881c7efe7041e17490c59827e8bd7d14,1807,2,2693,0,1
games/levels/mario/pipel.zip,91fc260530c6a7e53a6c42a73bdf50469c689a8dd624efa4c6066e0a175c2f2a,2063,2,4678,0,1
games/levels/mario/pirana.zip,15a919c2b9dc828c263e81dd110651cb060d22bb8fb3f1a9e9f96d2911b06b9c,2234,4,3363,0,1
games/levels/mario/pkfixed.zip,d2e042943294807ddae28a521aefa7157a1f83dcfd9b7c747900e3321273a3d1,1621,2,2251,0,1
games/levels/mario/pl83p.zip,7f311e21b645303037d033755923c9531a496f0d10522662b2121ae79c3ee1f2,556,1,624,0,1
games/levels/mario/plat1.zip,67f9d216ab59ef6859f16b1f8e35a577ef58a57b0b9add5c93492ceff231952b,1100,2,1419,0,1
games/levels/mario/platb.zip,a3a7fc917d0023c5882a075501dde6ebe47f658e903e81cd9c4beed39fcbaf62,795,2,850,0,1
games/levels/mario/pmario.zip,215eb95199f12bfb57bbb64b5d3f38b73722d0a66aff02559c0b3be7ebcf8ff3,7112,6,11470,0,2
games/levels/mario/pookie.zip,ddb0d0c74e17dca9cb78ce01c6d943f522aba627848bd56db39893f7d02ebd87,2474,2,3798,0,1
games/levels/mario/psycholevel.zip,33af259a37924135407337d0769f3af1917743f3c329d6fedbb5a25ca034097b,2199,2,3311,0,1
games/levels/mario/qbasic.zip,c291f125e88f0dcacdca0fcb0fab02b938f0f62307412a5ebb20cef622d7eac0,938,1,1557,0,1
games/levels/mario/qw1lab.zip,63fdd26dab423496557e4131cc5d6b659393e745030339bf329d0ae796b6e4af,2115,2,3005,0,1
games/levels/mario/qw1to5.zip,81c82ef988d45dcdd755737751057a3c8bbe5b8d42f353e5f127c4f5fde3f4e1,10589,6,15461,0,1
games/levels/mario/qw2cano.zip,6331aa31afaf04422515086e611021e0c7c9e852e28d72c28cacdbb3b75cd9c6,2513,2,3454,0,1
games/levels/mario/qw3moves.zip,ca4245f45bff201be40c8f39c3f74c19656847d4821ea0ab11804e30e9c207b9,2526,2,3127,0,1
games/levels/mario/qw_1to4.zip,745efd833c9be2e2e31564578b296bbe2df0355d17c4c43fc7da99a5989f27fc,8160,5,11861,0,1
games/levels/mario/rbsmix1.zip,2cdd98ae4e70f940322287ecb39a5ca2033ec0cc59a346975fd6739620e209d5,1144,1,2353,0,1
games/levels/mario/remixii_.zip,0e173a24359631b05199f47344e49e9f5a577af6d1a5112e90d68635df3ceb41,2614,1,3905,0,1
games/levels/mario/resistanceworld.zip,b9c66b1bbaadcbd8d055af18642d0bf1e4cb68f1fee1ff4efa183489aca1ac3f,8602,2,14184,0,1
games/levels/mario/revenge.zip,c99646e79d363a3e756de7c13bd81e24900b22b064c09ee26b101b47f303ec83,1555,2,1959,0,1
games/levels/mario/rockinmario.zip,e7771e2208c4a71cf065d2e32835b84886c331f00cdcbb96a006973c47c42942,5469,9,6609,0,1
games/levels/mario/sbpmariolevels.zip,9b026966505e642a2785c0e25d57cb157a321a5b2e6d0e99b5df0c5518210747,6855,4,11176,0,1
games/levels/mario/seashore.zip,50c6bd92c32055ffe01ab1ad0ad5364fc7dbb63ee0c8f579772c74107eed8bbf,1772,2,2720,0,1
games/levels/mario/shadow.zip,65c3368497798c22e2d743f55f7cc692ca1413324600c1f762fcb8077cd57512,3235,2,4727,0,1
games/levels/mario/shadowworld.zip,75a9ce25573d57adbd07482f064caaa16a238ceed5762b453ae62071ca427286,6025,2,9941,0,1
games/levels/mario/skilltester.zip,20792f3a3269fa4de72ffadcfb3a03b65ea390fe411e2f3c0e948c32fe309a0e,1633,1,3316,0,1
games/levels/mario/slreclps.zip,526c5f86e5959397f0f056228f30db5d50c501626d88fdc9990c37ad0d6132ab,1207,1,1800,0,1
games/levels/mario/sm1.zip,5cb7bf3dc88f39258107d35319cfabc0ffba9491b34c7844dacf1fd5c8031e70,1406,2,1998,0,1
games/levels/mario/sm_impossible.zip,5478df45b1400ef16ef860967a206203c3c86579756eab2e3141a6fd7e9f733e,7098,2,12210,0,1
games/levels/mario/sm_medium_levels.zip,e6cac177b9cf2d282074ee58f95ef1824eeaa80495271f9c2e0815c204bc8156,5446,4,8407,0,1
games/levels/mario/sm_random_levels.zip,74756c06ff371c3323c306f97308ccb88cc1982bf7bed43c8fbd812d246b55e9,1285,2,1562,0,1
games/levels/mario/smb3world2.zip,f28a854f66062f59fa42ce4408bc9b186c74a626c06e8128130aa67bee19dab2,2870,2,4757,0,1
games/levels/mario/smi.zip,7b96cd1866c3d5829fad8949d5056b86fb00470410ddad461461bb77211c8aad,1544,1,2109,0,1
games/levels/mario/sml1.zip,06b46496c7e856fc6254cbb137d592dcc8b866cfd84f4be632cdfd31eba428ea,2528,1,3932,0,1
games/levels/mario/smland.zip,447a5d7f66d5ecbb12c0ecb5382775777bf731730303ef6915f540bbbbfe4f30,3110,2,7484,0,1
games/levels/mario/smmi.zip,b9c1be176c6c7dc5ab338bc750795124a632224b916f2c9e238a1161273b2c82,1801,2,2773,0,1
games/levels/mario/smmi1.zip,03009aa004908325888cddc386efa94adb4f31594993458bc5381a0694712d2f,1669,2,2285,0,1
games/levels/mario/smmib.zip,27124ec00a028dfdfa1d9194b59210a3cf886fdc6f4988fd684e51c1779b9f7a,1793,2,3028,0,1
games/levels/mario/smrx.zip,8f191e82f5e6c2fd63f7e1d8f5d0e6ea2a18728db14731d6264c65fcb7aec1e4,701,1,1020,0,1
games/levels/mario/smsec1__.zip,abb2e45a17bccd908d75cbc811e22588249215a6e81b96c27fe73e6019240787,1176,2,1399,0,1
games/levels/mario/solreclp.zip,6ce9bb6e908e0bcf351a589af7281417bb506ccbc15f1b1ede1f705d1f7e9d48,1047,1,1385,0,1
games/levels/mario/something.zip,a25d337f6b6d8c8107e7b4dc77e439cb0b401945c3afd8144ed630405262f666,1050,1,1318,0,1
games/levels/mario/spar10.zip,65926501750538d4fbf4fc58b20a0f21ffbd7482d09d9a845643ebf5ce63c35c,16216,3,28429,0,1
games/levels/mario/spikeworld1.zip,de6ee59ea20666f6b0ee187c88ff6895fab20f98c13fbff106c66bbf34022a58,1579,3,1553,0,1
games/levels/mario/sprctln1.zip,68f27c7efa084b31857109cb476ed477b0e0b4cda9e1683bebec3dae02880677,1008,1,1199,0,1
games/levels/mario/sprctln2.zip,8f6714a585b1bd43a8bb299a6d075a2cc022bbb37ac5e2e7dbef3c3fbb80bb30,1042,1,1239,0,1
games/levels/mario/sprctln3.zip,0bbcbd1d068e88ca273ccfb3364a127d91e432b244c2fe5a99b0dc0126f7bab1,1891,5,1501,0,1
games/levels/mario/sprctln4.zip,b0b474e9dc747fa75792986207e2b3313790232664917709d139210a9515ea56,1819,5,1599,0,1
games/levels/mario/sprctln5.zip,dd923969e5dd34ae95e54216748edfc0991045672a932b369380bc620b8fdf98,1709,5,1401,0,1
games/levels/mario/sprmlvls.zip,2e1524f0046db45efac64f891020a7292a7403e1cd87110a019325421a4d164d,2108,1,6097,0,1
games/levels/mario/steps.zip,41dd34e82b28d6b76a3026f3b65dc2900d912de56749d3c2edf3e31fca697f73,1266,1,2058,0,1
games/levels/mario/strategyguideforgoldrush.zip,78c5d806dd70d2e6ffc2b0ca025e8fcc6dab7dd29f414ac9b04cbedf34f4e442,10961,2,27341,0,1
games/levels/mario/suburb83p.zip,d08622de6c1f9de221603e6d2770208db523c48291cb08b314cfec3f7a0015bd,720,1,845,0,1
games/levels/mario/supermario.zip,73ccb2a11e3dbfbfd3927c888ed3a1bcd7dc47935d0f49b05825b88742b2e7be,2612,2,4440,0,1
games/levels/mario/supermariobros.4levelset.zip,7b1dfd1b9df56a8ab3d06e6a7c7b564e335a434a2f93d71cc19214df3ff41289,4077,4,8294,0,1
games/levels/mario/supermariobros.zip,9ae2174ccde6787da0fbbedbf970a3ea6d3ef8e0c218a6d615d60399655c81b7,1620,2,2043,0,1
games/levels/mario/supermariobrosb.zip,33734934c3f2daeddd74c621e6d2e7526ce39c015970a9a594fded3e76f4e794,1725,2,2090,0,1
games/levels/mario/supermarioland.zip,71741e0113a568ad7d777b255a6e56fafe7eaaf6f5b3bb9c35351f508ed15d80,1292,2,1797,0,1
games/levels/mario/supermariomadness.zip,972cc2fdb70bbcb22aaf7547e9f8e89b4c8195a992c54bd5df91fc63ffefb66e,1043,2,1140,0,1
games/levels/mario/supermariozero.zip,1f5794af9de2d783539d5836e6c77a0b163180da0488cb7727c432af9d89ceb4,20640,12,33949,0,1
games/levels/mario/superpimpgt.zip,7145d1ecc19b5d2d41638c227f0b0c37542de38df7107b7d8efc2a530f8ec281,1167,1,1845,0,1
games/levels/mario/tenpack.zip,f2418e4e3e2538ead179a5268bdb29f24469babc74556aaffadb6b1d847b2a94,1360,2,4137,0,1
games/levels/mario/tetris.zip,946cde7671295c4647c0f69a881136ce480796d0735d5ecf595ce5d0a79e01b0,1847,1,4011,0,1
games/levels/mario/theadventuresofmario.zip,a621227ca415c766cd4fa79244ee46319041aa579d32de6d8a7c9fd9831890bf,2289,3,3214,0,1
games/levels/mario/thequest.zip,c3c6793c4027ca8eb563ec1f055d41e594386519efeb0ebaba89aafec61b5b8e,4930,3,8214,0,1
games/levels/mario/thetotallyevillevels.zip,67f77e0d6c79539b94a0a02349c1a86595b0aaa03995185840a152c61c256441,9731,10,14663,0,1
games/levels/mario/thomasworld1.zip,09ad0f8b555d1995f584297ee8f09d00536aca5d2561bab5cc9eebd341fe912a,1807,2,2475,0,1
games/levels/mario/thomasworld2.zip,7141b20621638b489ab88a5ea9b5188c6ed0f79041ce0644c02ec975ff4bb02d,2227,2,3124,0,1
games/levels/mario/thomasworld3.zip,ff6ff9e4abd231cf491b484bdfdb5ae99208597749ac9e68d6768361200315fa,2332,2,3268,0,1
games/levels/mario/thomasworld4.zip,e6241a1dbc4572d1feb2018344af32704b61aba20c720a30262e64300ff7836f,30481,3,32247,0,1
games/levels/mario/tl83p.zip,617cc09d69f0ca745300a50619b7b6108548b99a5a104e0bd8773836dc804618,546,1,692,0,1
games/levels/mario/tower.zip,a3c4647969758b15df6921d705c2c9f15ad56a37325feffed28afb60478be97b,2698,2,5164,0,1
games/levels/mario/tpm.zip,80a8a500e06bf81a5896e9ec87c8d230d6de2c9a4b140a1e62cca95c1dfbbe44,2200,1,3462,0,1
games/levels/mario/tree.zip,bea293a192b7661176cad76cea094346a11b4c0792a372a4fb7076e70b261760,1381,2,2185,0,1
games/levels/mario/trevor.zip,3c0bf9317c504753227d44b90de8e9ea13a85de5738588b7cc23fa5ada0669c1,792,2,1208,0,1
games/levels/mario/trevorsworld1.zip,aeebab098e4f1dc29e59c0381d3fb3f17476765b453d50be1bc47178b5dc681c,1252,2,1533,0,1
games/levels/mario/trevorsworld2.zip,213b75098e585f0c3c02fbfce6d2b3a126973144b2f0c2504b2d24589359e4cb,1144,2,1493,0,1
games/levels/mario/trevorsworld3.zip,1296f5b8361d70fb1fdf6bc5609043ffdf0fbe6b9d91eda6afb07ca2894e4dca,2486,2,4133,0,1
games/levels/mario/tricky.zip,44eea6e4e7ab8d6bb71e4d343826d7ffc4a4f4055e4de520759fb98df6d87772,1574,1,2402,0,1
games/levels/mario/u.zip,72bcdd5ed6ede157b90f7dcdfa72a2d70ec80ff7f274a3870733acebec5fafed,1261,1,1884,0,1
games/levels/mario/u2.zip,d3e6a6cdd91e4bc2814d95686b512217e306da87d9c470e27fc82df7c88f4568,2046,2,2478,0,1
games/levels/mario/ultimate.zip,a4292b06eed31846d9b584921d73c4e3d8386e966ceef79c5e6d4852e35805ca,8135,1,13911,0,1
games/levels/mario/ultimatelevels.zip,fbe28f5f4753dbd8126fade6656d80b5647e0d286d7a7bc774c2374481c6f692,11340,3,19117,0,1
games/levels/mario/ultimatemario.zip,b51281c7f5f089802ed6caa0d23572d53f1e30d394b44d8a6fc33c8986a21b5f,1890,2,2418,0,1
games/levels/mario/usa.zip,4da0d5c2f2f16360f76d6762b40089c0a6fb78ad8bc2d6cd59c6130f49156c96,1562,2,2059,0,1
games/levels/mario/utest.zip,a56cef6d599c70231d3c523a0806513cf4c6218ae8bf7b100fcdce31f06f1978,1521,2,3056,0,1
games/levels/mario/vva1.zip,814a8c8180c9de6ac75ad86002f7c2c2f232d2d2cc93656f4bde607d843eb385,1420,1,2121,0,1
games/levels/mario/vva2.zip,2e20ebcec4f0f9537c94d956c170de053bcb1dbd97030efd05733007a596cb30,1176,1,2286,0,1
games/levels/mario/vva3.zip,d87034095e3068ff28457992de754132805e8451af639af093d273646934523a,990,1,1351,0,1
games/levels/mario/vva4.zip,cc02da9d3d1f8eacbe4bc30421ff7b1825ba85a137b7790951a22c5c6d50d59e,1318,1,1686,0,1
games/levels/mario/vvb1.zip,a8259fa862fd0583257ca6ed9991c28dd8dc075ac56046fc335e79fe6e68f237,661,1,1031,0,1
games/levels/mario/vvb2.zip,9769e77a58724a81e2a7ee1a8f900aa51861b59bea4053fd806c0f0231a2a902,601,1,893,0,1
games/levels/mario/vvc1.zip,edf6603b82689704e2a0cfa2776fe9ccda40b00e14bf3e58e87d8c88c8c74f49,959,1,1205,0,1
games/levels/mario/wacky_wo.zip,4c3b286b4bf350daa7d27a3ed6fb316c9ba2b9e21f3ede91ca701164cec8a597,2801,2,4560,0,1
games/levels/mario/war.zip,4ad45be48e0350121319dffc6acd65e1287a840439d87abb80565f0d82d0b0bc,3695,2,5951,0,1
games/levels/mario/world42.zip,2b1e10b7be97e54bf57ab70908e2c88676b2891b635235a8da78f93b6473c57d,2027,2,2907,0,1
games/levels/mario/world_x.zip,4e8458e890a0a92a9f8eb4d778ee8d9a1bd74d805fa91f6b6c0e0851398ce5fd,3095,2,5558,0,1
games/levels/mario/wrwrldrx.zip,8af7bec53e37fd81fea53c448a533495e5485044a1271adac12af0193801cf78,2642,1,3711,0,1
games/levels/mario/wtrwrldr.zip,bd8d9ceb09b18344de70eeb11351664486d177a6da45f453b96c942f882d02c0,977,1,1318,0,1
games/levels/mario/xmas.zip,fc0b9f662dd50df569357bb786e07ede14179e284a444dfd2f44f8e628685146,8266,1,13250,0,1
games/levels/mario/yellowworldlevelset.zip,a72da7eb33245bf44ee6306b5827f7dbf977763e641870ae1e7a260b4a8451ea,4557,2,9704,0,1
games/levels/mariorun/jumpy.zip,69e7d7e5f9f6ade4629b7c00208471fc4e7eb67db639589a481ab87dfc878749,847,2,1750,0,1
games/levels/mariorun/mariomix.zip,e65ad29731110708bf2c094c46d1addfeb4dc2d9fbce0a328131d383e12da7ab,2753,6,6157,0,1
games/levels/mariorun/mezzyplus.zip,710945bb48325fcfad158ae12694c4d6ed604ad22935f494895b8edc0d657161,3126,5,52520,0,1
games/levels/mariorun/mrwonder.zip,bc644f6d7537a1d8196bd9665f183ba70cc693e4562bba432575437eb070313c,704,2,1217,0,1
games/levels/mariorun/space1.zip,d1076eb2b956639a1ad6df618d29a12113e05128f5a0bc9f6204a248b6d01991,689,2,1300,0,1
games/levels/mariorun/titan1.zip,567f50c7c21114bbb166b0cf22e9a477f6c1073f4c2fef925d68e94e84745c99,710,2,1339,0,1
games/levels/mariorun/titan2.zip,2fc961f82aa7d99459c239b78d5572086d1d17fc68a5b85e73c2f44ddcafd733,573,2,1141,0,1
games/levels/megacar/crazy.zip,fb64d004d94c9a6e41df0d837083292c351bb370dd3dcd5e1c64841db31ccdbd,5480,2,5541,0,1
games/levels/megacar/dust1.zip,a954b9f7f969b327837216528d0b6281a33014e46576f395b0affb3da157f667,6328,2,6379,0,1
games/levels/megacar/grand83.zip,11ab8a242d19fdebe5bf7edb40a901a8da10e88152dcf199cb4a81e423855e67,977,1,871,0,1
games/levels/megacar/mcmushroomcup.zip,7a90be4a2df7cfb82d6b634ecae8ad7c8acd40a4c43d5242ab4de494de7c31d0,49430,5,106294,0,1
games/levels/megacar/megacarjcpack1.zip,86dcd4a9491dfca117bca456ccb66209e08f9e63486067c05ed2178a3516768e,12726,8,12252,0,1
games/levels/megacar/megacarlevelpack1.zip,6c007af0386c55b8444437d827d834d22afc6fbbcd87800e9b5ea2798b82c980,1299,2,1114,0,1
games/levels/megacar/megacarlevelpack2.zip,250d1d38e929fc92c380439e4e9145404d2bcf0d9471691550a15c5b3c19b75b,1713,3,1442,0,1
games/levels/megacar/megacarlevelpack4.zip,1f0854a808fcbc12cbf278486d3f2a8121c374a7564ec86dbdb1330846f1dd20,1556,3,1269,0,1
games/levels/megacar/megacarlevels3.zip,ff2a0c41e41c8086538aa1f0eed8ebd4594b5680ada81a8300a7a2e0d036ee51,1732,3,1420,0,1
games/levels/megacar/ninlevelpack2.zip,d8c83e326243cd89eca1bff4bd91490d15a771aaee545b6b6e4816d3e8eebc37,2118,3,1866,0,1
games/levels/megacar/nintendoseries.zip,7a6f000721584fc6ed835ebc694a298133098f917c26205abc06d787de7fb847,1624,3,1387,0,1
games/levels/megacar/obstacle.zip,256a2c0ecf8e08dddbc8c3ea9cca02c6534a602ad861a43069aa12db2dfbb4e9,5802,2,5880,0,1
games/levels/megacar/offrd83.zip,a3f6b83c51d58056474211956860812c050f6035e80a0c728de5a9f13e61ce5a,1129,1,1027,0,1
games/levels/megacar/omegatk83.zip,a829cbd6bf1bc0ebca56ecd4e10c270a29dbc9fc1d4fe7736eadd6ec98d8b80a,601,1,538,0,1
games/levels/megacar/smkartset183p.zip,4432174cb8b401371e079e266e97fef55a640ba1c103a360b4e948d26ccfc0b1,4291,8,9718,0,1
games/levels/megacar/smkartset283p.zip,52b6df36502bf3927c8c62311fadfb8de6f333961f14ecf80ff51425fbf560a1,5343,8,10762,0,1
games/levels/megacar/smkartset383p.zip,5a995a0789431170a9b3b8a99accdd3656f591452adf412a7c4e9ff149af2494,5534,8,10894,0,1
games/levels/megacar/smkartset483p.zip,3c3b3e0045bd600ae7c21655a201fe9ccc9be100c72bb2cd9d616634f4234c2a,5510,8,10878,0,1
games/levels/megacar/superior83.zip,d6e5a89678efea85ec4da1225ceac4a6398b0dcb5000938e8a86f856b843dcdb,75066,28,1265514,0,1
games/levels/misc/aspeed.zip,136c096502660377710ede440304be98f83901388f9b874af6011775655dc3c5,28177,3,30188,0,1
games/levels/misc/bdcodes.zip,ee7185530869617ee5c7d4751eec305e0b5745ae59e14aed82b9720efd97de39,319,1,380,0,1
games/levels/misc/coolstigmalevels.zip,b6f2b740737c7b67b895e63e27bc00bcccb32ad499a63db57b1ba47372ee6acb,1134,3,1624,0,1
games/levels/misc/crate3dillusion.zip,194c259d109062ab55f04434f005706386503e010092f66b34255376afd3a24a,822,2,2239,0,1
games/levels/misc/fire.zip,523b316e5280f7cc73badc53155f85ff1d1b177fe200d1a9f4f1e214aa249970,8582,4,34219,0,1
games/levels/misc/gclevel1.zip,5f9346732d62c8b8f92029da70521229fef5a7f2bc8689c10a5bc3859eddb5a9,2170,1,3041,0,1
games/levels/misc/gclevel2.zip,d52e5e1ec8595342dfdc4835b5354280e479fa11b8020e16456d2ecc6a52d484,2240,1,3362,0,1
games/levels/misc/gclevel3.zip,62bcfdae2f26492452283d29a778c133924b9db2d4578b8afcb2e2828572436d,2217,1,3336,0,1
games/levels/misc/glvlpack1.zip,9b519b592ae3bd2daf6dbbbca5222711a57be12b364cdc16fe366914037f9fc5,3930,8,6940,0,1
games/levels/misc/glvlpack2.zip,952e4e5076baa1854d6f378c869552c91daf09f813c989f1578c011390f4ffe3,3768,8,7039,0,1
games/levels/misc/mattslvls.zip,0cc457d1ce9b4cd0e99a711926d820b46ab9a798d0c312935af8c9648f3be3f0,679,2,811,0,1
games/levels/misc/niblevs.zip,50f139b9c6e2bae1bd0ed32017aa66d45538fb7359e1d7a5d12bfdaa45d900cf,341,1,341,0,1
games/levels/misc/nibs.zip,edbe042290c0546b883124cd07f5d09b203421528fa09c24d5bdedb353432885,2597,5,3015,0,1
games/levels/misc/nicklevels.zip,359568683f9d748eced344d0d869bb22dd7fa8a91a5ad949fecfd1dbe8c1cc75,1538,2,2883,0,1
games/levels/misc/reptonlevels.zip,6a199470fa1ca9200242567a0568624b81cc5b211cd2427f1819577d502d7536,2251,5,4587,0,1
games/levels/misc/reptonlevsst.zip,f0e8a7c4ec126d2c04431acacb0e7587b995f385bb6de654e397315535f4b639,1006,2,2143,0,1
games/levels/misc/slolevs.zip,8cfac3085fae5741f18c409ac3c82d4697c9fa5eabd3e5d2fd8941fe7598b9d4,1070,2,3188,0,1
games/levels/misc/spikelvl.zip,9c254bb6406837879467c4ebaacf9958de7b1b7746c9523be1e8d2c0d48ac34b,490,1,1998,0,1
games/levels/misc/stigmalevel.zip,0d56673e222e951e2b213067e7f9753d9e4daecedef0cf0dc6831d60d94ce25e,529,1,1052,0,1
games/levels/misc/wadewrld.zip,067c4b8e263b2e153a4340d047ae682233cd47fc78831d889b56d2f8db31a9ff,7766,2,20517,0,1
games/levels/misc/warped.zip,690e7ad67c8066f43d8569a3f05515e19e1d9d6204aed8e72f03181d6f6d31cd,43637,7,74864,0,1
games/levels/misc/wizard.zip,6695e4c417f0e0b83e61cf297bf2bd6bbfa43934cd230065faaaab7d45599e4a,3082,1,4644,0,1
games/levels/misc/wolf2pk.zip,35d9868ec338ba919d0b29d689d1a04b97551e705a62dba0d337ccd780e1a554,1724,1,3441,0,1
games/levels/misc/yohan.zip,22d2f5b0294bd2d223248205f5b4b1433ddb9da425d875a09bba82c00dfb927a,1531,3,7528,1,1
games/levels/misc/zblinf.zip,ac07a4815dce5ee9994c1ce3e5a83dee8b1525cbb9d682c96890b95ae884185c,1328,2,4015,1,1
games/levels/misc/ziljason.zip,205b35977194b6eb5fd0f577f2c2bc67505b52bb7e2e65ae6b6119b185dad6ef,12175,7,33648,0,1
games/levels/orzunoid/666lev.zip,3487d8d4aad748ade240c9b2f15cc2c756898adb8173b2824fca9a178764b4e8,1891,2,3214,0,1
games/levels/orzunoid/arklvl.zip,b3d83902d23983ac8a8c38af7bcb14a0ab1b013439a523cd15a2ef09ecddb277,1588,6,1200,0,1
games/levels/orzunoid/arsonist.zip,bf9c97af60445430ef5b1194a7d73e503b96e229936b61ff80c47a5b69effbae,2484,2,19656,0,1
games/levels/orzunoid/azo.zip,1c3d63bf20f4204058a609fd22ec98a20b56bdaeebd352d5c67ffc99c903176d,42797,80,43136,0,1
games/levels/orzunoid/bretorz.zip,e2bc268521b1256391b222523d234fcebdd1847009d06dac91b7176364f73f1d,2533,8,2021,0,1
games/levels/orzunoid/cool.zip,07a9ffd55c2b43a4eca73a5118f3d8e83a2c6242a2085300aec694b0290b3c21,272,1,200,0,1
games/levels/orzunoid/coollvls.zip,9bb7e5cd5934f5559967d4d6250238b1cf06f7a6ade10808e46aabe4fc3fd37b,937,3,833,0,1
games/levels/orzunoid/dificil.zip,78ad0444dc3c8f71a4d36f4ae7c90f14d844dad72ec456c67a1d8abefe6108aa,278,1,200,0,1
games/levels/orzunoid/faces.zip,00abd19dc4a1b0478a950cc7fb8936d737f662200144f6760f15bbfca96b914c,259,1,200,0,1
games/levels/orzunoid/jason___.zip,bd0ead62e4840c63d3e6115b9e6c778c00c13cb66fe877d3a4d0a53cb0e7a3a3,282,1,200,0,1
games/levels/orzunoid/jefforzlvl.zip,d68c6a997dd3ae0bf916a2bc78f60478a84115d742b01a41e5a421d49988494d,643,2,679,0,1
games/levels/orzunoid/jumbo.zip,f63bc5eebf6a173b44663b9846eb12fe10e29cdb8eb8ed8cbc43e9d4cb808279,478,2,392,0,1
games/levels/orzunoid/kat1.zip,63e7af8beb459e03fac166dba2d1c35df4c53ab8304e9a90fe0be8ed620f4661,529,2,391,0,1
games/levels/orzunoid/mega.zip,b3b885deba141e90c76d75b76a0c51d646bf23a0539d2599faa16fa6288230b3,199,1,200,0,1
games/levels/orzunoid/orzlevel.zip,fa4cc4523f227a181eedaf612f6e9d39d075ab325e51de5822371aa544849f9f,858,3,729,0,1
games/levels/orzunoid/orzunoid20levels.zip,2c8cbcdaede8956bd7c180d4f4e0757bc295a74c12f2cb4c40e8f7443857d9cb,4499,11,2824,0,1
games/levels/orzunoid/oznlvl.zip,e183ebd1e67c9a8b0d013f9d2b8a2930adb730b404998a78e45e99283923c049,1096,4,791,0,1
games/levels/orzunoid/samlvl8x.zip,69824bac79f2e0b7caf9ba41f705d5d0ce415bfa2a231bc1d85d5bdfe1ba6b26,477,1,480,0,1
games/levels/orzunoid/saturn.zip,afa0da8bf390f026d3a84eeca75bce34f13f7d8dc940bc7d6eb1f7c6472f6d15,4761,7,11022,0,1
games/levels/orzunoid/saturn2.zip,31476e4bd1267bdbe76edb8401142a39e9560c6e30860f73328e56ea8220cc95,5446,7,6161,0,1
games/levels/orzunoid/silly2.zip,cada95c6743022a1d2e2154992787554f06afe4f8f46b96a0379e24e53c32b2a,494,2,400,0,1
games/levels/orzunoid/words.zip,1c906f35668db6d6f25092723c44fc6d992c0dadfd8040b2ec0a2e7c074a92e2,270,1,200,0,1
games/levels/penguins/ae1.zip,a9364c0e3b91902295275b67088ac36d848e08cc1b9dd7058426a159664ebc99,1096,2,2185,0,1
games/levels/penguins/ae2.zip,50f86c9c2ceba502eff4176d98b647039e679e18a3be34d1ebdde5320df8f18c,1271,2,2666,0,1
games/levels/penguins/ae3.zip,df0f062c6984f57bcc4ea7e1f0400a5ebabd37275c24fbcdcdeb790bffd5131a,1001,2,2089,0,1
games/levels/penguins/ae4.zip,48d4e07a358442fef15afe210c7819e1d12912ae9f578a6b1e2f84bca9bc561a,1159,2,2357,0,1
games/levels/penguins/bh1.zip,1ad7230801d4330ae4656f2478505a8b10becd17e093a0ec5d52fd26ad990dfe,1130,2,2123,0,1
games/levels/penguins/bh2.zip,b0277739b5a7bc89c6cc0a7bcaf7e32167de4109b80461da2162474ea2305698,1222,2,2439,0,1
games/levels/penguins/brilevel.zip,c6329a6f1419517fe3838571443309dddee0951c7ad57ba753060af51d12d391,1515,2,2225,0,1
games/levels/penguins/clo.zip,80818b40c9cfa306db422a8c1de7669b80959ad233a44125e9dd46440ef36603,1690,2,3078,0,1
games/levels/penguins/crazyworld.zip,ed9b3736bc830bb52ed6553ed0bba9852bb6ce58b5364a68da9237dacdf6a30f,632,1,1731,0,1
games/levels/penguins/dg1.zip,659ec0b6437ee1a28fd859a6c257e649a3017fc2b7438bf4fd04b6e5311148ef,1256,2,2401,0,1
games/levels/penguins/dg2.zip,d279d4258d23efd3a8a97c18c63c98bd0bef621f3da927ea573605747232c288,1147,2,2383,0,1
games/levels/penguins/doomsday.zip,3b1008ccce6d912d26893e5dcc60e782aa38948abc2b84aa125cfd586983ae22,775,2,1835,0,1
games/levels/penguins/dv2.zip,b7634067871c8b35d8137af4865122cd920862d5971934e316d7faa2aac264c1,925,2,1835,0,1
games/levels/penguins/dwjworld.zip,e9bb9429e96fc2aef44bdcb44aec065b427a1b04effe9328d34aa75676ec428b,2008,2,4044,0,1
games/levels/penguins/ef1.zip,41a3bd8d564c2650e3fcbc249d754f907e4336f5ed34c1ae8f0e3ddd78bb6f09,1332,2,2576,0,1
games/levels/penguins/ef2.zip,cc34f4742da98ad8faec772a254b92a1fa02e83b6895885fca28ab9420c9d0bb,1281,2,2427,0,1
games/levels/penguins/ef3.zip,607e11ea0aeebf0b54a2e1feec9d5bb0995cd122a06f883e7b0fb32670b30fdb,1215,2,2273,0,1
games/levels/penguins/elite.zip,a304a3b0909c0d876045c3517d4784306dc2bc23e3813969ad9441f477519ae6,1987,2,3946,0,1
games/levels/penguins/fantasy1.zip,e41a73029b657abbfd673499654af725106df81dbdb98d19294dac8acea1587b,1297,2,2238,0,1
games/levels/penguins/fantasy2.zip,c826fd22084a61c8dd0581e8128304c98110fb534d99fe3d597ec7344d4ddca1,1135,2,2239,0,1
games/levels/penguins/fantasy3.zip,495f6f4beac05de6a27c88aff4f1987cd777e15ad6b4f4b66287184c8070748e,1144,2,2141,0,1
games/levels/penguins/fantasy4.zip,cd0ed8395d7bdeeb445a2bff88749b867a7ea254b1e813261e9c7b2a1b9db1ee,1325,2,2238,0,1
games/levels/penguins/fantasy5.zip,f2d1388db6f49f4359d901899b044c5531af481962bc885902ec7a5dba095bf8,1119,2,2236,0,1
games/levels/penguins/fjak1.zip,d58b165268ff60830ebcf2dec8a61299ed8285d78e3ed4b5ae94aba954728e0e,1314,2,2333,0,1
games/levels/penguins/hopworld.zip,2f6f2068612e8f1ff334a37417b28e5f55184208516ef125b24e7e675dc985d1,592,2,1776,0,1
games/levels/penguins/jac.zip,d513a76e7926e220cea1eaad54792dc9c1baa0c7d0154e10ef14d86dba42f56e,1315,2,2603,0,1
games/levels/penguins/jagman1.zip,6d499f47978e154072bd471c1f3c7165235bd966215b6d72564fbb321ad8057c,1957,2,4027,0,1
games/levels/penguins/jagman2.zip,64a0f277dc690dd61b641e1493cfd38d641ccd7b775fc40fa784b2e27f3a4257,1354,2,2766,0,1
games/levels/penguins/jagman3.zip,42d32049ffe0a2cfebd5130aca7d9b017a398470c31908820cdf88250347e7fe,1767,2,3605,0,1
games/levels/penguins/je1.zip,852025d14ef7dabde2ad52c611948a88d953993f4e2dec9d65ccbb21901149dd,1167,2,2240,0,1
games/levels/penguins/js183.zip,81ec6984b0dccb0866cef11c22d18f0da91a40d154a39457aa8fe78d219d7763,1593,2,2626,0,1
games/levels/penguins/mario2.zip,b89db01555737c7baa9cce9467ba650fc60bdcacc57d5318acad28dc3eb338c5,4027,4,5629,0,1
games/levels/penguins/mario3.zip,baffa2a7d9fe62a93294f3b43e1448f8ba75098721b3c640c55bf60a7e1caf1a,1290,2,2316,0,1
games/levels/penguins/mariobro.zip,be5d4c7d1cb4e03d5d01a7175ce3319923d6439710b5ac312509f83bda854014,2077,3,6955,0,1
games/levels/penguins/ns1.zip,aa021fe075e91bf776ab6629069aefe7f639a1ab8192e3082da8ef8bd118a945,875,2,1835,0,1
games/levels/penguins/patworld.zip,12e05b0cd65368c6d9a6f4e3862eb668ceab40dcdbd97b2fb50f0f2c1b43242d,1157,2,1943,0,1
games/levels/penguins/penguinclouds.zip,47735367bf4b9c6128511494971159cf8cb84a98dd12fa50af32e7384d54e16c,1977,4,3716,0,1
games/levels/penguins/penguinssuddendeath.zip,ccd2b8ab013652d6ce885fe0e3a5717d09187686b94318bb35cfd408ee451ac9,663,1,1731,0,1
games/levels/penguins/rell831.zip,87e314a4e3a94d5a1ab38f364dce38996a2c77e71a3415d8d5fe68dad967326e,1655,2,3264,0,1
games/levels/penguins/samlvl83.zip,882e66b75b24a079c521bc4d40197fc7baf93c4a8122d077ebef282d01ac4d4e,1437,2,2956,0,1
games/levels/penguins/sepen.zip,8609b5ba3f294705a47a0a1825f91ab658e4641d6098d132d48ce2ef3cb1c3a5,1238,2,2291,0,1
games/levels/penguins/spikeworld.zip,6ddc257a37eb89bd1dc136ea13866d9e79f0cbd4daee0ef058c7384fb7c12f72,499,1,1731,0,1
games/levels/penguins/ta2.zip,53a984ec89914f3f7add26e6b384ed359c1fabd26d0499e51593278705f4307e,1217,2,2161,0,1
games/levels/penguins/ta3.zip,0d98653d8d1078a3b2098431216438994303edaf8a9a8cddd726669e3714f61b,1296,2,2185,0,1
games/levels/penguins/ta4.zip,838b4c11d65042a6d25bf5b4986422521a2e245f5483001bfc9a5b7ae3b119b0,1145,2,1994,0,1
games/levels/penguins/tbworld1.zip,42ba0b89d53b22d57d95fe9bffaa3816dcfb4385aed10e20d953671b6d836554,1172,2,2486,0,1
games/levels/penguins/tbworld2.zip,6f4326bf98e69a03715f46d69b4fbd642bb2fda109aaeb4317f4a6eca8b2c2bd,1076,2,2270,0,1
games/levels/penguins/tbworld3.zip,653bf56e46088228065866fd77a1388a00dae6aaf7bf723cc59f42b2c0790802,1277,2,2568,0,1
games/levels/penguins/thedimos.zip,49861cb164d42f15457d5cb1eeeba095da2e3f054280a7cb87d0103f47c3f920,1212,2,2263,0,1
games/levels/penguins/zpwld131.zip,375e17e81c745f477b15c41a63705e33c52066183ef1511d6a1f1ecb17d76202,1363,2,2418,0,1
games/levels/penguins/zpwld132.zip,fb819c014209c9e307019ff5a8b9d529bd0da3b3150745ac2f74c303771b17d1,1521,2,2620,0,1
games/levels/penguins/zpwldaaa.zip,aade2404c61aaad439bb6ec2009a2bef51ea165efa4c01b4ce346b0a1c832bf7,769,2,1965,0,1
games/levels/penguins/zpwldajs.zip,c95b6dc148fa240620cf16b357261b1d2ec4d98dffec6fb55fe4344bcd0e4abb,781,2,1835,0,1
games/levels/penguins/zpwldari.zip,a5617796a2204d1cb4931f9c36829f8e50b9ee87ca43df3f9cd8dc227df0bfa4,1191,2,2349,0,1
games/levels/penguins/zpwldcrc.zip,247dce09488601ea3fcb64cb3ae9f2351ac1bc0fe92857b41bd5aa609eef6614,903,2,1835,0,1
games/levels/penguins/zpwlddan.zip,561e807da1c27bff47df7407ed58c16e66285ad57f18764f3e6037ba2446d701,1015,2,2037,0,1
games/levels/penguins/zpwlddav.zip,01e44dc91bcaae9dc5a3e0222193b7f5c3e7351571fbc9277cb8309ea82baac1,1207,2,2453,0,1
games/levels/penguins/zpwlddie.zip,c1ceb5022bb0200eba8cd82ba03dfb6e7fc235b65ec63c423f22422c8b131f11,2091,3,6955,0,1
games/levels/penguins/zpwlddpc.zip,9c4490349bf78c056fd8fba978ae78ce3ee05acfae38b84e43e5a65ce817a585,942,2,2037,0,1
games/levels/penguins/zpwldfr1.zip,3cfc8fa4464ee2438b3558b9b80dc9b227be4e8bd5a94aa171e9bbd228ef0367,1168,2,1970,0,1
games/levels/penguins/zpwldfr2.zip,c422337bf7d6acb3d72d28d481e9d2ece3a56fa3616339840e15b1607f95d287,1171,2,1970,0,1
games/levels/penguins/zpwldfr3.zip,2c02e3a981510407c562e19df1016bc9c569fb0af58a54ec775ff3e63d02e2be,999,2,1997,0,1
games/levels/penguins/zpwldfr4.zip,1b57c29c269f606b768ce4090202539fb03c9d7eda7911cf02affff2da4f4a05,1118,2,1970,0,1
games/levels/penguins/zpwldjr1.zip,355f832d9d42d6d224d505d326a0298f107fa857edd7b14fc311fa23fc837e0b,867,2,1875,0,1
games/levels/penguins/zpwldjr2.zip,45611cdd3e6d9858e48044a2a718a52739a486bc773eb9b4d6a37bac625e98f6,930,2,1875,0,1
games/levels/penguins/zpwldmdl.zip,321b6951e6850cf8df3db5bb552226773cb53d583227772837e749daad5d7ca0,568,2,1835,0,1
games/levels/penguins/zpwldmky.zip,4f48d13fc2672fbbeab882ed45f38eb31e83cabf4789c3a74cc4500f68102d19,1107,2,1835,0,1
games/levels/penguins/zpwldrob.zip,3b995325bd9b93f4dc03913e27af47890e893cffbc3bb85c771ef1446cf6bbdf,1899,2,3359,0,1
games/levels/penguins/zpwldrpg.zip,c9b5300adc91164360d87554d42ade4caf081684e5b03958b377be1278d308e4,2106,2,3796,0,1
games/levels/penguins/zpwldst2.zip,2fe870212771ed6ae79a8f098fa3d1780d48cec20457764ea534c98e15b27f03,776,2,1835,0,1
games/levels/penguins/zpwldstc.zip,8cf109cbb9b6d6a87b72d21cc9dcff330e68bca1215bd9c72ad1127345371ca6,816,2,1835,0,1
games/levels/penguins/zpwldwd1.zip,a037701304ee7f0dddaadbcca03fd819699743557f2300b7651e7574943a615b,1474,2,2993,0,1
games/levels/phoenix/alieninvasion.zip,ce3e20e44531e82b333bbb26eb91a3de5c5491db7c92498da81eee1c6d774a64,53999,13,130935,3,1
games/levels/phoenix/deathphoenix.zip,5cb368455cb5f5e9c8d6b3b1e2330ffca2a26df9bb7c376bf02d53feea12759e,1092,3,1008,0,1
games/levels/phoenix/endurance.zip,4e1dff516c971be5899a55271433652381d6bb43899d3506e4ed631aa34db10c,2681,3,6894,1,1
games/levels/phoenix/finalphoenix.zip,8f2c31828d4e46e3645e985a942ac355c166976ec7b97347e49901d0d1878790,1198,3,962,0,1
games/levels/phoenix/golden.zip,4af144741a12a426c045e895f60b15f96f99dd34dac1073cc67eda2738c4a986,61401,14,144002,3,1
games/levels/phoenix/golden2.zip,34e61f60a7d53a6e70744e097ac3c59cef1c7a5e072869a2835472634ffd79a6,60995,14,143514,3,1
games/levels/phoenix/golden3.zip,267677cd783b87fbc6056eeafe1aa4e33db7d84fdf96b62e65cc629582c3f02d,61005,14,143514,3,1
games/levels/phoenix/golden4.zip,6b2cbfb59675a941b9f2913f9d7adfeb8a8f654a595303ba337c8c46fcba0262,1109,2,968,0,1
games/levels/phoenix/golden5.zip,e575e3c6a20eca7832bc1c08235698a868386761ff976968db5e86539cf1a15d,3028,4,9396,1,1
games/levels/phoenix/happyphoenix.zip,9a489381e4963051068ec4b91aca6565c054e084c5dcb032e669acd2aa5d7545,15496,4,21071,0,1
games/levels/phoenix/jaredlvl.zip,0d87216b773782e68f2246ad39086fb1c480d186661ef159c8205acc29df8a42,737,1,924,0,1
games/levels/phoenix/jupiter.zip,4e6954439841cde92c396de033144254bf5484f04a8b8e1f77ac46e15dcedf35,7353,9,20325,6,1
games/levels/phoenix/jupiter83p.zip,3ce3ce33f211998e96863351d27278790bd26d98a032e41d5c7c7a21e771cd7b,4262,10,11199,7,1
games/levels/phoenix/level8x.zip,361f976480f2757b5ad043be04db8ad935a1884ac971957006a2aa6b317341d5,4286,8,15497,6,1
games/levels/phoenix/oland.zip,a05d986bffa8fb47d779638c2f766da60a5554acc799702ea19c2dbc7e5501d3,2851,3,7655,1,1
games/levels/phoenix/omega.zip,fb0e31812bdaff9286ba957b886fac926fbb165bab74ae7517c62b8012bc8721,7837,2,10996,0,1
games/levels/phoenix/phoenixc.zip,1fe5ffc18d582cad13f74b8c8ec481e5f1188258be475a6fa8c58a8d609807ef,20665,3,28123,0,1
games/levels/phoenix/phxandjupiter.zip,6f0dacd19f8a568738a3dfbdfd5982a36c7d49969ead929ed7a652a254ec27ea,14696,3,33046,0,1
games/levels/phoenix/renegade.zip,e195c30cd736c2b62e11ce53f4bdb5f98382dd590ce031ed02ab32d1efba6b07,5583,6,30390,1,1
games/levels/phoenix/tinyjupiter.zip,f43ebae5830948694ad6068f4a05e19010df61ef4fde37adc6706efc26015105,3431,6,14320,1,1
games/levels/phoenix/tinyrenegade.zip,9ec3fd8ebaaaaa85243b5edd413104f54402cff487efb932f9ded0823d7f0df8,5491,6,26213,1,1
games/levels/phoenix/variations/allecto_x.zip,3d159cfff0b5b7c606d4445a926c3de151f44864bee44be9ed3ad34c364e8300,51560,37,171141,29,1
games/levels/phoenix/variations/cheatpheonix.zip,f9d8dafaa227d4c4785cc5377c1a70728bc8181f3343772d7516a496e1608d76,190660,48,806245,34,1
games/levels/phoenix/variations/cheatphoenix.zip,7a89ae866aaba837cc4276a715c59fc6e85887dfaa8a7481817a8ac063eca057,200726,58,841359,45,1
games/levels/phoenix/variations/darkphx1.zip,8b2757baae6f7732310bd89e3ceb1bc9f4973af944476c7806e622b210114b94,87534,54,279397,39,1
games/levels/phoenix/variations/dphoenix2.zip,fca567317d6877b393e8ea5d3d843fa90752a5db47d77364e876a1fa23c25db3,87203,53,277569,39,1
games/levels/phoenix/variations/futurephoenix.zip,4ebcd28b575dcf0532e59d687207b9556e25bf30ace916ceb7b3232ba7b644b8,5869,1,8139,0,1
games/levels/phoenix/variations/goldphoenix5.zip,dec8f649066cdcc9deb6aa44f8c4a86434b5c95626fe656f67469b352e908a4b,6635,2,9001,0,1
games/levels/phoenix/variations/goldphx2.zip,5c7b8fba18206c53c6b45b578547fe1bf79103d515f97e3b581fdf8a20c14d85,80690,49,269521,39,1
games/levels/phoenix/variations/goober.zip,7a3fb569198461bfea0ad72f5ec348d8a937ee0f7777e6acdd5d53a06fa505da,6025,1,8037,0,1
games/levels/phoenix/variations/gphx.zip,28164eae0eb8e588731390cc90d712f0d683d20a93ca228d1b04c72ffc45de74,81946,52,274448,40,1
games/levels/phoenix/variations/gphx4.zip,bb7431bc73a70de9e3a05ad7f67c48987b0ca9b002b3df95d77ad316c983ad9b,6261,2,8591,0,1
games/levels/phoenix/variations/iondphx3.zip,59e5bc0fbf3ae2aae47ed2cb4685c62e8439d58655c28a4b4eea77f7904e424b,85349,46,273576,39,1
games/levels/phoenix/variations/iongphx.zip,359076dbdfa8daa9257abb0b6fbd64db589b88bf27075a519b5a1e07dc75c760,85635,50,274877,38,1
games/levels/phoenix/variations/leetphoenix83.zip,ca7cc0fed862f88294911905ebcf2d3052eb914c3622554ffcf79182d38d3246,5863,1,7964,0,1
games/levels/phoenix/variations/mainmir.zip,97627597f8b0bcb4a51f0a028285e163ee568bcb7d0b96d20e3022b5a31e4c47,6524,2,8893,0,1
games/levels/phoenix/variations/messedphoenix7.zip,5426e7a69f3ff8952290a17b50fe676404ab148d0b0ab47944f35722543fe650,6105,1,8092,0,1
games/levels/phoenix/variations/mirdarkphx1.zip,0991419be8357ebbc62f3d9297173c58ae38fdd15fac26450d43c3f3e6d902b1,80543,50,268253,39,1
games/levels/phoenix/variations/mirdphoenix2.zip,ba04bb62925587a8442c745834e60518dd7799a944aa45c94017f75caf2839a7,81245,50,268396,39,1
games/levels/phoenix/variations/phantomphx.zip,03ba297591481cef3acfc863a3e14a20ffac52f534a1ad43a714c5fc7153b321,272496,59,1392192,43,1
games/levels/phoenix/variations/phoenix_x.zip,01202047cc2083e46ee252f864abb426474a8ff92e4e714c7504637a4a5a59ec,83443,53,275543,40,1
games/levels/phoenix/variations/phoenixancient.zip,1bc4f02f1db4fc3a22f9569249862bf363c8605f6fefa93466529734dfde58d7,11960,2,16278,0,1
games/levels/phoenix/variations/phoenixg.zip,558018df8f2324cdcc105ee3b3c396baeee5347a053f2ccf667d0e5d2737754d,6713,2,9235,0,1
games/levels/phoenix/variations/phoenixplus.zip,148ea38738afab3570ab31e5cc85d1c0eb1d31f2497005267b7c58a1ae170dc9,45280,35,164155,27,1
games/levels/phoenix/variations/phoenixtiny.zip,5919b9c8e3308ea0ec62650bab71ccebf6d3ba2bbb5cb264ff02e856878d1f2e,62911,36,212971,28,1
games/levels/phoenix/variations/phoenixz.zip,63c5086d171686c022761f84c5555d0fce805f33206a21eea10b2ad5d820d23e,83609,43,268642,31,1
games/levels/phoenix/variations/phxen.zip,ad5cae16c3712c1ab5dffcfd4d52bb14f65fa386e8ac6969134ed8b386ea7c17,137470,56,524638,41,1
games/levels/phoenix/variations/shadowphox.zip,97e564b4ff90e77abdc6d386ca6984e12626d54a44dd672debf2d975bf9ad420,14628,2,33226,0,1
games/levels/phoenix/variations/shadpho2.zip,a85395032ec40414737dc1a1bcde491164f20c61f6879c5b67ae2497ba3dd242,14639,2,33164,0,1
games/levels/phoenix/variations/starphox.zip,579c884a52cc80c86009dcf0fa668152279aff1115f084d08aa66b3b691a3157,14628,2,33163,0,1
games/levels/phoenix/variations/steelphx.zip,893bb822c4f1c9169d2ed33844707d01dc98e7b685e515eaeeb35808db642bfd,278151,62,1144571,43,1
games/levels/phoenix/variations/superphoenix.zip,463e7feadc85d2b47db8b3cd8a0b1772aa3f3206bff017e2ddfe4d8b02939fec,6396,1,8397,0,1
games/levels/phoenix/variations/xtremephoenix.zip,bc24c52e95472daca202f28464eb02cff9856e01eeda10f8fa44396d590f2122,16343,4,26730,0,1
games/levels/phoenix/variations/zphoenix.zip,6cde79dcf44a390502dd3d84f6c5cb6048582a76fe89b45b115482dcb8331a3d,13024,3,18463,1,1
games/levels/pj/alphabet.zip,d5329be5a62f25ad937e72d8fee132d9cc47a5fd1f5f411a8b1e0bc2e75c2d1f,795,2,771,0,1
games/levels/pj/betatrak.zip,21ac57acbae32592a653f869fed05e34540bc5ba0f26bfa74ed3c4b4479dcc69,358,1,336,0,1
games/levels/pj/firstlev.zip,904c8bd21cf169fff5b389f73762a9b97349802943b59b9658828485182c535c,319,1,334,0,1
games/levels/pj/frantikk.zip,0ff660bf40c47e377cb7eaa2ab5e9189f47289f69d746a8058bc959fc2789f54,392,1,336,0,1
games/levels/pj/inthesn.zip,17dd7e27e6b39a17341a4a24099480fd31df41195b664a3b1b3f1a3d10eab0b2,1389,6,1480,0,1
games/levels/pj/joejoejo.zip,03d40bf575c095ee1bd29577516d9475d178e6ff5a83b34fa272079488f3a9cf,267,1,334,0,1
games/levels/pj/mikepjlv.zip,870b2ff960ec25fc884079d24bc2a59cfb074792aec762d9b75e91f994630fab,2946,7,2902,0,1
games/levels/pj/omegalev.zip,9c98629ff1df0efef988df1f7355f0cb915a6633c87aa8a9c6635c6cfe28b06f,387,1,334,0,1
games/levels/pj/pjbestlvl.zip,3348f39dcb3b11bf953916d04013cb28d73aa98862f808cedb5a99ca4012d12d,1029,3,888,0,1
games/levels/pj/pjlevel1.zip,94a2db5cc4f14323fd5b363704c77ec754052383ee02176dc0973b6bb4c61f8c,313,1,334,0,1
games/levels/pj/pjlevles.zip,4e924aec2f223cf91fbe792146ddb6139206f4da4d70bc548cfd7a64ed9e13c6,3454,8,3621,0,1
games/levels/pj/pjlvl.zip,d7b430bc4584266b75b92e288a30ed3efb18c1f253a75b3bbd27a5f5ea335786,691,1,888,0,1
games/levels/pj/platforms.zip,3180193486dbc0636a184da4cadee994f14bb43cfd4bcba0407effe835ef26dd,1112,2,1584,0,1
games/levels/pj/platfrm1.zip,90bd3bd6b5ddc8f29d15bdc7f7180f3c8ba1d0b4ffc5817c540d1576328c0ca3,701,2,754,0,1
games/levels/pj/redheat.zip,e51a38e5410ed9629306bfbc1c6f0cca84394aa9ccc402d81ca9ed16d330976a,1399,6,1491,0,1
games/levels/pj/spinnoff.zip,bc2907372c03c10e824ed499935170a8515bd00113b8a9da186274f9279cc8ee,3202,5,3896,0,1
games/levels/pj/spinnoff2.zip,9da71460f13c1794f70c30b21c3cb53ed593f4561298039ab9dd5a8f7c83528a,1028,3,1188,0,1
games/levels/pj/thelevel.zip,c42172e79f10e1d0100b68afc53376c74f5c58fee9d04fe98581701659fe5a95,375,1,348,0,1
games/levels/pj/trevorplainjumplevel.zip,27182817e55c54cb2fa8ee32051e4beeda3d4d938e2f68d140b6fd9713f11cdd,384,1,336,0,1
games/levels/pj/trevorslevel.zip,b36235de40b2c08f9b0b618957d1cda79ad807ec06d1b5e50a3822a1ee22f025,449,2,369,0,1
games/levels/pj/ucspjlevels.zip,55616c7d0192d9b812d75e24c12b8937f4804e22fae24a42b29a4d763ebc6e75,1562,5,1476,0,1
games/levels/pj/vertigo.zip,a3ee4e05434b82e7cc93e67eec75cbd53a5ac353cd9bfdd0ce0e36c6f86da2e5,1367,3,1002,0,1
games/levels/pj/willlevels.zip,7abdc38355dc3276d24858b864d3f0b3f1f50daa938a56b6033a190db9ddadcd,1379,3,1815,0,1
games/levels/sqrxz/1984.zip,d10054bf47cae388aa29bcc70f5fb8cf7fa629d441461fae37b6b9b1e05c8a39,1447,2,1234,0,1
games/levels/sqrxz/aaron.zip,fcf67021af30c7081f6cac00e0ba716b10af13ae5499446592b3ca245538a7be,1618,2,1431,0,1
games/levels/sqrxz/amitwrld.zip,668454ec5a39f89676a5db1ce704c9441bbd1477566cfeece6863773c1481fe4,1169,2,956,0,1
games/levels/sqrxz/arrow.zip,494f3ae1ab2ee195c0ff5dc8a24f88db8bd89e469005ca1f89c107f1ea5be7d5,962,2,751,0,1
games/levels/sqrxz/cool.zip,df9d51ce45a7f5385f58b78582a25a65903b60c5e93181391b9c0791ffe8259a,3803,6,3207,0,1
games/levels/sqrxz/csqrxz.zip,5bcc37b447bf656efc1570d29c890225622f7cfb8ff54cf80b17bae424bec449,1579,3,1437,0,1
games/levels/sqrxz/daemon.zip,98b05e5c007e9931fdcbb3658a87416a0512a2f5e26af26a3e59b5cb7784edb1,3466,3,4543,0,1
games/levels/sqrxz/dark83p.zip,4a76e41e6e1ecdc92d22e7de993757a16a52326fe0f3cf7fd3e74c810bb065ab,1701,3,1462,0,1
games/levels/sqrxz/forest.zip,87b80fc75701d448f4066ad02bb2d27d58b06ef7415c21862f23d88611f8e7d6,1242,2,1029,0,1
games/levels/sqrxz/fuxed.zip,30f60b365253e1e1de9939dc96b464557054e44d4fd84074ba32cc945fc660f1,2145,3,2471,0,1
games/levels/sqrxz/harkins.zip,f7e191917b602a76d5cd0d8d01422589bac9b4c76e3debd60f16c890d6355c8c,550,2,337,0,1
games/levels/sqrxz/hell.zip,6e14ef9dda1928e8c6e3781dcad62bd8dc25f8dee3bc2fea396ee0f8b15b4db7,742,2,533,0,1
games/levels/sqrxz/hodo007p.zip,f944f6cc6b61f29b7a0986383e7c7b423a87a7e639eebf2f622eb1c5454757a5,683,2,470,0,1
games/levels/sqrxz/mariolvl.zip,e5bbd44e6fc14d25a0e0ebff3930ba0bcea7643d10b1ec46ab9e7d17ef539ae1,2074,3,2030,0,1
games/levels/sqrxz/mazewrld.zip,035c2a6ed10cdb5b06eb1100b03753bc648b8c282550a58fec34e6f9749c33bc,732,2,519,0,1
games/levels/sqrxz/michael1.zip,bc83857f6988eb3f5b7550d12bc37781fdb94a4ae08f4566a4c1f45eed88dc8c,5518,4,10075,0,1
games/levels/sqrxz/parkland.zip,5c9a2abda111dbf4023c43c8094d324000ae313012629e966f79261872fa23b1,943,2,730,0,1
games/levels/sqrxz/quick.zip,7df79bcf903516f9fde10e0171f6a15a50d4c20d8fe018e0a2eab8f6b6804a93,1241,2,1085,0,1
games/levels/sqrxz/smario3.zip,8dc186b8e9a3ea55338e089592c2c72d0b3655c3cba22b9ec456e84d5f5cdf8e,2119,3,2285,0,1
games/levels/sqrxz/smb.zip,f1e39b88244cd088cbf0f59a94b9fcbf0d543f5333c057449b46fd2ffe0de81a,1533,3,1468,0,1
games/levels/sqrxz/smbsqrxz.zip,a55b75b0f81685d497df3d3ed6b92e094c2a2881d954fbd6be8722b477bc0385,2786,3,3181,0,1
games/levels/sqrxz/sqrxdyot.zip,dfea626693371de9f59ad9a94305f481494d01e6167798446cb6d8d25172c95e,1908,3,1736,0,1
games/levels/sqrxz/sqrxzdp.zip,c64a345748fa18bf91a1f7a4a340531fd46547794d9b710aea9b8d97d947f2af,1410,2,1246,0,1
games/levels/sqrxz/sqrxzsampler.zip,edf538f7e8ef035de2f50a6b63ddd4303ed109e2d39f8b67a68ba7ac3bbea668,4527,5,12783,0,1
games/levels/sqrxz/terrible.zip,03c543b79b7ca93619e4fb672a0942d5a0fe2a0dd205d0d6b71329b42876f757,1473,3,1376,0,1
games/levels/sqrxz/trials.zip,405cc36a0e312079046a781dfcdac960545a3f218cdf78b44ba824e6d42f1d5a,1385,2,1172,0,1
games/levels/sqrxz/undersea.zip,8544607acb1fd739ecfea9834f711da54cce6f64411e25ad2846d66d71933640,1838,3,3513,0,1
games/levels/sqrxz/veggie.zip,9a2e7ae9ac8e467c6f0bb77b93b776b7588b76079e3fc98728c68b7a2bd8679c,1424,3,1787,0,1
games/levels/sqrxz/world4.zip,c8ac1730aef5426d8c943f8e42a67b12bc6af0c41604d5c05e3c23ec37d2e070,3312,2,3302,0,1
games/levels/tinycarz/cheatornot.zip,c541a1e58e8950e0143957421038c28dce3a3698d30c9e3b485265cfba6a4f3c,1336,2,3126,0,1
games/levels/tinycarz/circlecomplex.zip,0e87fae3b4ce0a9a108c1a41069338fea2972721bb825c964d452607d91130c4,1454,2,3084,0,1
games/levels/tinycarz/collision.zip,c11b9d18e1d051cc447d65d0f6bb8f9b8e32487dc6a0e66303f2fbaa75c0ce0f,686,1,2179,0,1
games/levels/tinycarz/crossroad.zip,423d48207eb98b66202ce08856447a62d3fb2fd006a8289894d5964f0a5e3cbd,1472,2,3101,0,1
games/levels/tinycarz/crossroad2.zip,bae26cca55ef80a15e8f94a6340d364e8800cf524f93c46b58579d8750d4e48f,1414,2,3169,0,1
games/levels/tinycarz/figure8x2.zip,8bbd2a06988431849ec63da3151d0464b6b266937d13348ad90638720a8cd941,1549,2,3141,0,1
games/levels/tinycarz/highspeedring.zip,5d7ae60ede116cff44f6a88ac658d1c3b5ea974ca0c694af3cea5f974758870e,1813,2,8525,0,1
games/levels/tinycarz/highspeedringgt4edition.zip,b1e2f86a8378530d83300e9ad9709211da71a89ffd25be6b79d5a82edd44af81,6089,5,18545,1,1
games/levels/tinycarz/offroad.zip,ee1b5e450cd11e67185376c6e810dfa4349979d4c1c76982666bd3376ac96659,1265,2,2854,0,1
games/levels/tinycarz/oxcity.zip,75072dd81861bce6a41e98e9be112c44f65db83c727a76fb10320ef8fcc7e709,4311,4,16807,1,1
games/levels/tinycarz/streetrace.zip,32947d393d4be414799f8fc79ac29df60950483a19b64325fb58dd88547634aa,1278,2,8522,0,1
games/levels/tinycarz/streetracing.zip,885f230ea937463f29008634ceb108ba165c78dc15f834b9364de46c2f809bf0,1183,2,2869,0,1
games/levels/tinycarz/theeight.zip,f746842169a3711092c04e495ff264ac3feacb1589acb14a6c8e9996fa67d752,2068,2,8522,0,1
games/levels/xball/extra.zip,b184c8ff1a5b9845de27167e744b24655c62577bc5a7a8303796426ab3c02e92,1874,4,3008,0,1
games/levels/xball/ggyp.zip,f75aa57de18d8bb9d6d03e84ff074dd69c21d9860abd4220f1d08f710ffb7dab,4712,5,5770,0,1
games/levels/xball/mirrors.zip,4ce1b2f59fbbb4d471f19f060cb813ce44e66a6a99f4d98f62637cc330b07bb2,5328,5,6476,0,1
games/levels/xball/pandora2.zip,719efbec31f63eb9b76e55e9d1866ecbaf1ec8938d5cd6ca282c52a357dcde22,5722,4,6300,0,1
games/levels/xball/x_freaky.zip,13aeda0376644d3569c2e24b73686baba719f0879f9035f3f8f12560368664c5,1132,2,1688,0,1
games/levels/xball/xbadd.zip,a64105cb208dd3a767d065c524d1cbdc86f4b9992dbaab9266ae6048e2cb1553,873,2,1193,0,1
games/levels/xball/xballcbr.zip,ca727131c14ee96f3af8654f03e0a075471349777cdcbca0a65a7c31780a0d6f,1058,2,1651,0,1
games/levels/xball/xchase.zip,2ffd6115ad86568583021d2c7be41a303cb29c6159af12b28ad9ca71a00a230c,998,3,1040,0,1
games/lightbike.zip,3993db6543af479f148e2c958d27bb1f9058efc2d2e452b891e94241ae2641e8,1969,3,2407,0,1
games/livelong.zip,0a0ca03f2c680355ad170a4599e0ebba5b2c162bc294da844b4148ff9721bfce,1658,3,2470,1,1
games/macrodie/avalanche.zip,659c57fa6b5320b3882067fb946fe837177b68999dc684f3fc172cecb9595433,7524,4,27070,2,1
games/mariogun.zip,1ce052b11878cd562e6172f541feffa1a195c3a2a721a8ba0c3b0c73b04738de,3786,2,9358,0,1
games/matrix.zip,daec11a862cf3358864fcea031a78e6516186b75855dd10ef170c19ddf0dfa67,3044,13,2625,0,2
games/maxwell.zip,ad34cd2b7b9b0de4073e998a8b8095eb6040cf236054d65e67a734bf05aa0341,20190,6,40396,0,1
games/mazezam.zip,baef552daeb73280824fd5d57c319e30ae15939dda9c9562998287df7b7affb1,11088,3,17197,0,1
games/mempie83p.zip,e29dd964d9e8fc97c3c9377a8209a6291fee0b9adb5ad28a1ff0a361e90c553c,17933,5,31783,1,1
games/minecraft.zip,f5766806d119a1915ef269c24ca91c246cb6dbe80d22c2f2fa0b2fb680e4834d,573120,4,3417556,0,1
games/minecraftbeta.zip,76f8c0c86a680269723a39ba0aff8fe1ad85c5fbcc74138f38a998bcba91d3de,11145,2,37478,0,1
games/minesweeeper.zip,fc4fc2f3eb6962143b285541dd97f5c0555b5ea3d7cfbb474b1e99abbfb2b256,60441,19,187035,1,1
games/minesweeper_2.zip,2f5749425ad210be1ca750039271f5b547c65ce155ec5d9b1d64cd57e582a4f2,2140,4,2561,0,1
games/mirageos/3dsnake.zip,f30f76336b05d297e2ba042e2ca2e105b5988134e6f90aac57f5d753174335e6,4469,2,7781,0,4
games/mirageos/84_chess.zip,28e3c3aaf46dc4a34b3c4883d20a203abff64f69b58a9e53d63ec7e7e9cbf08e,34941,3,117001,1,1
games/mirageos/ab4.zip,cff6d9b7129560554b503b375962a6d1c19ba4d5ef5ace73a314d9cb9d0ef966,17148,6,26177,0,1
games/mirageos/ab5.zip,a07bcd2df91215b68b58098ec941aaf752cdf5184ccef4ab9a5b3e6b4fdc300a,182131,8,200728,0,1
games/mirageos/acelgoyobis.zip,e82bfbc01172d953b18ef7e3681bd1e1d695b5b4ed52d1ce6214509c7291141b,206969,82,504141,12,2
games/mirageos/advr99.zip,9d8196548da01de2b7f0165670ca29164aee1ebe7796c989ca1442d359d44bed,17421,3,85447,1,1
games/mirageos/advt2pd.zip,99b6df9e9a46f15a650e863058efa093c92540261061c2702b35f64a8c825a85,9506,7,13850,0,1
games/mirageos/afrodancev0.9.zip,cbb951efae5d4c60ef310e5fdeaa4cf5f20714278ccdaad00cf2cbb371057aec,2769,2,6284,0,1
games/mirageos/aifig.zip,79542ace7a9ad4233d6786fbe02c3d580b17b83edf74a5099871ec134de94086,25389,12,89083,7,3
games/mirageos/alienb.zip,5e981d56ece8161ae4496d2ab0d8c0227d2392ea2679a97e53124078a875a27b,8221,2,12744,0,1
games/mirageos/alphaleo.zip,16220ce4030c1aa2ad3e3805da794bb8225a8392897c9700a303686cc0e1be57,1400,2,1872,0,1
games/mirageos/alteredphx.zip,551d3be075d21ed58a99810a1a2a6a75710498c49e045462a78c75c385e477d3,196502,55,785519,41,1
games/mirageos/altrasi1.zip,e7b288bbe0aa6397ca1cc038c6200b37c3a791d8c2bd862040c1c9919141989c,2090,1,4567,0,1
games/mirageos/annihilation.zip,20bd6f2015ad2f32a87d3e2ea4cd66a7cc5567c08767fb4f506aa20174a6a89b,24667,4,110031,1,1
games/mirageos/antigrav.zip,70d6153a6d2d536a2b7c24c7d14a435f07870c1d82e60a987d7eb4ac53ee662b,4051,2,7828,0,1
games/mirageos/antinib.zip,36a9a8684e7ebac2b992d35a62c2b5011f2abd629aea0939a82f48603ca101d6,3560,3,7906,1,1
games/mirageos/armadilo.zip,2cba6af0d192f7509a37b08cba0e981cbdc0186ce775f776feef5c4def1469d5,4746,3,11273,0,1
games/mirageos/asmpong.zip,263f84b8df371fd2a3bf606abe99df4775733f748e2de2964f6ce49cc440a629,204474,17,621560,7,1
games/mirageos/asmttt.zip,720e4030a754b901c39f3e7785864cdea7354584ea52c5cc8a47d53ec6717cd1,5080,3,12331,1,2
games/mirageos/astbelt.zip,c80beb964f86d652073623d84cd89189099ee5cb92952312219a80a9c2f5dead,3336,3,12903,1,1
games/mirageos/avalanch.zip,9b1379dd9dd6a45ef39b6248b7e133515b654bc4ba1243f4a72bc8ab20abc2e4,3828,3,13128,1,1
games/mirageos/avalanchebasic.zip,8a77d026e64831501d4fbfe80634d8843580709650a74c4ea168f412ab729674,689,1,630,0,1
games/mirageos/battle2.zip,d37b58472f79a0d5850e415430d1a731f640f650e9d7fe74cebd7704b9eb3818,18300,5,56036,1,1
games/mirageos/bcsk8r.zip,1e8f7954942817352cf418a34cea4a79d4da863689e1b1ec3e74a8ac917803ad,4926,6,101687,0,2
games/mirageos/bcskatex.zip,58d1a47b49095f7ea7ec03e029e0daf5ec96d33961b17fcfd295914f05bb1ba1,7696,3,22369,1,1
games/mirageos/benumberedv2.0.zip,6e8dfd3e9801e8d75e67e7e44d2edbea6b4981f52161d9553d0d74e2740e5647,1056863,7,1121292,0,5
games/mirageos/blackjack.zip,02ee92121f35f6fa7437d6ac91d8f27f3800eca3baebb3528181e4ab1a946842,17716,5,48491,3,1
games/mirageos/blackout.zip,608fde88a60468d43e2b3bc0c395a45e2c1e72ce782d47625371309b26f953e1,11880,7,45252,1,1
games/mirageos/blakjak.zip,557c50c9b8d276da2827296f8c5737b9a9c558631519837a1da652161ac5164a,4683,3,30745,1,2
games/mirageos/blockd.zip,d794611cb072cbcf538f431577a4ce20eaaffb953058efc52e2d4be5eab5d84c,12606,3,36573,1,1
games/mirageos/bomberk.zip,c1babd3f071f80193cd388452cc529a1f0aeeb364b1ec410c267eb54f112933c,18522,6,28084,0,2
games/mirageos/bounce.zip,92c3255abb319417a977ff7598adaacc225eb31a88462b45c7e0de3d6cf6de6e,7115,4,9878,0,1
games/mirageos/boxworld.zip,855227dddf531849eb8be135cbaf437514beb878510a18c51e85d60e50e0a340,5056,5,12987,2,1
games/mirageos/breakout.zip,2428fe230f7e956a13b51c436ddc66aa27c0bfbbc34d9b3ca3d14053e510d41f,12360,5,36513,1,1
games/mirageos/brkdnc.zip,99c0cd595ba3b5b72ee8955131a6b6bae5203dcc060b315d0cc88b5435f51e5e,9444,4,73214,1,1
games/mirageos/bubble.zip,541300622cb3141695560beec95ca27eb0138bc99d8c34aee6fe627295a928f2,265460,4,367669,1,1
games/mirageos/button.zip,40bb709d2b222955624a969cb62994824a64b3a90250eba9fd07f956c780b978,3123,3,6654,1,1
games/mirageos/bytes.zip,35c88b1a490417eaba81df80fa3e29b3d361c90903a519b5f6e52b9d8369605f,6923,5,20607,2,1
games/mirageos/cannyonflyer.zip,96b25389fb7f250f4d78f280e3a3e89c4c455b20d5df7093b36a55e3944f0ffe,2967,4,3408,0,1
games/mirageos/cars.zip,abf7dd060327405bb002091711d5ca3e97fd40759d493d01860ac40cbdf1e212,2504,1,5459,0,1
games/mirageos/castlevaniati83p.zip,776899649c6b30afe2f49362e8f1ff82a00c3f04a98513fa128c992fa38139fc,59201,13,233298,10,1
games/mirageos/cave.zip,c450ee1e8befc8ee0a45bb391616816711265b81f66d21b6082bbc55aa964060,1055,1,2023,0,1
games/mirageos/centipdem.zip,9dab048405edffd1dde8302d2204485bd56520e0cd550e446bf956018218983f,5035,2,9483,0,1
games/mirageos/chess.zip,26fcb1b50399b50b302d3d6a78de6f93ce35f78bd3233131eaa9d3454817b256,5117,2,9641,0,1
games/mirageos/chopperx.zip,59a4d93379c11ac66e821ba5ba4b07194587cdd00c09b610fd04d22b6ac08acc,82038,6,148855,1,1
games/mirageos/chronotrigger83.zip,8b5299b221e1a855596e9e593bbc65c9050e765ffddbbc2c961e0d3d5600be57,7026,5,24733,1,1
games/mirageos/coast.zip,7edb8d78d66cf786ff83ea3cef6889a0fca5d4feaaa516541a4a4a76d543011f,11603,4,22866,0,1
games/mirageos/codebreaker1.0.zip,dd95be4e57138678ed7bd32b2371fe9cc166b2d1f31a71e43ad7bc2c1a0ea108,6110,5,11250,0,1
games/mirageos/crates.zip,681d3e2956574818f90ac195f7d39d485820d4d04c4c22b96c5ad29cbb327693,6687,3,7121,0,1
games/mirageos/crazytaxi4.zip,8155949a95ea5c1379c337f83dba3fdd94df15218572f99a09022740d793fd1d,163666,28,220248,0,1
games/mirageos/cuberunner.zip,e74d74dab342036e9d3ac823aebc4dcfc3d651882b1e2aaa7c89ea7cc6ab83a8,6599,4,11052,0,1
games/mirageos/desolate.zip,780b7e94d4f8c312b2f99b9678ff97a3ebbb4f6461ce9abcaccd9c9d77523cd7,101667,11,139685,0,1
games/mirageos/diamonds.zip,a41e73f715b3a6c1d45a42e7fc20b4f2651830b31238a74e83d11f1e700aa409,12299,5,31925,2,1
games/mirageos/dk5mirage.zip,ce0c775de2daf164760a2859ae4f5410e6c41ab6fb846b65cb7047261d770246,6789,3,9885,0,1
games/mirageos/dodge.zip,43cd94272d3b31aa1b542a4e2b9e8faf9b351bd3841faf5a14f987dad075ffbf,2200,4,2239,0,1
games/mirageos/dodge2m.zip,21fdf1282d73a1021aac633b95b506aa3b9ac24112b76455bd8e615192ff62bb,6381,3,17233,1,1
games/mirageos/doom83.zip,c1e0e80828ba5edc747fdc07d40c6e2195ef6db91df2ac1a64c87df9a243b221,51756,5,69137,0,1
games/mirageos/dstar.zip,0a092be5c7403f0ab22a03ee637513c98e52eead36e572a9f88f936139085f04,5417,3,15886,1,1
games/mirageos/euchre.zip,2b7cb86bdacf87bd9bc341eaad0fe0feae8f5c9e1d4909c56163120b706d8155,13390,3,64807,1,1
games/mirageos/falldown1.zip,8a3eeda8daa78a8b720ac66bcae7b3408d26c44726acdbd4fc3c0cad019c42c8,9215,15,11867,0,4
games/mirageos/fasteddie.zip,5480f8ad242f67c0bf4e4da094f47efdc8c86f563da17699f0b3eaed95531a08,6996,3,9588,0,1
games/mirageos/fdown.zip,396feaec4800d3faf084136b79faa11c2fb0aa44ffa2ef24cbf8d8c3c55b99f4,4135,3,15437,1,1
games/mirageos/fdownm.zip,bc9e717076664799e8feb5e29d23f3be62706ea6cb11b6d621c16eae2a834360,8697,4,34300,1,1
games/mirageos/fdownx.zip,95e9991a248333eb447f820715575ce023585b796d0d2df60ba1a19dcb1c17a5,7885,6,20223,1,1
games/mirageos/fifteen.zip,3ba0bba45c7fa570d5702a4840e4768bbe7cbac4f59b8b7765c56a6eb8f69e1b,3101,3,6034,1,1
games/mirageos/firetrack.zip,5535a76a6269cbe470d6d8ba23b9d38aefc5458c03fe4edd597c04c12a7a42ed,203141,15,243190,0,1
games/mirageos/flappybirdz80byseppebruyl.zip,3d4c9c4a16755b7c7bce158f82d2e7a602f4889569994642e68b52564c03ede3,7762,5,13156,0,1
games/mirageos/flopbird.zip,ff2a27773212aa529fc4afcf7625bce15067e6e368e68b9a9c1b259f4abd67e6,2649,1,5069,0,1
games/mirageos/fltron.zip,187a05baa80c4ec7d5fa2fc006ce50c74d83a7841460e8459e0b34d24909c94c,15618,6,29982,0,4
games/mirageos/football.zip,57b4420173f5284133b35df8e884110084b4324d34d2c70ccb1d296a4f529ea8,10317,5,15615,0,1
games/mirageos/fruitninja.zip,84f5072cf11baa967facd8d518d8b1a041b43fe73be7bffa1e201fcb2ba0801e,13902,23,19988,0,4
games/mirageos/ft2release.zip,7ad58873112ab98d3482afc3ba467983bd4868ae3f37e8976c7ae9962ef0cff8,112279,53,272855,28,1
games/mirageos/ftun.zip,485340a5de04cff58358908ca6bedb54b12936adf141b3ad1b7df0f0ca6d023a,3631,3,13521,1,1
games/mirageos/gemini.zip,f093e979a77a364cae95b839133ce785f60dbc118130948c7aa4b2aad5230b51,102248,31,274857,15,2
games/mirageos/geowars.zip,4ccb2c12cd57c4a83cad48f6f09b78d06d6d19dafdc6bdafbe77e0da536207e0,1630325,4,1811990,1,1
games/mirageos/gravityguy.zip,64aaa02900192ecd9ecf63fa95d32b1f9b3d05cf1e5e2e247ed7e4db889faaa6,9161,8,15180,0,1
games/mirageos/greyscaletetris.zip,ad3993ea9d39fdd43123634741a0fb7412ddb776a1045fffde14bb913a6b3103,10136,4,23681,0,1
games/mirageos/hangman.zip,32a2a3b269485e9d262d8f01e6acdff34e50b3bfcb084005f243bcc3732590ff,60216,22,216362,18,1
games/mirageos/hangman2.zip,7b3479779885e98bb0d3f478c1e1b37e4867c2fd1917baf1f93e7cd3c279f89f,69818,8,150462,2,1
games/mirageos/helicopter.zip,700409dde2c01da2f8f565ae90bfac2e6dabe6e41456d2f957822897d88b72c5,6498,7,7278,0,4
games/mirageos/helicopter2.zip,9e7391e01864f4a4bb85a36d3bac3d00b0eebb9489b796d85ae4975125f7fb08,5025,5,6671,0,4
games/mirageos/impossible.zip,3f6ffe9e439c736d8f8a0baf1c6b959e7e54746e9c69db2ebe66cea64ba9da99,354116,4,542592,1,1
games/mirageos/invm.zip,8b650847c17437896a85049cc1be94ab576a5452ae507ad6237aef433951136e,193440,58,1358739,28,1
games/mirageos/island.zip,fdeb9c77ebc08faea6b43d7280ce42c6ba1bd73512f9356f8b24b1641368f455,3535,2,7278,0,1
games/mirageos/jogaloer.zip,896af327208f29fea53fce2248992e1475532465131a1de1c2422adabd1c462e,9796,3,11118,0,1
games/mirageos/kirby.zip,c34780881b8e018677de4f4a4722d28330bc045a7ebc6c423f0fdee26ffac22f,23969,4,49766,0,1
games/mirageos/knightdx.zip,6fdc7f9c42d6094b59b31e85a190392630105ce227e409555ce1de205fc80355,3524,3,8220,1,1
games/mirageos/koopattack.zip,77de79b01b269155cd52711a0db4618dfb4604bdc1064de684bff84f3164d495,3170,3,4291,0,2
games/mirageos/kryptnibbles.zip,d378665825fa6a37389ed9e066c4c9ebed38b436a1bc718a66c534bbcf4a335e,12945,5,35064,2,1
games/mirageos/labyrnth.zip,401ef8b4d9f31d92a08d1bd6820cfd3c7b9f596c045952244291111de8993ad2,10275,3,41727,1,1
games/mirageos/laser.zip,89154d4733db6252ea2c2fa587083380974bcc6e326f1980760273af8fc371bf,80550,8,285169,1,1
games/mirageos/lemm83m.zip,6c2c82dab67283463c4ddc94401a9b874a3b9657338c12c4944bd0e817fb9039,9249,3,20955,0,1
games/mirageos/lightout.zip,c5d7bc1b153852a253a686b90f321e905d58130d209ee0dd9b91bbcdb9d255ca,3999,5,7430,0,1
games/mirageos/lightsout.zip,01ed900099263b16338eb127256ef20df0407a940e7778c93e2196b752e888f2,6099,4,11916,1,1
games/mirageos/link.zip,75582b405ef7290c3cab367eaac3eb8d6716068cb77216bfcc07b6bfb2f82729,1987,3,2974,0,1
games/mirageos/lite3.zip,cf00db00c1f4f9b277c50223904d387119e7d02d39b94653076d6b6eddf28014,4864,3,13270,1,1
games/mirageos/lucifer.zip,c7dce8708981beb1ebf4ef9eb0e12bf544962a31efa5a8e0f92049e45154000c,5462,5,7279,0,1
games/mirageos/lunar1.zip,1671ffc12e033eb0562cf9e2afebc1c2de4a724cf168ff3fa8b5c0fd6eeb64ab,3133,2,2913,0,1
games/mirageos/lunar2.zip,992a3d6c6cabdb0c46ea814e6aa8a96842231c76027005fe4b9579e6ea5b0bcb,3344,2,3124,0,1
games/mirageos/mario.zip,77ee0fa93cde4904a869a30d8b4466235683c5294b7a810757778e7053ef57b8,5477,3,22335,1,1
games/mirageos/mariorunplus.zip,4f996ba4ee32005d064eb90d6bd02aa3c7f737075dc1d0b61ccb3ff5deb75508,5989,4,10795,0,1
games/mirageos/marsptrl.zip,d19429029cadab774bfe0bf1e7da700999883297dbfca50296d528ff7d67b637,4663,2,7899,0,2
games/mirageos/matches.zip,b373a1be5cf05f8b124570b5e0042a6b1c55462b730edf693d678a42287aa8f7,7671,3,22045,1,1
games/mirageos/maze2.zip,65a4d3dfa27b483f30b29bb4e8d9fa95c0ca80ccb44119c0e70b123d3db13558,4630,1,10982,0,1
games/mirageos/maze3d.zip,7389e997f93fd0ba0005a48ba0b34d9694bfbd9b6a5d9b28167e33dd93264333,79144,56,260849,12,2
games/mirageos/mc.zip,8599097b828652ae7fd4d85585742fbd297a40421eb4058b637fa19afd467177,17151,5,38251,1,1
games/mirageos/mcgame.zip,1429e5f29d324686b467a00df6a58536cdcbbd80c7d7b2ac1e5c492053c1f549,452,2,262,0,1
games/mirageos/megaman.zip,a9e5989abd96fffb56198b2d849d82f3118c951715b382748220d7d2e1b37281,40313,8,146180,1,1
games/mirageos/meteorshower.zip,638efad23184b672033355c0d402f1827646b0baaea40618ce20fe57f86bd2d1,4588,4,6055,0,2
games/mirageos/minigame.zip,f555efd5a8424ff8f8ffa7555d220d9f912a37cbaf9348990418bfeb32a401a1,1465,4,2073,0,1
games/mirageos/mirage7g.zip,f81288a5728f942dbdb49125618aa53edc82fa7f7f9cf2610f19d87f24480258,6471,3,18346,1,1
games/mirageos/missile.zip,a5ada202880fc7ffcfa4ef17a0e776cc3af0eafb3ece7e21272ec1b0af1e3e46,429824,44,593128,1,1
games/mirageos/missilerun.zip,2c8ba1e5fcafaf9c7b9cfe466456059c5b14b9848ace6f945f74017c7098268f,13859,5,33554,0,4
games/mirageos/missilerun2.0.zip,1ec017f1a3c234b3433afd60752782197429d189f007c04a2e0fdf9997dd8bd8,5070,3,10741,0,3
games/mirageos/monopoly83p.zip,d83a074c90c466d78a949748ceb412b889e24caa8f8ae52e6aae906cf5ca8d51,7039,2,10722,0,1
games/mirageos/mosoko.zip,dcef0002931f231e0f64ecacca96f8b9cb0c82d2f0e0fb789f3001354b1d38ff,11837,4,32997,1,1
games/mirageos/mtsquest.zip,4a8adc914401b3141a798eea593e22b55ca2ddeac2529070946efc514193fdc2,75922,8,316582,3,1
games/mirageos/ngtetris.zip,52ee8382ebbee1bc253da9e35711c7a8bee00fbad5a36fde54ab7b1bb4aa20ad,10066,4,29604,1,1
games/mirageos/nightblade.zip,b5b4efe31832c774ff46df7458749e6145fb5f9e87504a4446f6028017f2c384,959344,46,1383101,2,1
games/mirageos/ninjafight3.51.zip,5c7be34ed65fa83336d3de7fff29cee62315af8f1e1725c974b8035e34219304,6799,3,25740,1,1
games/mirageos/numpuz.zip,8ca7f7b022c0cb1c328b91a35f7dea5f023da8bb4806f6818ea79cc6beace869,3287,3,7962,0,1
games/mirageos/orbit.zip,df15eb5d0e661d1093d039b4ba82a42f359cf7f5b38c1e432b36ca5416c892e5,130956,4,183479,1,1
games/mirageos/pacman.zip,4ef9c3f26f35abc06337a400b769c0747ab259fdf86358527b2a79f44eb8ef74,23069,7,87607,3,3
games/mirageos/pangea.zip,e523f8505044569955598a348644c066ca8ebef00d4b5d2826d7bc7bebe4611e,10925,5,13303,0,1
games/mirageos/papijump.zip,b9301bbae8f9a0813fd5f200cb492ae60fb679f41dc791de2e648d65cbe26f8b,7075,11,11157,0,4
games/mirageos/paulsez.zip,b4125361b354e46a6319dcd69cd41c800efd033ec33b5daf5e185a27154deb10,5349,5,14308,0,1
games/mirageos/pearls.zip,ca88b4deb5a469c9fa00c07b1cfdd7ae685e248b5fb045fdd5df27bfe10a63c8,16531,7,52291,4,2
games/mirageos/pentris.zip,7bc9c0555fbbadfa775040bd4f75ed318cccc1d071e78561d156cd37d0198ba8,8391,3,27759,1,1
games/mirageos/phoenixz_risingmirage.zip,c0cab3664ae70da6bdf6eb0689aaed8183d576ef6d8f6ac3075b3fe56ecd957f,86312,57,294999,42,1
games/mirageos/phx.zip,decde09b4b9219593ccd5db001e55ca8cdb32df5c846cc03f132927171d830f5,87913,55,306129,42,1
games/mirageos/pj.zip,d2d92eca10ad58d099f8152088fd8d8440c2ce1ac964756f61a2fb8b12230484,16303,5,44387,2,1
games/mirageos/pokemonbattlefactory.zip,817f29209fa88f371e904dd39f8043ca313194d69b5f1287d55201c8ce0f6790,367064,6,405626,0,1
games/mirageos/pong.zip,33b92de1e28c4259b029a31dc9db562d1e345b05a975656e29c66130358e5684,4854,5,17042,1,2
games/mirageos/pong2.zip,e0d7705662a1d21bfcb5d2664f2106a5e01ea0079c9a21275343f8ef608202eb,2062,3,3346,0,1
games/mirageos/pong_ultimate.zip,53466c56e1aa9bebf0a72709981e121022ded55fc26bec122302ee20e28f44b4,7611,10,12324,0,1
games/mirageos/pongrev.zip,c0e8c68f1a6db73de0d06accb5cb732f18c0c473db63d1c8c58081113fea015e,417923,5,846126,0,1
games/mirageos/pongz80.zip,b8537a60abb9767f8aaae227de6735ea4630c2f21c12d89708ae1538fa575d37,12461,4,28086,1,1
games/mirageos/progresn.zip,5b92032173eec266437fc3e923099ba8fbd1e646ed433d911ab6a6b736c20530,3859,3,9034,1,1
games/mirageos/puyopuyo83.zip,eb743b2906d29051753589e7ad83f145b73da07ba378f648c244d60cfdc14e66,1558683,8,1773453,3,1
games/mirageos/qballmir.zip,85dd04b331088357c376f9f50648dc300e9be1760b1649dd4822d71f572559ac,6137,3,18477,1,1
games/mirageos/qubic.zip,b735cb63e3618969750f5a63d1e0167f62be2f24ce0ea3eb5966634cbdb6fa13,14738,6,31330,1,1
games/mirageos/rage.zip,e54364e264dbb61df8a2fb00b7114e66191dde50906c656356fe9dce20293a43,42650,12,53601,0,2
games/mirageos/redoxx.zip,aa831384900ce78260590636beccd76e0ed7a241846a33f3baec4096b271bd95,2798,2,6638,1,1
games/mirageos/repton.zip,a5b90e8451f74ca01cf268dd978a059050e669d421e2d94d5b8b206d97724a0a,758676,46,1910522,6,2
games/mirageos/reversi.zip,ef346d91abca3074a07b76de9cf4cb06ec135a6f50558e1eb25f2ddedca6a667,23228,9,45481,1,2
games/mirageos/rps.zip,97d917de4af2ec89770eb9455a9d345e3450659bf7c573c9cf4121e8a1f9367e,3102,2,9042,1,1
games/mirageos/rsnake.zip,b2a74ad469c09322ff982d09a3eb9a60632377e8482bc87298d04da0a87d9df7,4999,3,13996,1,1
games/mirageos/rubik.zip,5aa39d3d2dd54b9a0d43ace0027507e914ca70aa0fcc6db81a8a8754e507619f,17265,6,56038,2,2
games/mirageos/rushhour.zip,974ccc3bd245814b6fb45848124abd6a5f28c055e2f31c02f1ae87f2ea5de413,10357,5,22035,1,1
games/mirageos/rushhourgreyscale1.3.zip,72d462b300e893c3e33b7263c5a4852b2b15cdd8acce117dcd70c3cc19b0eb27,12696,5,28100,0,1
games/mirageos/scprotos01.zip,d1b40a00e8361ec4bde8107701164e803392ef9d5fa6b8e8476128dd1497f837,156828,10,155866,0,1
games/mirageos/set.zip,c1f312b0b2ba830be1bc7bcfa6c94f7e2a2ec0247879e97d077e54f18b1d649e,76814,8,121292,0,1
games/mirageos/sf2_early.zip,092508790af7ffcaecd98973c7577d135594ad6696034ce9dfbd98e60ef0c856,17413,3,32615,0,1
games/mirageos/sf2rb.zip,eec073d445d2b25cd31fd75123021b7f88ba9f8c9c59656f22e2045f2661bf3d,32883,9,50431,0,1
games/mirageos/shaksper.zip,fb11d485564ee78bf773eeee9b0da52d93315d1dd77ecd11518ac11a848476f6,9276,4,29203,1,1
games/mirageos/simcity.zip,06ad8daad6aa6fa23c5c667288c2802e76bea3b5103d30601b51981064b142a3,38801,4,45013,0,1
games/mirageos/simon.zip,33fd787d6a73f7adab55050514237fe81b66d8a248114a82e3d5feb80b415c07,5150,3,11854,1,1
games/mirageos/simul2.zip,c64b9fceb52a548b892c0b85bcb54ed5145f48d6f2146cc6a010d1fc033f26b4,16329,28,22301,0,5
games/mirageos/skate.zip,2de95a516e010106031c13cf4f801c0989531cb856f39d384e5c173056da1d1d,65466,4,103652,0,1
games/mirageos/skirmish.zip,675082fa93768a65ba54765013504e9fa030ab9d12ea913b502e1731f1b4b244,18892,3,52656,1,1
games/mirageos/slime.zip,813f5b476acbebeface0f667713a953e66edeb4b4e964526a24c2a7222494039,9760,3,31475,1,1
games/mirageos/sm_12.zip,753c9265b971c2898bb463e662c1d1cffa1c2e34e93546698b8a8a44c7177afd,5519,6,16581,2,1
games/mirageos/sm_15.zip,43e26667f37c65169d2e81fb82efd23d2a3d32e5f24a18f30f0c9ef369e5e70f,91482,11,145799,1,2
games/mirageos/sn00d.zip,9c69c341eda7cf7d351dd5ed511c7ca26c650fe68d7b3243c6ca69ef3c1bd8e0,22570,6,59895,1,1
games/mirageos/snake.zip,10f0a95a2c4d0bc5a5989fd7d593ecbb294e4a745fe28071a954fc5ef99b6b69,34066,5,77073,0,1
games/mirageos/solytare.zip,b2f8055d2e834a83ac312b670b3c8d019b0031921c83bf529f270355541838c0,16843,4,58341,1,1
games/mirageos/spacedash.zip,6820dc79eaedb426422ffd59e660f4e2d651f39cc95ca23c3a7aaf6419011562,1611128,4,1700722,0,1
games/mirageos/sqrxz.zip,a86e50509ccda0780c9a9d6394d1ab52317edee939c215e82e7b72bbf80b2d40,107481,13,122167,0,1
games/mirageos/ssrv1.0.zip,a455a32c45ec6adee0e5963dd77c3344cc3b0ec7415e83a01411643b31462dae,2948,4,6167,1,1
games/mirageos/starwarspodracer.zip,b7e9c8722be52223734900e639643e520e75725e44821df99126b1132d878ace,5356,3,15009,1,1
games/mirageos/stigma.zip,7a878d203146b2472a2ceb07c2d97126fc6932157c70e08b97051c64312e8745,71892,6,130963,1,1
games/mirageos/tetrism.zip,97c798d72fdb854237980e47b85c3b2b29764471219768dbac0952e081dbc74e,121454,4,213050,1,1
games/mirageos/thisistheonlylevel.zip,bd808100fa3738290a087fdc9c273a74ef6f07537d77a508b10042e71e45be85,44664,13,98787,0,3
games/mirageos/ticross.zip,cb75437d849d8cf1ab8c66092759508164da6964ebeb5c9665222b5002e7f188,32558,7,129534,3,1
games/mirageos/tigt.zip,cfa41a3c45216dbfa43139083852ed3210bd4a9b51a5d5c17f7e0cd1976baa79,7106,2,11620,0,1
games/mirageos/tinycarz.zip,7711f2efd1d01dec72ff8e8df646dee973ec98a49a47a9c7bdb1f066ba710c83,531412,25,1441034,0,1
games/mirageos/tower.zip,d948097b056ae280941adff12d20ded00173d837f13ca8fbd3d6bbfbd246004b,5963,4,16069,2,1
games/mirageos/tower83p.zip,7589919662567038a8133d0a49565012e7a8d494ed0ccfeb37cc6c1af76e29fd,85354,19,244002,13,1
games/mirageos/tower_defense.zip,8fd30c436bc57a8c9b47c4555f6ac9aca75d26962f6590bf7269269884c1a48e,4624,2,7292,0,1
games/mirageos/trogdor.zip,b6bc19f7933fa9b08c91509f608a5b3bc32c5405dafd34b8f75597a0184c8a48,862551,3,902771,0,1
games/mirageos/tron.zip,9910a3a44d93ed6e4b923033218ec06a60d94af177e81ff8653cbf4f6454530d,4572,4,8540,1,1
games/mirageos/tvf.zip,3dff87e14d12c9dd28a97254d6f88f8e7fa4e29508a931433fa06b5b6ffa64a7,140861,5,175812,0,1
games/mirageos/tvfbeta.zip,ba8d2f4ca5bce64d30b69a343cb0b73ac6771d533ca8455536e2928a970353ae,777419,73,1313936,0,1
games/mirageos/ufoattack.zip,2a771b9b9060799a3fd76ac8d87d5718e521f3089343131ebf4cc180e8d59780,17652,5,28154,1,2
games/mirageos/veloxchannel.zip,d3225ebc330bbb7830b5b3b8a5ead4a9d70ac255ae97ad281990fdec45e0a945,109441,4,124543,1,1
games/mirageos/vpoker.zip,86fd33cace467160066fabb50fcc249165f60f9d3aacaa4f8d99617c41d23fb9,11462,5,26608,1,1
games/mirageos/wolf.zip,8faf9162414abf0fe2a8c62f6fe754b38af36fc9e86b7855d13dbcb2daa4c041,132654,55,632312,11,1
games/mirageos/xball.zip,48b96a75eac02ae44aa69702daafcd1b4a1b262098c044a70613baee56a64037,5164,5,7328,0,1
games/mirageos/yahtzee.zip,84ce617a7b7f5d3a238ed0ab8eafc3beab927e14be910d1ccbb1fe60e69d0669,15265,6,33335,1,1
games/mirageos/zcasino.zip,f3cc8694373adab1cf283b652438dd71c8edcf2e7f7418da8bc9c338cc830224,54816,13,191649,10,1
games/mirageos/zmschronotrigger83.zip,24717e50b0e02d7933275a54df3ed124006118191da690e22cfd74d85d152b1e,5736,3,18560,1,1
games/mirageos/zrox.zip,7a2592f2f17c41e0ef1fc19558a949d8f83b64ba813177d8cd9b2e6414ef2f4c,130842,220,707513,2,1
games/mirageos/ztetris.zip,024efe244eeda5cdda9201577fcd3e939b74783d6a2ceecce5e434f46eae4935,17198,4,44494,2,1
games/mirageos/ztris.zip,03bd60e91a1d6fff0d6340d1601d93e1b38898229e7cd7543319c7c6633456dc,11799,4,31601,1,1
games/missilerun.zip,2c8ba1e5fcafaf9c7b9cfe466456059c5b14b9848ace6f945f74017c7098268f,13859,5,33554,0,4
games/mroops.zip,801a6a7d870f7aa7f840e9527f522b1bb961d5779e9b2b83a4edfd95c1ec2c81,10792,3,20531,0,2
games/multiballpong.zip,0b163e5778f0b5e5e03a427c24c4b92b256ad7f3df68c8a571018b0740f9e3be,135189,5,165135,1,1
games/multipong.zip,c25a55a2a4c04a08b259b192073bb0f25903a8c3f605c9a0c419f724dbe280a7,189125,8,340366,2,1
games/nibbly.zip,d88625bc217d93fa2191741d4a0cc63b817f160eb4612293ae47f13bf30ded49,49432,19,312902,9,1
games/niblsws.zip,b9fbf6b2f1376e2b2f440a3de52d9d3efb17981abeacfed9d8f153ae456a7295,14829,4,22142,0,1
games/nukewarasm.zip,10f054a7891a7b6b95420a30903a93bdc32bc3cc9e39a496269a65637eaa930f,35776,5,139619,1,1
games/nymless.zip,0713009abd80befaaf25bd27e473d4015fbbfbbbd0fdfc10813f975925d2472c,737506,74,953048,0,1
games/obstacle_snake.zip,df381a7b1b08c9d49449748afd4001cfadecaa5cc5663fc0055c0db79f74896c,34567,6,82244,0,1
games/pacman.zip,4ef9c3f26f35abc06337a400b769c0747ab259fdf86358527b2a79f44eb8ef74,23069,7,87607,3,3
games/papijump.zip,b9301bbae8f9a0813fd5f200cb492ae60fb679f41dc791de2e648d65cbe26f8b,7075,11,11157,0,4
games/papijumprevisited.zip,5ed220e3f81d769defa757a7b749d33c47d2549cfc08f3f90c3f10e5205cc85d,4731,3,7813,0,1
games/particle.zip,b20d935568db6e60ba5c87bdba65f29874a3deac8f6d55a50122d1f0d2643d47,5035,3,11583,1,1
games/pattern.zip,fac076eb99d0460ec87f876ee7f402fc95e70520e2252f99237092bee3b23d2e,1894,3,2369,0,1
games/pogo.zip,24f93ece38780688a325df52f0087167b1f7f62d21e83de00b839a704ed1e64d,2139,2,3684,0,1
games/pong.zip,5a5dd149c07d0a49ee3be889aab58039479537cb1613b786cc2cafa7e2112106,6985,3,26800,0,1
games/powerd.zip,d8bf4ad5767b50563941a3197c6445c2f3b4315868098fcf77f361ed14948f61,50677,19,138766,1,1
games/puzzlerssudoku.zip,6a41cd2b7a49aeff4d302e42138b0e5e907bcbf0c6b3fea632b71b0103c44e4c,17605,12,34480,0,1
games/pxlshooter.zip,8ff99c3eaf0cd28ca09eb0b6cb5a2efa35a0b6c26dc3d8317bc5dbd0e72767e5,21465,11,65105,0,1
games/pyyrix_1.0.zip,5c6cd4da21f4c7c4c9cfa4481ffcfac055dfdc011a41c3463f28be6ae8a7f51b,16754,11,71356,0,1
games/rainbowdash.zip,c8366968148d7059fe75a63a7126a35a349e5f4dc9f0f8a0c0264931bfa10273,8898,3,15142,0,2
games/reversi.zip,51cb24f7a113cbd8baf18059b86230f14c6cd1ae249df7ad7daa4818cc8e89aa,18714,7,42598,1,1
games/roadrage2.zip,e71b1bd83d3aec6e89ee6973fcde574914f272ea011a1df81e7f140001f86f09,4297,4,80136,0,1
games/robotfindskitten.zip,38f9af2f27cf5fc36c44ff3dc437ded6587e0ffad5b8c7e6216c810d415633d5,57167,13,140776,7,2
games/robots.zip,e8482290e234c5a0783d1c9aec2524e4bf2e899e7c2b6912142cdcc11a9f269e,3074,3,5075,0,1
games/rpg.zip,2bef4db1f9c89fb76d689c45f3ec3a8177bc76930d251234b09d0c8a2f16281c,5800,4,15593,0,1
games/serpent2v.1.4.zip,6fcf1b079693c00c1db0e911b67353572dec9e3701f78ea8b8241475cea12843,28706,10,103420,0,1
games/shutdowndeluxe.zip,df82d25f1ab18d87bb89abcb91493ab1b76fe1059a5a0eddbf4fe75108e72a91,731260,4,1017978,0,1
games/simul2.zip,c64b9fceb52a548b892c0b85bcb54ed5145f48d6f2146cc6a010d1fc033f26b4,16329,28,22301,0,5
games/sky.zip,a6912016d8e9e1e1f6e53f08b036dbaa176088e5934185d2142b2fda3c3c4922,44218,15,107155,7,1
games/slova.zip,58ddfc42036882bbfd35e27159f1f91915cdc636d02b900492ede2c85f03d422,1151502,135,2797467,53,1
games/snake.zip,f06484a0a54a29997dd3d31d9441294bb835cfd2b86ce21a9ab12b3b54d34ffa,807,1,798,0,1
games/snakk.zip,a2b0c9222781080b8115d007f91dad3bcd4278e649c2f57c6785e38c63e09a8f,3550,3,81005,0,1
games/sniper101.zip,acbc4145099aacf4d3041ee39f477787075dddd34caa320afb6203a63008e4ff,483941,4,647641,0,1
games/sniper202.zip,4c953ac5a31d7cec956a65ad782648e1b8bafd683d9ba5cb550517c3e5ec3c60,484378,4,648534,0,1
games/spackyemprise.zip,7b0e82b28abf0032af6ce9986c8d794fa7aaa7103601025189b20f536bd59d2d,12977,5,47085,0,1
games/spideraxe.zip,90bcbcab64dd30c0ee4b7f5e6add2adc749f67ceb6ecf3a9c6c8487d959f3f5d,5407,3,9545,0,1
games/spikeballs2.zip,9f3ef1958883c42fa947f0e14cc6129c3bff0b8ead6b23818315040a90596507,3624,2,6550,0,1
games/squarez.zip,7b9f52b621f82e430ff79160350919b37b091afbd295f4d83920de2cdcbfa069,1503,1,1570,0,1
games/starcats.zip,01434af74a6c7ee09a7c065fbdffbb5a9efa043293e3bc7cd07aabc3f68259e4,72775,21,152215,0,1
games/stickhero.zip,cf01e66bfe9d334edf122f5c16bccd832cd0eb3561bbbe8c7753c6002060cfc3,3302,4,4126,0,1
games/stigma2.zip,597e53c6b5f7e356de0ac1db69e8f77f55951380ed19d3c56547dd67d092a742,94053,27,177001,0,1
games/sudoku8xplus.zip,3195a405334a0af793db7045b61a53be715ee939e382de5a748ef8f898fc94f5,7817,3,15578,0,1
games/superballjuglling.zip,c7be61d399c5d2d085f4ab09631f0dd4d620f597967b5397bca07e2ddf339ce1,47456,5,85158,0,1
games/supersonicball.zip,fa6d5bbe27af5d4a2c78f7cb38f3580bc5fcdf5cdecb114a4af377662d567a9a,14377,10,25556,0,1
games/switch.zip,8f519347eec4dec047af0c183cdcb46363ff50801a7fb8325ab021a36db2b457,14810,6,28085,0,1
games/swords.zip,2949c8b5c6a6f97fec4f3af7beaec092a3eb6fc60b5930a787808c1181af0aa9,25988,8,83764,0,1
games/swords2.zip,830878e3449221664b85eb3996992ad0f8b46b7e57183c337930b7e78e5a3397,33696,12,78853,0,1
games/tetris.zip,2eeefeffe3e8cb29f7bfa6db07b0fd31cc181973bd475c3ac66e735f2698a8db,2803,1,3426,0,1
games/tetrisjd.zip,a3fea4fc8b813682efe464d6b5260645843f4df3cf4c0d8ecfbc7492436a6599,10177,3,46179,1,1
games/thestack.zip,90657fdf41c0c14b27194b8e53fe1b871e9e345fa16caef0c824333d69908365,2406,3,7247,1,1
games/theworldshardestgame.zip,d0f2fda4f28697493de95aec0fc43f7d2e5ddf767ee22c002e2b28446348dcf6,15853,2,45146,0,1
games/ti2048josiahw.zip,9764c47e3b5c23c33672db642aa11747667777cc45c4acd01fcdae5467bfe091,623189,5,663766,0,1
games/ti84zombies.zip,9fd346ea96a1378db02c9d591548fadbbdf88bde69aabac12c23598ff239b246,3194,2,6824,0,1
games/tictac12.zip,a98b5a0968fa79a3a085c6fa681683cfe5f12bae88b52db006bc3e80a48ff761,4154,3,10604,1,1
games/tilemapping.zip,259e01cbb5f55b1ea541e918bfe080f8c224b0525f4247d7d920b645c6f34d28,78033,7,230781,0,1
games/tiny_worms.zip,4b803dfd122806320fc8cd43618ba2d9bb7dd23c9286a4c0b219fc64a174a455,149149,6,186251,0,1
games/tisuit.zip,c3332e4a6ebd08de57e329ac7ab89bc0a709f727c9bd33991c9288512aa2ea19,3467,2,7299,0,1
games/tse/coinflip.zip,b184259e1a40ec63e6c00a4b67f2e732ed2cddbf6680ca698299b40dae691c91,1225,3,1943,1,1
games/tse/dpong.zip,ea1c90a97dee1f219a5c5d74f58917e41081ff6f6a0f3eb6d2624aa5c35061db,1180,2,1493,0,1
games/tse/dtrap.zip,4bf06834e11be82874bfb898207fa103b4a2614c81693bd38275f56f205c7943,2935,3,6190,1,1
games/tse/forever.zip,e264fb7c169148acb092bdff68787e5fff0748a8e0e10816eea6b3f5a306fe21,3042,3,6408,1,1
games/tse/hopper.zip,a4d292a9c71fc0422b03edcccd710a676428972d8b43add6276073a057f44286,2763,3,5626,1,1
games/tse/pacman2.zip,f8884adc064bdb68a3abd9a7734378d2451f58dda6c28f79095177a5f252b7c0,11638,3,47313,1,1
games/tse/pensate.zip,d956aa951b86481195398cb47703d0508837d047e7fa4323416b9cfc72c3cc8b,4011,3,10336,1,1
games/tse/pongsolo.zip,0bfa106ec6ade00bea71f2b9538e310ca60ae4902949c01d38d6569f19f3eac6,2992,3,6410,1,1
games/tse/triplets.zip,24493d6372242da53c31699da0a11e93281f56294c2cfec47b3e9231c748bc8b,3436,3,8076,1,1
games/tunnel.zip,d05cd03a0d5c3b876eca1069cac299a02e94cb5a23126942294e8696e975e7d4,382610,6,430757,0,1
games/tunnel3d.zip,5dd7d5fbe8b60b25993450a69f8bdbb8a056ef6bbf89aca2fed95be8b87bfe3b,3708,3,6107,0,1
games/tunnell.8xp.zip,2ffdc3eee520873df0f4b05b37f3280c072f2355d277ad9d47eea2d27d91f9aa,586,1,731,0,1
games/twenty.zip,ed9ee8cb6cd3003226d8d10bbcce71dd3373308bee18155b8641f4b2f3c3c528,1488,1,2159,0,1
games/ubersnke.zip,7ff86c584f4672999233b7586907f4ed101b010bbb6e41df0a63992385ccfb9e,1992,3,4103,0,1
games/upong.zip,8a4b768e4a7c72550ba5a51ba4d4fe4241fb9a88ea15ed7ee6a8ddbb352edc73,2834,2,4517,0,1
games/vector_tunnel_1.0.zip,5063e79fec1b44b4e63e041ff4d8aea90a52eca39fcfdacf99a4c83933832538,4326,2,7936,0,1
games/vvvvvv.zip,229fb02d8b03d86a922584991473e00a9dad1476dc6a9dbbb2b9c3182bcf729f,10016,8,28421,0,1
games/wallball83.zip,ea02c912b0d9a368f8048952898ddb46a4d2e3e59a6f57acbd003b096a90543e,308300,2,495877,0,1
games/wizards_beta.zip,2ad6dfad2ddcb970fb15ffd4ff49893843239d62f843ef5f43e22fa9901ef0df,158899,11,236586,0,1
games/wormy.zip,717b664fb9e1947ca0efdc6b9c116a2967127355cae27560c6af416a364708ae,3812,4,7015,1,1
games/yahtzee2.zip,ac40162b1e0b9ead42f02dbd0b03ffa5633ec01def0addfdc9b1ac0dc9ecfcc6,77859,3,102280,0,1
games/z2048.zip,d1e4f3536b0cc4c1f41a25a8db22f139ec3d1b1be6bf84a7ff3b0c085104769b,9456,5,16558,0,1
games/zahlenraten.zip,34315a66430402afff97d650d0769fc6860f2534b70d2efa1194bba16f0c074d,14894,8,27888,0,1
games/zmegaman.zip,249a81edd09b661676d9f5c2c156bfcd303281e54771faa7052dd1d03c358729,354943,347,1271017,84,1
games/zombiegun.zip,848db84f5763a98a6ae8bdfba22d5597f1e124273dc6484cbf5bcbdef877cae7,16061,16,25712,0,1
games/zrpg.zip,f1816a70a4a38187cbc5a39757f5913ebc1ef85a6ce56219daebd68ddb0ff17d,60481,13,215482,7,1
games/zulo.zip,ed19f222802aa2551cddf179090abba146aad899b381c21e7ee6ab4a99683bc7,1628,2,2332,0,1
graphics/3gsprite.zip,ce07185b3df41c4dc013dfac7e0d5b863c731b79a64c788aeb281af9cabe63f5,2273,3,3461,0,1
graphics/anim1.zip,37bc4a7d3666fc8f9ccc99b103c033e8ed6349466c98ffe5004daf5964f245d0,874586,89,1480007,9,1
graphics/anisprite.zip,e2c38f55c4abb82af1ff7cab3bd4b8918d1b96d94fae93e216338321bbc67bfd,11399,10,22998,0,1
graphics/asmmouse.zip,85e2f3a649c48ec51c699527eb79e9c4635bdddcf2a4f392329a0aeb16355d59,5748,5,10467,0,1
graphics/axe_pacman_demo.zip,9630bf412d1f8b150bc69ae7ee057d0322d5a5645c901662e415cfd53bc08b35,909,2,980,0,1
graphics/axehexedit.zip,f58e891ac55081b41d2487ddadb088756f8f63fcfd9e081aabdb756b764c2e9f,1302,2,7832,0,1
graphics/betamouse.zip,ca2bbadc0c003cb8554a594c7c0a8d7ebb46194b75ba1cee6abba0243ccec6cb,3398,4,5399,1,1
graphics/bitmapdrawer.zip,3cde6c744aea02ac940bb80ba5641a9981a05a3ff81b7765507492a795ab5728,18124,11,28514,0,1
graphics/blod.zip,cf430e9f28c3bf4bf147afeaf6dabb728dbab07f23bebdcc278089be8fa6ae6b,485,2,308,0,1
graphics/bouncingss.zip,5ddb5a6b3ec234c8d9fc5c67b6b1a1f536d2985c758f4498b904e56c382055b6,2109,5,3008,2,1
graphics/bsprt.zip,03bda457194374c6bcc2df4302ca6e23dc3d77f8ef38af0cd547b3006e0cdafd,43106,13,63477,0,1
graphics/bytedraw.zip,ed41b88505e1a1b9b1f13a550f0292db8e25d8a14344e37c7f5b2d78656d408d,1264,3,1664,0,1
graphics/cool.zip,1593afbeb85b831e910793d293963a9af52377bdf8af481300b13d1fa3b346f6,1309,2,2331,1,1
graphics/copybg.zip,46d07b1adb53252cb4cdca598dca5c24614b382c6b617ce1feb537b073e7cca7,3696,4,3735,0,1
graphics/ctraste.zip,56dc93fd31a4e835173d9b73e61e93b282676edaab7bc1eb909288f9df47d15f,1723,3,2932,1,1
graphics/custompics.zip,f6c7f41c409f14f81c1a084bfc1347bd09d6bea23da6c55425738f22c7d79a32,6924,10,14023,2,1
graphics/doorscs/adc001.zip,6e6f2c1f1903196339ef0442e1f1eef3cbf16b48f829c40a072ebccab8f7f871,88507,8,192954,0,1
graphics/doorscs/gravity.zip,4245c2b2b3f0a3a3eeed630b3e83b469c1f93d6394de33ff57573eb2edc93ab5,2301,2,3495,0,2
graphics/doorscs/paint0.8.zip,1cb38ea465e8a9dc459d823998a0397259c3712a474ddb9956797320d49e79fa,997222,8,1506843,0,1
graphics/doorscs/trippy.zip,1b0364bb3e9a159b2e2efda2d5925f7c83b2460d554e585581d3f04acfc54188,2843,5,3595,0,3
graphics/doorscs/wiredworks.zip,df08a3abaff745da9a35b3bdf82f62afd77353ccf6adcae47df854e3eef97ddc,7107,4,17308,0,1
graphics/effect.zip,cea41721a76298cfcc5e33b4a2845fd0e5d1a147f0aeadae5e3d040e4e259ab1,93724,7,179890,2,1
graphics/enpro.zip,2f6212d9e568de15808e7521d517a83a410374cd46e1ab887a1be18a87439cb4,57117,37,211270,0,2
graphics/etchesketchzipped.zip,612edda530e9e23560424334c786750784359a75fa390f450d655d6e449f185b,251483,12,355732,0,3
graphics/ff1mapdemo2.zip,10315e10243d127210e096cc1b32fa99040e984d0295066581d4953c43030729,13638,5,56314,2,1
graphics/fire.zip,6fbdd99c2d1eb920286cd5741a730c3323f2e25051967bf16ed25acf7fdd8ff0,2399,3,6645,0,1
graphics/fire_2.zip,c08ceccb407eb0dfdd4395675005bacf249dc629f21f838378c6d069a3c467a4,3936,7,5557,1,1
graphics/gamelife.zip,3f6aeaedb419012b9c79de0af9232f9a4f6039e91905b9c27bca7c0ea6b2de9f,2314,3,4793,1,1
graphics/ginverse.zip,310dddbe0e0ca09c98009d0b203f4e41e55e47e99d4b1d4f426bcc4e88a6851b,1527,4,2047,1,1
graphics/gravity.zip,4245c2b2b3f0a3a3eeed630b3e83b469c1f93d6394de33ff57573eb2edc93ab5,2301,2,3495,0,2
graphics/graypic.zip,8a1e7e83beb06d37a05cba6f839c76772bf2ee2bd0d8ca071962dbbc2d54921e,3223,3,3089,0,2
graphics/greypic.zip,d028836b4da4f62367ed09b11b7ccc7a5fee10cf3dccd274f1ea4a2b30983e8d,3764,8,31902,1,1
graphics/hexdraw.zip,ad11fda72a5c7e89f9de7ddc643f04299f59f1fc2d7fc0b135e67b77789bc3ce,4246,3,15555,0,1
graphics/illogic.zip,aebe162564878b086d5dfa4c3538feeed6d67933603ea07b809ce3c15e1cad8c,2889,3,4782,0,1
graphics/inverter.zip,32936c1bde4338ac574d0d24c8a7eeae40ef0b4b5beb796393c3da617a63b309,2520,3,4177,1,1
graphics/ion/andydraw.zip,0215b4387043e29c5b6f30685b22f9038c1be4a6ad14b02087789b3ccbaea324,4936,4,14861,1,1
graphics/ion/asmbouncedemo.zip,20d1f20277135479ed69b03ac419ad827d6f820b2219f19eba5b4810e5d1160b,1945,4,3703,1,1
graphics/ion/bigtext.zip,a1c0da88f14a880566e8fd2caf7a5c926181e6e095d82e7c70e85ff2a820a1d0,3057,4,3549,0,1
graphics/ion/etch.zip,65af22f4ff181e88344d9e1543025f5b541c9420c2f5fc88d5b07629a9921784,2146,2,4863,1,1
graphics/ion/etchesketchzipped.zip,612edda530e9e23560424334c786750784359a75fa390f450d655d6e449f185b,251483,12,355732,0,3
graphics/ion/ff1demo3.zip,bc939ba5c1787b5cea8a66921635c96407de1011feb9e513b6913893899f0745,47265,10,177831,6,1
graphics/ion/flame.zip,4e57a620d861c7d676897817648c8289b14c994388707be43b9092a31c60fd22,2783,4,6138,1,1
graphics/ion/gpic83.zip,beabceac2f56df2ac532bb3dceeea0fb89937956afa6917e81c9cb2c3848baf3,19620,19,43124,4,1
graphics/ion/gpp11.zip,08167b71e72cca031782d5154048fdb4b3f2b8a6a088b476936b5abd1f53ed10,685750,137,2250490,50,1
graphics/ion/gray_picture.zip,5ce24b18ed8cabebe040310082b28837b49726843aa0c5f21013341fe8a295e0,5261,3,9897,0,1
graphics/ion/grey.zip,5a8a765dd0fe38c0025db7e22cc341619c5f899219625efc70aeca3062081ba1,63390,24,153792,4,1
graphics/ion/langant.zip,ef66503fda80f1985719040ff5aa2fd28505a9dd4918705c971778147cb1a18c,2148,4,3537,1,1
graphics/ion/minipaint.zip,29c085b37ca9cd1b41e0dbaf6856fabc9849bd77f01567a0cadea12ade242dc4,38914,4,80348,1,1
graphics/ion/mouse.zip,e3189befbac09bd526539c5f0d24b1fbd7fc13b87799e8dcc911f10ab9aa451a,1239,2,2709,1,1
graphics/ion/nyancat.zip,67abfef2c9467be10b07cd5a2dc9d23817bf1d4058cd70e2e87e77167608eaa3,688288,3,752030,0,1
graphics/ion/paint.zip,650ccb5685a0337120f545ecf768f2857c53c8577082630c1c378054b71b408b,4419,4,6399,0,1
graphics/ion/pixelmadness.zip,4261301f316af0cba1f7e15170bba27295e002d40bd56ab6d16e6ad4e61a79ab,57728,23,235101,20,1
graphics/ion/really_illogic_runer112.zip,9b18ad9e0a2d761abb113d9ad2cb4f86a56d98616dbffc243853a4b34b58bf19,7151,5,11789,0,1
graphics/ion/showchar.zip,d165e021aa65b88ccb83afd29f7c040bac98251744418175921df9ba32606e6e,4964,6,4707,0,1
graphics/ion/showchar2.zip,8a74248d04f9c3165813f2131a8d86d9973abb2404c66898dcb07608cce90195,4800,6,4577,0,1
graphics/ion/sierpin.zip,1b94e1007403537e600cff5c8f430e416c774ff6789d3361ca17777d7b473902,1755,4,2178,1,1
graphics/ion/spritelb.zip,33727cc637290e205b279ff9508af58845830b9d84296f2c9f0d8b221be60371,6082,4,16226,1,1
graphics/ion/stars.zip,e7d35b759d66e4a705c30ba7ca044166563ddc9666f099f02b080da70e808013,7125,4,18542,1,1
graphics/ion/tipaint.zip,a59f77f8b3d7bd90edfbba453f06720c9e24207805cc5eb121cdc707cf4cb312,8532,6,57345,1,2
graphics/ion/trippy.zip,1b0364bb3e9a159b2e2efda2d5925f7c83b2460d554e585581d3f04acfc54188,2843,5,3595,0,3
graphics/ion/truegray.zip,0bbc4d7b8591371f8068a9ee8f583d40f1519e271b609aa0d1f5465714b258a5,168601,51,645320,0,1
graphics/mandbrot.zip,d599d86b523892267f29a0b4c980d51526a7a939673250414daab234f4bd4e73,5255,4,13426,1,1
graphics/matrix.zip,1214d9227c5bec729bd87057ad7ea9e2f30f44ca1035167f4688df225bec390d,1670,3,3279,1,1
graphics/mirageos/anime.zip,cf9d3f0e85a7536618623254d5a2abc40ef12b78fee28d24f75d735abed4fd2e,2176,3,2312,0,1
graphics/mirageos/dispic.zip,90a56d859c906725c219b46ce0964b99c2e32208ad93f8b15bb03d28fbd4278b,1754,3,2202,0,1
graphics/mirageos/elitesprite.zip,4d7ee9270a67516b6a835c5315e8d52693bb2a678fca2dc4a8c2b8b4d40ba6ff,4922,3,12825,1,1
graphics/mirageos/etchesketchzipped.zip,612edda530e9e23560424334c786750784359a75fa390f450d655d6e449f185b,251483,12,355732,0,3
graphics/mirageos/gpicmir.zip,b889c25a93a23b46cb87f6eafbdeb5b1e6c0e367272ad511ebd9e2e994807985,16130,14,38281,4,1
graphics/mirageos/grey.zip,87b0db776ba3a665ee9fe39af2f638ecf4e443899798636aa7044e2d9b068c78,968055,11,1302121,0,1
graphics/mirageos/langant.zip,e21883c0c6bae5be00fe22a55e6504667c9b7a4d1b64dfa0947541514ab868b6,1971,3,3790,1,1
graphics/mirageos/level16.zip,56be24445c1b297a570cd8f7fe1f694139b4ee7d66d0eb40d771cca4ac074d97,574644,11,810700,1,1
graphics/mirageos/microhertz.zip,fdc1f37b7f2ff5b76c762666465e547f78cf2b42293d86c9d9995163be51c2f2,92517,51,259917,23,1
graphics/mirageos/montypython.zip,cd2ac7e08783e3eb7c70653c135604f0712e5070dbeea60b6aa630f7d71a8b27,26708,22,27105,0,1
graphics/mirageos/napoleon.zip,d4b1f45a5d0f5f7d3e7c2e7cf1c8188645770a3995d0e5b81c61a50e7ee63173,2579,2,2549,0,1
graphics/mirageos/rigview.zip,d749bb745238f44426827fc6fe5a7d660d2f58e1995cf4f8d73ce2c58e86a19c,229538,56,304472,3,1
graphics/mirageos/sierpin.zip,6df1d02dfeab2875457f8cc3c34293986e68cbe1e2630a9721399f9b7fe65f85,1587,3,2319,1,1
graphics/mirageos/trippy.zip,1b0364bb3e9a159b2e2efda2d5925f7c83b2460d554e585581d3f04acfc54188,2843,5,3595,0,3
graphics/mirageos/z80mk.zip,61319606bf85d2d2264fe59be1ac42fe82d21745ae36bddb550140c211a3e201,2295,2,8861,1,1
graphics/multigraphs.zip,b2f80c68ca5bc46c6486590d878d58b5d631df720319147f5ff7a8c4a2e4d4b2,102191,5,140768,0,1
graphics/multipics.zip,6a7048cf5b6455518d55c91b55a7d70f0b74ca0bab661667dd51f65be18c64cc,96063,9,128043,0,1
graphics/narutoleafsprite.zip,18210e8a2ab5100d6c925e576965b5e0bb4a4eee24db41b169391f9db061123a,588,2,5506,1,1
graphics/omnicalc_font_editor.zip,ec1e8e420a566b81edc7acbfc49c79532543f6ca4f95929db6dd8d82f0fced39,400759,43,829627,0,1
graphics/p15.zip,7b0a5961467268baa67a64d8409535e21a5727104c0f8c14932b7efd3da64d6b,5355,4,10988,0,1
graphics/particle.zip,e13b233d9bebd48a07b6d8d1f83d5be4c85653f86ac1a46972d4132239184c56,4115,4,11902,1,1
graphics/qsprite.zip,cc0a32790611cadbda6b84b0ac0af0d3efe2209f609db9f7b4c34c4646c6b685,37601,33,103929,0,1
graphics/ruleandconquertrailer1.zip,9f8b82d6a2adb5808c2ceb26029e7ad40f1eba88fdda40ee42bd8522a39754ed,4371,2,7194,0,1
graphics/screenshot.zip,bae16b3f28cc543ccb3346fc3d1bdb370411b90bbeba9b2081970eef10df34c7,10750,9,12475,0,2
graphics/scrensvr.zip,587d877ef06d85ba284661a832da1bf1497c6bee45ee5d3e9596dcdbdc04c06d,1202,1,2489,0,1
graphics/scrntool.zip,6d445d37fc11024d7986318cb5e9f253581f06c0c760b1054b85d1760f7efa28,5285,18,7093,8,1
graphics/scrollingss.zip,f118551d8bf7253ed7c92be4dfba05e81abf841ee0960e8ec61e732c603b8ac9,2042,5,2715,2,1
graphics/sfview.zip,d4082dcdcf5e949affa772a87155dfa2c7c964852ca76832c22c2163b34f008d,221639,12,407490,0,1
graphics/shiftscreen.zip,0437391703bc1ca42866f2bcc69f562dec44ae09a73dd91d97ddf0eb07b1843f,4417,2,7138,0,1
graphics/sketchy_3d_algorithm.zip,1ca5117e8203a4d091e75d6e9fbf7c7d876f9cac9861da624ee5905f738a36df,4781,8,7127,0,1
graphics/spredit.zip,16a3021592d4249589511cd905a9e1fefc08b1249efadb680daedec80437b6bd,42068,4,105934,0,1
graphics/spritelib.zip,cba128086bd071340e9de4ce9cb0351d1a857eb17fef476bf7436b0a1654a9f4,168056,37,313780,0,1
graphics/ssmaker.zip,676cf8a941b85a56ff8c48976d29bf29eaa60291756ba8e01f9aff5d6f661b39,2866,3,5802,1,1
graphics/starsscreensaver.zip,0264408239b0d2bf52a131d808442e1298327c1d969585643b00f13bfffde3fc,158864,4,180186,1,1
graphics/thecuttingedgeofaxe.zip,3aec1966806ce2d320c00daf855da7853cd264b947fbd2b34ae402abb6097321,4767,3,8146,0,1
graphics/tidraw.zip,00abea55c6880e65e3a9e99f4e71554aaf89eb187ad1fc536eb414401577526e,1288,2,2289,0,1
graphics/tipaint.zip,a59f77f8b3d7bd90edfbba453f06720c9e24207805cc5eb121cdc707cf4cb312,8532,6,57345,1,2
graphics/xorpic.zip,e6cb22b1e826816adbbfcb83612060098efe9526bd7ff401da1324caad182ce8,35957,9,353329,2,1
graphics/zpic.zip,7ce23bd5b95cf27527c62bcf9fa837c77df0018088b500b566d5cb7c66f5cb33,1128,2,1553,0,1
graphics/zpicman.zip,796ae4bcfb1506023699a13ce4b0b18bd8eb9e223d610d356f20d96e33a4cda5,5026,4,11936,1,1
graphics/zsto.zip,da051285dfc2b36d72c6a847d686e4dbcd9bb48e19133e6448e51b63f61e01f7,9970,5,41476,1,1
libs/apsdk.zip,2d555e18fe0c91d4439b98c48f23e41a1f06ca50d4ca581058aa15885bd260aa,1385,2,2760,1,1
libs/avlib.zip,9623c44ea6f4a7a97ba9bb2262a9f4b588e13270b856260c0d3297e0f677846b,13568,8,31788,0,1
libs/axedcs.zip,9d27685298c2d770008c4f6527a90c07807ddc2737824c7b7a0144b57afd57d3,3589,3,10092,0,1
libs/blacken.zip,4bb41976d21b9d58a3916180228230c8804d3dde74c485bd868f8cc54c65dd55,3585,5,9413,2,1
libs/c3asm.zip,61a7b698bdcbdfba482c24a002b19e4e6b5bb1cab3493413433ee832d0f15e9f,201410,18,581548,2,1
libs/chainfirelibrary.zip,0d96dfdd02e39db0b296a983f98caf6cf858b716349cc2746c9f3d36154069ba,48321,7,88290,0,1
libs/cleanup.zip,cc1093d9c68d8fb97d71609f9ee8eeb9c737a4eab9bf3559bef9f68621b26ee0,945,3,941,0,1
libs/crabcake.zip,84f6660c86f715e09e03637b19df47abe46b86906ed34791bc4281959186f71e,85851,7,96410,3,1
libs/custr.zip,3963465c5470e8e5e9b092be1df634983810774deb38ba57b9535882eb8e169f,31953,4,125040,3,1
libs/enlib.zip,3a1bfbf5e2aeecae89c019b37987efef282fd4eca322a502f4c1b516c67b8d98,35376,30,112902,0,1
libs/enpro.zip,2f6212d9e568de15808e7521d517a83a410374cd46e1ab887a1be18a87439cb4,57117,37,211270,0,2
libs/fgordon.zip,bcb89e0b781ff82df56c20bed0963cf02b671aedc8e57171465c89b1297967b3,3183,5,4891,0,1
libs/gbalibti83.zip,f1451d3cc609a2dd354f8d604366e974a8a502bc798173ebd687051291bdbc87,327735,32,461718,8,1
libs/getdi.zip,6a93628ab9b06116294af8fb27887f26fc515aa1aa0ef82b4639bb53f2a7cf95,2069,4,3911,2,1
libs/graypic.zip,8a1e7e83beb06d37a05cba6f839c76772bf2ee2bd0d8ca071962dbbc2d54921e,3223,3,3089,0,2
libs/instcirc.zip,909db561ca9e281ea9fe32f80ff8c85646f1346c99acc8b977aa449168422643,58982,38,121050,9,1
libs/misster.zip,27b0196421a87ed9aa7336b3d08d764c9ea2330b70c7c38e0e86691332372faa,5203,4,18756,2,1
libs/pixeltestasmveryfast.zip,cf089e6a174cde6eed96a24979730d086f635ebea50d0e13632610ed8acf0973,378,1,484,0,1
libs/rage.zip,4849830711b0c0ef0cdc6ad93b437dd905cab7ce8b55a5bff9d10e261f6688f4,444908,24,596039,2,1
libs/runindic.zip,a02b9fb2a85f838042d74d90a68e8998e724d389e815fb749404a84081440699,1088,4,1043,0,1
libs/sleep.zip,28eacb8e1bcf0565b6866fd1be48ef6a48b3548ea22b297cb63a3ac98f56ed93,1303,4,1366,1,1
libs/sprite8383p86.zip,63ddb9f305b522a209cbec0ddf9caf2e86e769c10b6839accdb41ff59ec00059,7520,6,28825,2,2
libs/spritelib.zip,1f39c5e3bdd65208f5b5ffd5a446611c140facde29272abc3c6feb75f875a8d7,171759,37,319010,0,1
libs/textoutp.zip,d1c5eb0653a51657d9a93fb32deeb49f1639a9c2121d90a2a8d400fe6c416e3d,2554,3,6764,1,1
libs/tici_hub_basic_library.zip,f465e7ff2bc61865becbcc667743c6e7468f461cfccc0c352828ec9dd8367919,23081,14,66989,10,1
libs/tlib.zip,8b9a69777c67c3b70874c66e2c0cee8ff961f06d1bce21767ef33bf2cf4918de,25823,15,81137,0,1
libs/tmenu.zip,6e110ba5202e3b5bb5b77f93af93c525addb8d38ac28adc52a4cce57fd696a91,3501,5,5086,2,1
libs/turnoffscreen.zip,6bb3edbe29e205638ecca7d97db1caebada625de9513203ccd2c185fb7a621a6,2128,5,2530,1,1
libs/varstats.zip,0f50542486d51cf04e334026bfdf3b7fe65334d46f5887811b828478990ca154,1808,3,2926,0,1
libs/xkeys.zip,968eba67f72de126be17f02c05bd1bbf0a5c3c3f04c94afddb5f2b27d900ae0f,3635,4,6802,0,1
libs/xlib.zip,0720b3d8ea437e868b4149d6e4615c4f9eace4e132b00081de69a2c965887194,12103,7,29804,0,1
libs/zbtools.zip,15f7636d19333130b97be7922de59fd1659e34c3d5aaa34204150aaaa5c930ae,2858,3,7071,1,1
libs/zeddbeta.zip,dae9f662579bd3a84a1dc753bcc4f6a4b7e1e5ce02431dc63a949d96b55ba9da,22080,25,62879,0,1
math/allregression.zip,4faed7086c675b85eb496ae238130fb2c1aad004205cede581c7d03a4bb20c4d,4606,5,8171,0,1
math/approxomaxasm.zip,158e3e8c0646abea209b6cb787b8b9305a1e6d1f3b6ffb198c7704b094e527f6,5409,3,9610,0,1
math/baseconv.zip,fbc2f906746c92974c6fee1d4ccbae69394d1f8d7fe2369f371306c04dde42f1,16378,4,24669,0,1
math/chaos.zip,a27b5ae6a0654e9761826a485565b095feff92d9d53a77e9ea0de7aad6aebbbd,6737,4,17281,0,1
math/convert.zip,7624ef6d0e8034c49bbb0917590765d89466d11f78253c443c162e176e420470,5270,5,6000,0,1
math/factor.zip,37ae231bbd6da573c8f2725f2b82893994161489950605045390fd13887abb02,4184,3,8810,1,1
math/factor2.zip,2116170a90d66adff3bc3eb564e44a319dbd33331d4eec70cfa5fe230a4de3ab,14617,3,45722,1,1
math/factorcmd.zip,39f14426c7585a771415f01a6a9ecc5ce250da103b24a12929298289a0a157ec,69374,36,177527,1,1
math/factortree.zip,383df99e4b5a2c1a1578a9d899c5de0308be3a6376fbb7f52c1cb8e8f395b821,386,1,322,0,1
math/fastint.zip,95fbfbd8bec42b86037bd6f60235ea8cf7163e049893379c71b6be8bd90f7550,1876,4,3423,1,1
math/fastint2.zip,6189f25afcbb47366ddbfc0cc64b9972fd8344df476eb92c9f7e536580f3ada2,24506,5,48698,1,1
math/interpolacin.zip,79ce5213b93ff140790b8a87b6072424b8d03be78584e07cd87416f89fd7f2e4,103183,3,106370,0,1
math/ion/acidbase.zip,1a032c52e274f6aedabdd0d48f8a22f4628d5fea4e6740ef5420d4b428904d95,11590,6,43367,2,2
math/ion/algebra.zip,7bbe7d915c8aeb57c812d69f17f780f15cced75c8a63a891fc2d8fb6f8351bd9,15965,4,74358,1,1
math/ion/algefiasm83p.zip,596dae3c3235049d429ca851245930d350c7332045cbb74fca24e71e3f146285,5024,5,12394,1,1
math/ion/baseconvertor.zip,cfb2465d94c9a155c4e98dbc7be3f1c0897f801d1d9af8fbdc751d87e69e363c,16463,5,30695,1,2
math/ion/calc12fiasm83p.zip,70aa780ff799bbaeccd476374af492cc796ab5d6c987656e16e6210cffe9bc71,12516,5,37628,1,1
math/ion/calc3fiasm83p.zip,200a7f878efe5a7dc078aa2b9516efd287e01b04deb9e12b0080ee69302d6f3c,21014,5,65619,1,1
math/ion/conviasm83p.zip,b7f6645a37fcc2e3a275b3317add11d0d73685c22e7922f771d632946e0ef1c2,4028,5,9139,1,1
math/ion/domiasm83p.zip,68b2488af1530ca5c6a2b9895bfe0506bc40ae1e32c0d3afb326e61284f5ee64,5518,5,16685,1,1
math/ion/factor.zip,6e782ea0d3563728d656c5faeeeab81b71571050eaad6fccd4ab6494a6b15dd9,1217,2,1614,0,1
math/ion/geomfiasm83p.zip,1eba3e70681fa82d56aeabd4ca565e4b206ff0f1302cae33290641d5a6b4a3bd,3260,5,6360,1,1
math/ion/macsiasm83p.zip,cd591264ff786bbbec9feff0395d7bd1fbe38787139129660e1327283299d68a,3615,5,8232,1,1
math/ion/mathp83p.zip,6f56e4ada24db08a7e1491379dfafdd92aa686933a788fc8ebd66a269d93ad70,26966,18,94766,14,1
math/ion/trigfiasm83p.zip,e959d841758550f747720529e3b44b5c22c774edb49b7359ceea76c8ed71fe3c,3954,5,9177,1,1
math/ion/trigmtry.zip,532d1de34b276362686350c377f6a8294c35c3ca76aca20c4efc63bbfa1e4e48,35597,12,168901,5,2
math/ion/voliasm83p.zip,9b0ead5fc28398479f475fbd762ee8147b782e0b05911ea6c45a8a43044da273,2996,5,6252,1,1
math/ion/zcalcfrm3.zip,1fea241bfff308801b296d3053de1488d11be8d2e7d4ee2e4ec0ef46d6d3f065,8155,4,39671,0,1
math/ion/zquadrat.zip,cba13d131dc0a2becca5482cfa79cb819151631756c57ae05eb3b75864d1084f,2334,3,3114,0,1
math/itf.zip,c94b77a5d3f7fd3e60443cf92aa43f3f3cbdab466ab0dbc961a1a62511e47357,9019,3,22645,1,1
math/koerperrechnen.zip,a2a272a2ee7cb06014c3b3a3a66dad79462a92057a951ed2c6b2a72597c4b390,4300,5,7670,0,1
math/mirageos/acceleratefactor2.zip,e02848fda57b33e13cd5176dcdd355c0c4cbe35d00cf48a48c1cf3807e2d3970,11567,7,19553,1,1
math/mirageos/acidbase.zip,1a032c52e274f6aedabdd0d48f8a22f4628d5fea4e6740ef5420d4b428904d95,11590,6,43367,2,2
math/mirageos/approxomaxmirage.zip,67e4370bcddfe84be6f2307c56f57b577f5668db3321f595c04364f4a3c5ebbc,5469,3,9657,0,1
math/mirageos/baseconvertor.zip,cfb2465d94c9a155c4e98dbc7be3f1c0897f801d1d9af8fbdc751d87e69e363c,16463,5,30695,1,2
math/mirageos/tempconvert.zip,3ff1a9016455de2f8ce004ae76b7d27e3e79c1084711614c8cf50b02783dca5f,1014,3,1168,0,1
math/mirageos/trigmtry.zip,532d1de34b276362686350c377f6a8294c35c3ca76aca20c4efc63bbfa1e4e48,35597,12,168901,5,2
math/pi.zip,092c02f592a84ff6855b801625d933142e284dce1a2796ea84879bfb2d0f7b12,18318,9,44085,2,1
math/prime.zip,73df75a8a50e02f67599728b65bb8dd7e6abc948ab4c8a04c136273a5c386249,2038,5,3144,1,1
math/radical.zip,2cb94c1cbaf248c16062e7611fc03d35780d1c612ada624d690208476c5176e7,566,1,779,0,1
math/ritornot.zip,3af36d058e54b355c735698eebfcf7e9a5f0f47b29e991732587d77eba51b374,369,1,494,0,1
math/rpnos.zip,9285e3deca9639af5118e2a0323d61da141adc310b56bd682ffae8980fdbe20e,106245,4,124238,0,1
math/solve.zip,34ba82e8ed732c0795f1c6d4b74f16b0ddbd88730489ceda5aee581ac77cbe45,1613,7,865,0,1
math/spokelength.zip,2625f6393bd05bb3d6f871166008b3c62c9af2b5a9f6bcb97027d6151f1f0c89,5011,3,98618,0,1
math/tse/baseconv.zip,c56696457de3a677cc0a520dce63d4c025eadabccd805241028866c56e5880de,3283,3,7035,1,1
math/untcrlqd.zip,123b986da92e6445e22faacdb3f144cce878855b55538cdadc444c9cbf0c2ab5,693,1,1228,0,1
math/zfrac.zip,c139d418440c274144560aba1059b890fbceeba6d4925706039c4871c0fe2607,4662,5,5476,0,1
math/zfrac3.zip,4635c1feb4de5592d1db5199b245b109da210fb0803af55ccc88abfc0a91beff,6019,11,5778,0,1
math/zstats.zip,da510c75b445d5875c41fc75833e9fabd9efaae2eadbc27ac2281cb3ada8dd24,133264,9,488577,6,1
math/zsurdasm.zip,a45da540cc1b85efa0043df189e26ff1f01e7dab85dc1800025338ce6a0b9570,4523,5,5264,0,1
media/animations/dots.zip,f82f6cdabd8b5285a9c887eae35c9c91ac33a44debb4cb66f84d03a2b0bede14,2980,4,4048,0,1
media/animations/ep1folder.zip,f9eb8933d07407c6fb1f53a88e07d553c52a96d93d21f3e3f3420ceba90a9dba,2992,7,8341,0,1
media/animations/evil.zip,9c92819a8ac91080c84b3fd54a535e6d4f2b6bab947a2f7769a2a09d91cb88f4,1370,2,1685,0,1
media/animations/face.zip,2ebb20532d363a18732831660792459ee85dc64d0d2701dc0d9dbd00c6942f47,1021,2,1513,0,1
media/animations/fencing.zip,72adee5e73d113f1d13cc33073a54bc5241413ae1ed2637ee66c461987cba0ac,4113,1,10286,0,1
media/animations/ion/ab5teaser.zip,90fe294f01d7b16ff6c43d6444a65e5c9bc3278ce78e59f992f5e468a83f5113,2651,2,4612,0,1
media/animations/ion/ab5teaser2.zip,7953745079108b11234dce5be0bd1cfc5981389d256961a13f5e20aa3e726374,2449,2,4573,0,1
media/animations/ion/bar83p.zip,93d93652a450a288980fbdb5e2eba50d788e41dee73ad9dc10527a16c73ecd75,1801,2,3230,0,1
media/animations/ion/flamme2.zip,4f32020e09c69f63d0b296712cbbe92ea436ef77c6275614f92d9d6b1b740d5d,71690,6,78104,1,1
media/animations/ion/gun.zip,235fdb8ab6e1f47356373b9e41ef41fc7d3b47585739b37ba629f1d57a322d73,3302,5,10584,1,2
media/animations/ion/hausvomnikolausion.zip,5b43e46455a000900d18091502a313b9c9c53001d18a2e3b9af34bd356848857,1786,3,3044,0,1
media/animations/ion/lcbhaa.zip,03a924259cfe174530fd040172dc9b71fb92d109726ac7610c57390167ba2fd9,88480,6,109624,0,1
media/animations/ion/matrix83p.zip,845646296faf6b25701dfb9f01dfdb6dec6620d08f18e6be69f81ae8a044a30d,5201,5,10613,2,1
media/animations/ion/matrixs.zip,9007e4ed6afaae6f91202e9d8ec89c3dd4f98c3a63fbb4f6435fa28a91bdfd0c,20522,7,27560,1,1
media/animations/ion/movies.zip,1c483f464677c57fa3c0f2efd5bd7853c4df4be159c2a1d15ed3fe1ce98ffc6e,81436,7,124082,0,1
media/animations/ion/piccolo.zip,85e6089370cdec307503b2485cedb1bc093a6b09608b277f65b902a5e220bbb5,147857,4,175818,1,1
media/animations/ion/rain2.0.zip,ed5a82e0bb1e8ef4c4a1ee0df3dda7acd77df3aed142be02a3ddea7c121f2e01,25367,12,44048,0,1
media/animations/ion/rollin.zip,1df3027eba2f8cabdf26f3f9787f2405112da0b922fb533c05ba2b1ca2cef72a,140508,12,227654,0,1
media/animations/ion/runningstopwatchion.zip,f02d8eac9643fc213e6ac803defd3de53f5866c30cc98e5f08c34cf8c9e4d50f,2095,3,3247,0,1
media/animations/ion/vid_drift.zip,7decc46983d94eee78b46d0825acf71b0f33ccd16ac4b78812ecb997e8942e97,6788,1,11184,0,1
media/animations/ion/vid_wrc.zip,47e09eb3dda4327960dc0411f4069f73ec765a14227e2478647d7815bbbd37f2,45033,7,72022,0,1
media/animations/ion/video.zip,89012b556c49a7fe7d5ac96037e7bd61aab9d05cacd72717d6198c9e24e61772,1137,1,4327,0,1
media/animations/ion/yourbase.zip,507d0f26a24cb0c007ffa678a97fc36171d8fe9ad85a9d5d3fb6ffaf87d30e4b,7499,2,12561,0,1
media/animations/kickflip.zip,fc9f999d3134ffb2938f77ba8dd950b81a4989cc677fa7b5845caf9dc14fd89a,4820,2,19432,0,1
media/animations/mirageos/ab5teaser.zip,ff580cd6971a8924611beb503d7ef1d56c8308dd38fa8791eb7f09414a2c782d,2679,2,4641,0,1
media/animations/mirageos/ab5teaser2.zip,9c294adc03cc64f955590e9690ef37d21e768cb206fd30801b78dc3d121d8ce0,2475,2,4602,0,1
media/animations/mirageos/chagunga.zip,2dd1db15eef1827abde50bc6867407d93ac93ec48151a33fdc2daa6c44bee5a8,6011,1,10660,0,1
media/animations/mirageos/gun.zip,235fdb8ab6e1f47356373b9e41ef41fc7d3b47585739b37ba629f1d57a322d73,3302,5,10584,1,2
media/animations/mirageos/hausvomnikolaus.zip,1ed71edd15819401ea5bdaf51083be8855f04ae34f5314bed904647e298cfd57,1854,3,3123,0,1
media/animations/mirageos/lines.zip,7ad4581284e15fbc37223c5f39d17bad731941284798429b2558d320294bdad8,1325,4,1293,0,1
media/animations/mirageos/linesave.zip,263f6019d5b0c37910a3ee79122e302c23fd45d87b44658f84dec08b0bb492ec,1525,3,2532,0,1
media/animations/mirageos/matrix.zip,a99f4a5527bc057edd5a480bd9c479a6eacfdc5b6e6771a1bd9b0ed00e9f5998,1718,2,3911,1,1
media/animations/mirageos/music.zip,179bd222f5c32c2cf09a0a84da2454a8e617cb11f6c60a99e9f763423f8bcfe8,126626,10,191031,0,1
media/animations/mirageos/runningstopwatch.zip,8859bbdf1d78001a9bf74cdbcbacdae01a1cf108dd1a10f12e96a4b63a89a06a,2252,3,3461,0,1
media/animations/mirageos/search.zip,74219027971719c4e51d056eb4b5f685b0f830ea292b475523cb4fc8c6f9da5b,4124,3,27881,1,1
media/animations/mirageos/stars.zip,dfbcad03daaf53bb32960d7421ce5a47f89a521916718ed303da36c022de0527,1319,1,1602,0,2
media/animations/mirageos/stars2.zip,dfbcad03daaf53bb32960d7421ce5a47f89a521916718ed303da36c022de0527,1319,1,1602,0,2
media/animations/mirageos/video.zip,2fa5b0695fe97c35bd8e4a876f2048d0aa6d87ff2f105951bec6287c01d63cc6,20729,10,72582,0,1
media/animations/mirageos/videos.zip,7ef345d3c01f03e07c37810d5b47e8c9c932b4cce4d781077d9f61da5f2f3a1d,20700,10,72521,0,1
media/animations/nyancat.zip,c3733a0da972dc22b50194ba48df359d1bcb8d22e230b04947db8532e66594ba,6223,14,17118,0,1
media/animations/peaceannimation.zip,068dd51977d47126534d2fd0a3c9f4953f481709dd7bfbe1c2b92c29202e1b95,769,1,792,0,1
media/animations/piccolo.zip,1c98b364152624c7256b9f64a43adb460c22876348f19b8e4edd0e37a5edd064,43993,2,46535,0,1
media/animations/trainmovie.zip,265f9f4621c43f71d52d03625dfaf30469990c1ea4632778916c46e36eae243a,6709,3,41058,1,1
media/animations/wanderingline.zip,1731ef0bf1b09f92df92e36ae85f69c35e0677007d9d5cf1504703ea4f5024d7,94244,2,138538,0,1
media/fonts/alien.zip,671989fec2f5c0477b8f0c853a41a8869954968f9509cb42e2f53e8fc481cd5e,18218,4,40592,0,1
media/fonts/alienfnt.zip,addcb29e74a5070e44f905e36593959a7b7e39ac0a20faab7a1a3cdf05a31d1e,1283,1,1879,0,1
media/fonts/ancient.zip,d8998741255469cd9c9f2ec069abeed61aaceddcf4201357c8440ee7be9bb7ea,1010,1,1879,0,1
media/fonts/android.zip,54a266d23db9ef4352d4bcffe19d6c3f19b4ef44400c31787886bd25ca800a8d,1687,2,2729,0,1
media/fonts/arabic.zip,c69da426cd6a6366e6184159158fd3af7597cb3cf02d9b8408631a4f36014147,1069,1,1879,0,1
media/fonts/aurabesh.zip,65cf332b9abf4d209ea455baf6a10dbd84419c2e05f7edb4d853be91477d7ba4,2670,4,3494,0,1
media/fonts/backwardsfont.zip,50a37ccdc010a48b2aa1e39ec46e7d2bfe9499acf0448c953143813810ef8ff4,1365,2,2126,0,1
media/fonts/badp.zip,248499b426fdea92845843e38c338d50e248bc12dfc15bb3de9def7d76bf93cd,1048,1,1879,0,1
media/fonts/bankgothicfont.zip,e0d8482fcfff1f6b44c864c8bf51a304dd488a9167b3844799149351f9e7a796,2324,3,3998,0,1
media/fonts/bballs.zip,a8fb417dc36962b3c18ce487c228ff637792e5d6ffeb2713dfdf9f1e5f14dc20,6435,5,63537,0,1
media/fonts/bdisplay.zip,d1f2e240e7a6972767ef4b0a6041ca799271514288adb64f9233569b16dcbd0a,7037,5,64992,0,1
media/fonts/big.zip,77508f69ce85ab6a7abee70bb98b4eb708a61cb3d2c29854632b5c5550f4ac33,1446,2,2312,0,1
media/fonts/bigfont.zip,54d3804f8428dde58b9445565440178d13e85fff8390b5877ff28672b30904a2,2945,3,3606,0,1
media/fonts/blank.zip,79f23583caa4bc82ec45cc5c9a97d01b995b010630acbcf44a865abfab234380,4127,5,6995,0,1
media/fonts/blind.zip,e7d412de96944a9effcbb38971dbaca1ec3d5bd4c39332f22879e2730fa7dda6,427,2,2049,0,1
media/fonts/block.zip,e9b3be0a56542c1f3db740b857f0e4b2db3c02eb2d7928531f70cc9e1df9021c,18233,5,181521,0,1
media/fonts/blocks.zip,344fef280d9bd641ff6926a1f9a60f26edc8e6eb0a77641c9aebef7264528c1e,8229,5,63527,0,1
media/fonts/blocksb.zip,b6c70cfce94a6e699434c2f220c3236637ec6fb5bfa5ef75f654cec23cdc7004,8628,5,63052,0,1
media/fonts/bold.zip,c2f23db972e0c89a5fa2a2b812be5918520318c7aef26ea87221e9273f00b02f,1206,1,2128,0,1
media/fonts/bolderd.zip,88610a5ae108ef66444c761b243d723bcd48e25cf7a91d6f1436202cef4193f5,8100,5,61886,0,1
media/fonts/boldfont.zip,107553454d26eca5d84a686acff00be2b54806b26203c2ca3fd5f7d34bb398f1,3282,2,4293,0,1
media/fonts/boldline.zip,48a989ec54eb65091656f167f6a5304136fc8dc7d7a1b6bd802926ce3597f149,8264,5,62310,0,1
media/fonts/boxfont.zip,b79eff8957f19ce7e1036c2a6a4a87b6ac48d17b5e2181bf934de614bec51b76,3326,2,4366,0,1
media/fonts/braille.zip,1b0610e94658492043d48342e8d710e78f46d61abf8fe4e59e4c3a2d85405187,6458,5,64248,0,1
media/fonts/brianfon.zip,6a11e78b8ea8aacabfe74e4bd7169c64d1b6de2ec041020e14c7eeb532c47291,1085,1,1879,0,1
media/fonts/broadway.zip,055f5002338986bd24cc8af6708a5bc8a4cbc88e74bce940e52762ecb9cdebd9,4000,4,4608,0,1
media/fonts/bubble.zip,1c33996becb38907441a6df342df3fb2a518c709438b7082722a5b6be6fc4b07,4895,2,5824,0,1
media/fonts/bubble2.zip,6888ec06acf83f71c0b3b6fa47f03a3728d436b46f7737d1055b6069d32d1896,5129,3,149443,0,1
media/fonts/calcfonts.zip,4a238ac8f012f34a3c99cd886c568be101cfc11e8e15b4f3d79497de7a922742,2112,2,3758,0,1
media/fonts/capitals.zip,e7a30c8bf39c0c9087bc6e87c0dedbd8abae8973a83ad05cb31f342f69957931,8256,5,64074,0,1
media/fonts/capsiii.zip,cf542d0143bd0f49998dce3edfb2386f298332e81f6ab40c2389604fb8287861,1046,1,1879,0,1
media/fonts/ccookies.zip,bb915afe8579ee8b9146df8592b28d7dc24a3e0f1cb8920cdc6fd01c966a81c1,8009,5,57050,0,1
media/fonts/cfont2.zip,9085b8d22e7519ed203442598727adf3122ff76f40a72f2ccd44a0a7b6371728,1084,1,1879,0,1
media/fonts/chinese.zip,8657404d0ce226979a22c8cee027e16fddcc4cdb3a52c2bc451219c0e0d87cc5,3186,4,4091,0,1
media/fonts/chrisfnt.zip,1e10da1673eccaad2957a0f2b4cbda692f3e3689e45758b333ff0a9feb004eb0,1065,1,1879,0,1
media/fonts/chrismoodysalternafontsetv0.3.zip,be2af62f5ac0edd3a11194c9790441518059008bb80f25e23d1909d67f20d735,1121,1,1879,0,1
media/fonts/clawrite.zip,a6c65e348c8602fa2a70f41a1bf30b4e2242d8baca526131da44ace39e362a67,4814,3,6641,0,1
media/fonts/clockf.zip,35db04b4cc98fbbb7cf3e3781a5e938659ee30c1971085bf2b7cec2e68413f28,1643,2,2850,0,1
media/fonts/cool.zip,83b8427de77c4c0957afdb7b43b2ca877e7c1f091b1a22963110610c57ec4271,1505,2,2452,0,1
media/fonts/coolfont.zip,1100d2d590ab2a5f2df0c00b87adfaa9a39b16a5eabb184f5e8a4c6f451a2daf,1136,1,1879,0,1
media/fonts/corners.zip,c219e5580f5468544fe4652410d872dcd993f8175b97dbfc691a51632fecf641,2610,3,76147,0,1
media/fonts/couriern.zip,8024f10ed27b0ac981c01b4f8fa5f5fe854de1d57f764c490eaf8fc24d2f0360,8864,5,64865,0,1
media/fonts/craze.zip,bb572ec3bb450c0c86a7a29279949006af157da3ba2d0ee007c4938ae57753f0,1106,1,1879,0,1
media/fonts/cross.zip,855c1db23bc142fb32681cc0b0215e61f960b2b008a860f7cbc5a9862727359f,252656,7,499215,0,1
media/fonts/cursive.zip,ee5e9111e38b4da5bfe6d5f3fd47fbfd6e33295f2be74a595ab11cbab4ef457e,19106,5,167701,0,1
media/fonts/cyrillic.zip,182511924d2c3e8982727cedcd5c394e5e1bfefb544722f9c73ced8f0cf1d3f1,1670,2,2709,0,1
media/fonts/daedric.zip,004a3e528f5d2fda3850bb3950573283411afbe2637ec1d1ef862c9526b565ae,3000,3,76063,0,1
media/fonts/david.zip,3309cb996d7090129bd7fc2efeda4e89499c4a92bbb79da698e7e928770b8e1c,1794,2,3002,0,1
media/fonts/descent.zip,144963d6a36ac971a864573ef4ade7ab85fbf55db9ea37ffd63abc46b8a2c13e,3238,2,4230,0,1
media/fonts/dial911.zip,480a3783dbf69f16784a2603fc047f94c14a5284ec17c779e78e285debd3200a,1021,1,1879,0,1
media/fonts/digital.zip,80bf20f63d8307a09ee7605fa52f8bfbc7a262271059b0e52f576cdaf1282bfa,8298,5,65672,0,1
media/fonts/dround01.zip,62b00083f4ffd2cf8ab2bbe42ac7917d06264f6e483cca3348cc42d119dd7e71,2100,3,5269,0,1
media/fonts/dumbfonts.zip,362cd731b5454dea6889adf87d5081a8e480d9752bd572e147c491248bdafdf7,2168,2,3758,0,1
media/fonts/elvish.zip,49c9f1097fae2183df0937e8deb51005a91f8e01ed1fb6c4f675c0bb1f42267c,992,1,1879,0,1
media/fonts/fadedfont.zip,ed96a2c88e2639362da152ca0425f3040b5fa6b9339dd470ebf01dfa6361ba9d,1344,2,2035,0,1
media/fonts/fatso.zip,2ffb75f397fe63ccfe45402fb48c39fc5a8267cccc7a5dfeeb0ac0a5d5228a9f,3800,3,5477,0,1
media/fonts/fivebyfive.zip,fe4b87815a137597290b809e0efd434b673f579064d5bce0af9554ba12252c81,2920,3,3638,0,1
media/fonts/fivefonts.zip,64e3563f92259343f01ce7ebc544d7cb6310927c7f13cbc116fccbb7a3eabd6e,5325,5,9395,0,1
media/fonts/fontset.zip,4af207c048df2eea4a89624a02947b18c804aa095bb492f534cff465dcb30715,1929,1,5523,0,1
media/fonts/freefont.zip,c54970a89a5f32e35ffba7d37f8e51882ec50ac29c734e75cdd637679a01528e,1751,2,2823,0,1
media/fonts/freehand.zip,3aec1d2b395ce1f18a55fea965de38e253824f3bdccecff54b632b9dfbf63a3a,1427,2,2213,0,1
media/fonts/futurab.zip,620f0469c0a77b8792acc2711b98f7d7c8781d57da10adce4cb406fc19e6cba1,8434,5,62146,0,1
media/fonts/gameboy.zip,2445f3511468fe6de4d930e84d6981f24f2d30ec097cc0c2a620fdb493431d82,3507,3,4428,0,1
media/fonts/gnomefont.zip,14891976556489e9c54d79e0bcbe16bdf352eed011f73a6d2cb9a39b409ba669,1094,1,1879,0,1
media/fonts/gothic.zip,dcd1780536681d6620eef00576e8c157ffe3a33587794b6bcd5136c2c50d1dbb,4571,5,59917,0,1
media/fonts/hausuck.zip,260c699c643a098e74193cdab372aae6fc736e1422ae7a5ce00536881886ce96,1199,1,1879,0,1
media/fonts/heiroglyphic_font.zip,ad0a56b1586d2715bb9e17aa7f12acf183ff3dcb163cc77c95052d08ab7dc26d,2371,2,4451,0,1
media/fonts/hrlines.zip,8b81d6d0676c35c1ee1996fa7e5d088926c986ec24e37288a7453867cca11e81,6973,5,63459,0,1
media/fonts/infernal_calculator.zip,a967fab8679eb93f76d3642a20dbebd1446b5174bdd75fe7769bd2de9f3834b9,1308,1,1879,0,1
media/fonts/inverse.zip,650b5775d1b0cf2d1cf8f500accb1a31ee26e1751183fdc3401d97fbdce388ff,1324,2,2071,0,1
media/fonts/inversefont.zip,d660caf9c367e4d16945851d7ec9080189ffe03c5c8d937e09ef5bab2ab6eb93,1011,1,1879,0,1
media/fonts/inversetext.zip,e26e71bf2151d041372ed33ccb067c338df38866d5f022cba03971a62bc957b1,3168,3,52541,0,1
media/fonts/invert.zip,705ca1880eceb7d4dd81976a6a579fb126d90715f0286eb263ed3434a7644836,1281,2,1971,0,1
media/fonts/itlcthin.zip,3bd8099331b515f4f7321cd6107d0e8a027e96714c89adb0096ea8399a26276e,8055,5,64619,0,1
media/fonts/joshfont.zip,e5ff261ec881f69c47b32b199050b4ab62aa2019a23d2309158ed18a10a8fc6d,11424,2,13159,0,1
media/fonts/jpnhira.zip,0eb47780b096e8f5864a7b5307558b133a49e775962a9915c4148f12b4446333,12833,8,68842,0,1
media/fonts/jpnkata.zip,5395e00d2e9abc2247212e85cc9f0d457ef0f58c2ffe6bacf838c671a2010a27,12653,8,68911,0,1
media/fonts/kidprint.zip,202df5bcc3fcd7cd2b31416fde406a089d03848d5260c7438ec2f5345678bd09,1141,1,1879,0,1
media/fonts/krystoid.zip,1ca4208bf8494598fcd4aa148e86ddeff178c7700cf0abb24b49ab9a16bb8704,3084,3,3866,0,1
media/fonts/lofont.zip,a1addde2a191ce0a9060b3eada253537a2bb916374bcccbb24560b251f1f5d8a,1075,1,1879,0,1
media/fonts/longhand.zip,b0989aecd65434e1d9303439057bd31fb4c857d56b28dbd721b8d0a11a36a2a4,8693,5,64267,0,1
media/fonts/malachim.zip,740e565002d13d213f3cc724572605b30e7bd39c44b14cb06b96eaae259d85bb,1001,1,1879,0,1
media/fonts/mariobro.zip,0fc957cee2e71d9bc452ffe3f5972cd4ad172059c0b4f4df91f7d596869496c7,3461,3,4443,0,1
media/fonts/martien.zip,31badae45a7c0d9530d07f81273cd7d6fadd421f9e27d6efd0614a54093462b9,5128,4,6697,0,1
media/fonts/medievalfont.zip,cb6f6e0f9e50abb394e94d29874b4627dec33af36cb5599b9325daa06cde8559,1058,1,1879,0,1
media/fonts/metroid.zip,525eeac16b0228274d18bd141879555e105cf82c2750bcbf8e6631f8b55c0ddf,3135,3,4201,0,1
media/fonts/middle.zip,5603a568c51f7475936e6d208285dd932a644a5b5e843ee581d59b45c0aab522,1086,1,1879,0,1
media/fonts/minimalfont.zip,13b8d044c6621c57e29d2a145e95faa855ebe644e58db457db82d87418c7ba94,1658,3,2412,0,1
media/fonts/minimini.zip,868a8bd8578efd1bb785398d2ac36a50e049e55e6621c7c6145abb70a566cde1,6899,5,64785,0,1
media/fonts/miniquakefont.zip,53f34007f6f119cb84c2a79992dcf9fa3887c3a579ac7a5b89adffacfef36eda,1025,1,1879,0,1
media/fonts/miroritefont.zip,280158d92ca7e6a37c07592456dd94bff84a5e5c61d7b80c5b8dc3deef2b6427,4343,6,7527,0,1
media/fonts/mirrorupsidedown.zip,571c69f92acc6205bdeb4b7f1c4d41f46839131859559bcce0ab6b67dc8ea2bc,3942,5,5803,0,1
media/fonts/monster.zip,004a6e71e1ddd96d6a61bba84a70b212f265549413a819bab47c73f47a6a8426,8898,5,61535,0,1
media/fonts/morsefnt.zip,f3969df0944e8b709a7f82ff3d5747bc0621a2f7b88229b430f0d8cdbac75417,1662,2,2902,0,1
media/fonts/newfont.zip,ee03083c25d79a76620dae9c4eb00922d1f6010c5c3b4cd49a3afcd118e9a80a,1415,2,2263,0,1
media/fonts/ninemini.zip,8e790cb0531d26670f1f69c660e6c247e554e53313c8dcedb088d67acc82288a,5494,5,64940,0,1
media/fonts/notes.zip,9d69615cb475a20dbb3a9055b4fcf6fe2c75bc0e1c9d568760284c43e340e38f,19330,4,42061,0,1
media/fonts/ocfont1.zip,166c4555b50ac969b4c78c0626252586d7ccbb0920b449c6c42673bc18910f4c,1424,2,2260,0,1
media/fonts/omnicalc_playbill_font.zip,77fe4ecace30ee558f34cd11b8998dae96247f245ffbbf06c71282419dee5a4e,1820,1,56736,0,1
media/fonts/omnicalcfont01.zip,6e2fa7bfddfbb8e0ab7c181d8e1bdfc162aae36686e0f9f5be333e0b3e7d168c,1588,3,2138,0,1
media/fonts/omnicalcfonts.zip,12a2c430e338ad6b8882c8cdcd3a9cba71cef1350469eb81f8ce8c7485349b42,24866,27,50733,0,1
media/fonts/omnicalcinvertedfont.zip,90447b289494765b17adf31786157e892c609147ce88c5b876e84c63f824e852,1074,1,1879,0,1
media/fonts/pacman.zip,131b6ff1c11d8a5157a4ec74568b58127a18f3005ad47d95e62f74f1ce587720,3134,3,4247,0,1
media/fonts/phoneci.zip,b62726b7fcab52b3a7112d028b6f4070f8ea74e09b54d7215c2c50678b1bc74d,1081,1,1879,0,1
media/fonts/prankfont.zip,6bba7add56c797ac152e874a9009a70baaa32b42f8b5e4674011e38d01a7b576,1061,1,1879,0,1
media/fonts/psmall.zip,00d523662249f8add725bf7837cf782c37a9ac97d1eb41b9d1356623e7403685,7562,5,64277,0,1
media/fonts/puffy.zip,fcd82b14bc45586eb5d8d308655d10bff92e09aaeccedcc74ae02310ea9e6d39,1102,1,1879,0,1
media/fonts/rammsteinfontforomnicalc.zip,fdd02adc76387a736b88b08166bf4aba55b80e7b00b718133579c6055ac2869d,10720,3,13574,0,1
media/fonts/randjunk.zip,0f9ae69528bf9c572bd6ba4d7270fb882b4863f253bd6e786889289d6c30b6b4,1517,1,1879,0,1
media/fonts/ransom.zip,92621566c90b3383a2557b7de4a5e9c513f88247e6d0797fd9ec8c0aaad9b54c,1083,1,1879,0,1
media/fonts/retro.zip,589a48a2545fb9739f72b2ffa0e08b3438d294433ba2864a0cb6b4f902df1979,2591,2,3615,0,1
media/fonts/round2.zip,0e4771d502a4cef97b0d9aad074c46ce1f1f0d602d276f656f834cf24f811b77,11815,5,81847,0,1
media/fonts/roundf.zip,4090f0b9725c852afebd1558f302aebd87072e0dfc5efebfe37c59755510b98b,8551,5,64468,0,1
media/fonts/runes.zip,0718b66fe41c02e28e54f954cb0fd09eb71ae61f85cb447500ed4480e6172ec8,2023,3,5444,0,1
media/fonts/samfont.zip,559086822d1dc9aad58e6e31af02fdbbd4c9600d45f4a7c2f423bab022ff3c19,1127,1,1879,0,1
media/fonts/sboldfont.zip,12d336cb52cc7ddd8aacd8aad9229c5ad3c64da8011ad85756f622535b4d4e47,4045,2,5021,0,1
media/fonts/scriptfont.zip,82f3ec7bf83d03e8931426ad5220bbc7bfd1258a1e6edd62d1171e446c8701f2,4304,5,7130,0,1
media/fonts/segments.zip,37038183700f531393fa7fff1e179754ae382a0d090ef51177f67e50d4e4c717,7659,5,64769,0,1
media/fonts/sga.zip,c4a0c30e072d5224cd281f2f2b16138f5ede7fc9a7e711bec3f3efbb2a25ceab,981,1,1879,0,1
media/fonts/sgfonts.zip,e6eaf38465c53ed532beaac1c7663c0de0effada5fa2f42e66004b30b9540e37,13075,3,33966,0,1
media/fonts/sidewaysf.zip,bccfa0983a2f5201d1516f1752eb6fd8cfbef53c31e22c4e8d4adc0fbf677f9f,1868,2,3358,0,1
media/fonts/sixfonts.zip,fe17e19692046228a9f5eb4538c7a76572b30996463dec6979be9a8fb59b4b0a,62589,12,84246,0,1
media/fonts/skinny_font.zip,39dc7681400977aead012fa023bf116ee514b3abe35b49e12bc025f05ef83455,1480,2,2706,0,1
media/fonts/smile.zip,597ff41d81bcece148a74cb420dbd797a53a45e46cc08ce318f0ab8e009d10d6,817,2,2049,0,1
media/fonts/square55.zip,bf87cd31d11e937c312068cf8c1c1c9d2a8f778b9399d9628245d6339cdfe456,7494,5,63239,0,1
media/fonts/squished.zip,8491c9de9ec5f8c8eb7422f826725fe16722401688fc133117c9f021b14c0dc6,1270,1,2128,0,1
media/fonts/startrekfont.zip,db3def152716339aa9956c922d2f26bb9658eefda69c1ad9f73e08ab94cd5abf,2902,3,4916,0,1
media/fonts/steinz_fonts.zip,04c61002d8b4e9c79f4b576129efb7635b8842eba9c69636fa9525cb95c68e0c,1769,2,3758,0,1
media/fonts/stthin.zip,081dd9b240212621dbb1b7a6f8a11f9b48414ff5d00ac6cba550304a14bc121f,7627,5,64603,0,1
media/fonts/symbol.zip,1593e6d9f9a00e06382c14a006d74bc307ee4d5ada1147471e08a98aaa8ccddd,18409,5,167699,0,1
media/fonts/techno.zip,81de859191b46f0b87ad7efecc7648912fe03b108c5318398e8bb0ec2c4b7b31,3172,3,75971,0,1
media/fonts/tengwarfont.zip,ac844da7c06118eef5f2da60236aae43d559340754b73c549bdd86bfc9ff3257,5002,4,61020,0,1
media/fonts/thinfont.zip,c76dc1aa43fe812cd00682709443be503f328d88084f99e5a913dea4d49157de,1067,1,1879,0,1
media/fonts/ti84.zip,d9cab503755200db3e7dffe77df83eb08691585df6e927ca1c0b65b6c71b81b6,1047,1,1879,0,1
media/fonts/tipetit.zip,4ff33ede8304564fbaea6af6d0383658baf0734d8fa2d89c40790584c02cdd5f,995,1,1879,0,1
media/fonts/tipetit2.zip,134df6a78857230c634222b90a7f0c5c9502a6ed5f23494e1e54f5517c16ed6c,3282,4,61179,0,1
media/fonts/travfont.zip,7a6eeea6dda4de6721fb98753e8bb6edf5d81f3778c4573c7966d9ec6145b458,1764,3,2568,0,1
media/fonts/tricky.zip,fa80a9ca0d0cd882c4b7d738e94da1ec28740f0169cfe697f4a6b2fd3ec76fa6,437,2,2028,0,1
media/fonts/tvrobot.zip,3f207f6e499574c5a823d0f70d50d3f21c3520639c985bb05d289e4033ed29c4,1104,1,1879,0,1
media/fonts/tvsmall.zip,624916fc0fb63c820c5e8aa75064d8323e8f0bcc04e47f77f64796c595484724,1085,1,1879,0,1
media/fonts/tvtnr.zip,149f2728e6d27a3a0107897cbdb13428962a6ce73fc8bc70a2688c9632f6266b,1106,1,1879,0,1
media/fonts/twisted.zip,847e75d2fcf0b8bd8742fbddadad3e6ba7a78e43d3bae7f700d2686bdf896051,1142,1,1879,0,1
media/fonts/westcv.zip,95527619c2a54c06ec6b11ed5e0beca692207a561da1a1c2625fd91c01ea90d0,4517,4,5863,0,1
media/fonts/whitesf.zip,0502232926e8d0428dd9d46b1850e16ae87bffcefcac89415771474800421b38,8358,5,63421,0,1
media/fonts/wingdings83.zip,5cb04105c2da77c332e10b78d12410a756fa417580e74b9fa3ce3cb05cc412cd,3967,3,5924,0,1
media/fonts/wo3font.zip,f815db2101abec67a152690c0f6ef7c121f3a55e4cee0b20e2a4aed2f3f5378d,7941,11,14202,0,1
media/fonts/zprymlcd.zip,537483def01130e93e7ae4822a15dfdd028c6fac86b4c601bfd4f361bffb11fa,965,1,1879,0,1
media/fonts/zprymlgr.zip,c340dd81e542b7f6554d0ae92106d0ba3eb663205397bb0600afe136e0002cf3,1057,1,1879,0,1
media/fonts/zprymlsw.zip,174798c5cca6122c39594b4b65f2a9cdddbfc322259049361704cc465a7170a7,1086,1,1879,0,1
media/fonts/zupfontstyle.zip,b8bc2a62245e458f402ff29f62631fd2de7c7e8447deab1273efbd326eddbfce,7290,11,13501,0,1
media/images/asmgreymario.zip,b48a7aa1ca9b275bc11bd70a3eacadd32d8cc55b57ee613f60c159a82a594ba4,1197,2,3688,0,1
media/images/doorscs/dcs6bgdarkness.zip,2268698a4bc71612fcb95894b003e621ca8a534ad0121ee8b7e451f32f7151d5,15814,3,17914,0,1
media/images/ganon.zip,ea6fd54248c078976fe650bb323edd526701e142d71774a07fd3a5853b0689bd,1144,1,1244,0,1
media/images/hooba.zip,c120206dd6d5e838db3f67cab7e8574130e932cf8a5e39fc35eed7cb5ab13d83,1133,2,1058,0,1
media/images/iconmanga.zip,37742e0025501db68fc727ed05fae640efa04d070958b91d60534a1fbc9308db,14547,19,16929,0,1
media/images/ion/bond1.zip,bbb418ed305dfd8a33c708677a0cbcbc8e2139b5e24ce0040fddc1577259371c,887,2,1186,0,1
media/images/ion/chrstmas.zip,484746787e2543a1134f3a661d7f05120c627356d70eb9fb22638c6908565f96,2448,4,5459,2,1
media/images/ion/fight.zip,188844eb40034dc6d87cee5456419e158abf44d47f2abc5830ce6b0d1449b06d,61561,3,76519,0,1
media/images/ion/gapskater.zip,fa3004178f1400632b86806548b3a054b27332ccece42fee3aa48701882ef5bf,2361,5,98855,0,1
media/images/ion/illusion83p.zip,c4bec658802a1e5c1a5c4d949d0ab8eb2068b4b6a3f50af0c5e476c88497e886,3239,3,8141,0,1
media/images/ion/liza.zip,ca1b048a8a15249d0de99c82145194edf9f5bf256583fa22ec1f9eea2844fca6,1661,3,4317,2,1
media/images/ion/startrek.zip,44eebf34b3c0a81f2d8fa0296cf6c2617e1c4ef8ab373fd808d6262d93a07905,1666,4,2598,0,1
media/images/ion/treeeee.zip,5ffcd5ca7724b17a210b955c9f0e9f55c670e3038125591895f32198cd370435,1213,2,2259,0,1
media/images/ion/ziloginside.zip,707e932108b626a8a63cfb73d06ded448d7bf0eac18c5a3942b287b6fbdd2ab1,2704,4,3944,1,1
media/images/mangavrac.zip,c7a4502fd8b9d5103976ed2fffb74aab155f79adefa87b4d75c33ebbefaa3b23,24245,13,31833,0,1
media/images/mirageos/acardinals.zip,aa9443d2c7583b2ca89d9be1f5449380547527cc7b504eb5af27d2379122aef8,1010,2,1228,0,1
media/images/mirageos/afalcons.zip,39d85ed509dfaafaeddb33b7002c54ed16ceb5efffe816facb451304a2323277,888,2,1099,0,1
media/images/mirageos/aguilera.zip,96f5335e18659a83f7195761204bd6362ed5765673bc5f9c5c7815ad52def5ae,8822,6,9577,0,1
media/images/mirageos/airforcefalcons.zip,b8f5cdf3d60f41a0d532f3e5ff6f152f888908d8e3cdcd29a10dd3a2c1c0e254,2278,3,2314,0,1
media/images/mirageos/akronzips.zip,4ee93037ffe4878e27ac7d0420257a11044fdaafe7fab65949058b49bbd9a0e0,1848,3,2038,0,1
media/images/mirageos/animals.zip,a984c0b44b25e5b5565ed48c87d6ac2351db434a3c6daed4c98a55064d1c471d,701701,60,745344,0,1
media/images/mirageos/azcardinals.zip,77e1b8ff852cf62ba43e4a18784e2954b582852b5c2fbd1095e6e1a475da32b5,618,1,576,0,1
media/images/mirageos/ballstcardinals.zip,8a59cfc269795e21951b4459e8e4cbef79e9f514089e378851443f588aa82f42,1985,3,1913,0,1
media/images/mirageos/baltimore.zip,21507fb0ee494798a5082c13073bf58eaf9affd2b633a8e7747efe0fd0633826,974,2,978,0,1
media/images/mirageos/baylorbears.zip,6f24c4c2c37b983cfb725fad42e8b9fd776e867f4e7e884ba54591644b728206,1931,3,1838,0,1
media/images/mirageos/bbills.zip,c9e36d50179bfab4831786920d4e50e452a5b935e5d673bdec3e2d10b0be7a23,1124,2,1399,0,1
media/images/mirageos/bengals.zip,fccf8092086bb5ba669466d8295e079ac68c53930e2a5869dfbb9897453f8301,1073,1,1194,0,1
media/images/mirageos/bills.zip,0a4f2c6677b3e69395ace575b90235f317be98fe8ee6f95180241564eec71317,1077,2,1101,0,1
media/images/mirageos/bostoncollegeeagles.zip,512979f53659deb0a3b4e603bfd3fd2e232eb391bfab78b280c8a60bc75098fb,2198,3,2061,0,1
media/images/mirageos/bowlinggreenfalcons.zip,6f0069458c697da54e97bc719d541ad24c1e09af9fefba2f4d36a3fa9b98e389,2038,3,2018,0,1
media/images/mirageos/bowser.zip,7a09a4f3bce0a7848d14708d17bbcf3e109f7739b75d4be5ad0be18248598c38,1315,2,1320,0,1
media/images/mirageos/bravens.zip,f89ee679d12d4e997f416b632a2f314c0e987e03c1c79c96452e5a7c062af9a8,1227,2,1449,0,1
media/images/mirageos/broncos.zip,3a0c7469373114dfc794ec7789f56e3b96a7192bb310044094be5e3617286d72,892,2,882,0,1
media/images/mirageos/browns.zip,8041585f7cf1923490d35b75c9d444a213ab92099ad853c7210ee1a3df6345d5,1307,2,1339,0,1
media/images/mirageos/buccaneers.zip,e7835f927370b7fd9a6b939d5c9be6f66637a81d9830925fe0884f08f922773e,1222,2,1273,0,1
media/images/mirageos/bucks.zip,1b317e4060afffb5aa76e2d70fcc633526eecf4dfa35708f06e3772171333146,954,1,914,0,1
media/images/mirageos/buffalobulls.zip,79c3b11e7b077843ca640f1c802c997bbdd7a883646973508d5e169f981ad17b,2187,3,2176,0,1
media/images/mirageos/bulls.zip,17290367c43df9bc11922809eecf33d877922da96ee91b8b29bb7db574ec8da8,882,1,955,0,1
media/images/mirageos/byucougars.zip,29b50b43dbce9f0a1d0fe4de9f9e6cdfc3f44757f7c203123b3ab884adc4d73b,2029,3,2058,0,1
media/images/mirageos/cbears.zip,7a5e41362ed3c4bc0f56db17bc724202db57a995ea879cf648bdf0d9349bbc7d,1221,2,1599,0,1
media/images/mirageos/cbengals.zip,b267d4e882bed82a24ae2304c0fcca73a465ffe7d82b3ee21b557ab2c876d3da,1276,2,1567,0,1
media/images/mirageos/cbrowns.zip,8fb7a67e3f8ec9ed27cc69e48430013952a749ae0db61518604ac5c706a45ee9,1127,2,1288,0,1
media/images/mirageos/centralfloridaknights.zip,0720d0a494429410cc814266da6aff898903c00091e74a43df2f2d49f023f776,2144,3,2147,0,1
media/images/mirageos/centralmichiganchippewas.zip,9d35de84576386397d4338f6ba7e998612d2cfcdd0372b048e6fe2517b8feb3a,2086,3,2239,0,1
media/images/mirageos/chiefs.zip,6e7a47890f9bf1fabace4859a262d93d56d3c47550f8e500a5d8116125e7bbd3,1152,2,1188,0,1
media/images/mirageos/cincinatibearcats.zip,845cc47cf0d6b05bad480b3b79b76a337823e458f44f7e0c87d0ed8b7e860043,1878,3,1669,0,1
media/images/mirageos/cleveland.zip,58810acfc749bca7c4dae3fb9c5687bce0cc4310f279982a14bf49156db64dac,1114,2,1151,0,1
media/images/mirageos/clippers.zip,35a33e032adbb09e0b87449f9b7822832567caff70b313a6d34c7513e500abcf,989,1,1034,0,1
media/images/mirageos/coloradobuffaloes.zip,633aa4a8cce729dfe56b0c2ca2f26f0946d0cd3829adad42748a5259c7d9a80f,1967,3,1791,0,1
media/images/mirageos/coloradostrams.zip,e3318cf249e765cd405718e2c6940eb8178e7c5c786ad012da771193c55fb574,2154,3,2186,0,1
media/images/mirageos/colts.zip,55f8526aa7046bf55dd8fcc91df091cde9b110bd82283d9cca907e6735b6bd12,1230,2,1371,0,1
media/images/mirageos/connecticuthuskies.zip,9cc460ae346070472e15f883da0455779d2667cfa4930d29f03830f3587ae65e,2289,3,2095,0,1
media/images/mirageos/cowboys.zip,11279bc86e7c388856b1ea7a2027391e72a4f7760224ec2a49d8a2b3a1f91af6,1192,2,1205,0,1
media/images/mirageos/cpanthers.zip,56a0b2118cf8de6edfd2e0cff655964a31aab3ccefdd3212f50fd0c8031d3afc,1162,2,1408,0,1
media/images/mirageos/cross666.zip,f7ac722395d39bfb5fb385cd4c60d12d2641a948e674bd361e9f9c4e2d1c0c4a,2967,4,2549,0,1
media/images/mirageos/dbacks.zip,44acfde75ca8cbed9ee950540f98820523c65ed84d9555c6909f4c7751d5adf6,707,1,694,0,1
media/images/mirageos/dbroncos.zip,0de0b207ea80eca24c6742c8306640d6235fb7c1cd84b8bc579ade7d22a4d4d6,1187,2,1456,0,1
media/images/mirageos/dbzpix.zip,4e30ce54dfbb5bcf054940f93efd02d9cfe514754056d325b1ae7e399f1c1c6b,670006,49,705723,0,1
media/images/mirageos/dcowboys.zip,2ea350a413564328dae22d66817afc46041efa3621bf7482185f4af03b162735,1081,2,1256,0,1
media/images/mirageos/detroitlions.zip,ab0e2336bd8b6a3c8b806d532d6ad9bf2b7aeca957bb45405bfbc7155785a6c3,983,2,975,0,1
media/images/mirageos/dexters.zip,d5c94084eec3e55b861d965212a0bc6470338eb6ccd4479a73d556c5c1b86cca,210657,7,246737,0,1
media/images/mirageos/dlions.zip,c3c6d8110760d224596bfaf1e43a765081e456ff47e4e5c6fc6f88f411f5a182,957,2,1220,0,1
media/images/mirageos/dmc.zip,b421f42fc42f5e57a33881a5e9a01ffa02e0aa4e2f681a603e666038388d73d0,41493,9,41989,0,1
media/images/mirageos/dolphins.zip,242ea5d526857797fc313fb0ce27e534e27f9b2fd4dbc193dc5b5a7f3302a473,1274,2,1294,0,1
media/images/mirageos/dstars2.zip,e2644ead54cd3db31490c0b058381e2091921fd4c1b2971da3827b99787c3568,697,1,709,0,1
media/images/mirageos/dukebluedevils.zip,c5c6f0e1b4830ec5ce958415a8b5721ba13ccb78d3dc6a7618a20724774507da,2229,3,2116,0,1
media/images/mirageos/eagles.zip,fe5b6a853da8f613cd1dececddc78cd800904ee2b002a0ad81996f1b67b7d465,1148,2,1179,0,1
media/images/mirageos/eaglesflame.zip,fb2c9b980512f73bb2ff4091e7923783926dc511e3b5da5e62f8316f47463bfc,585445,5,609564,0,1
media/images/mirageos/eastcarolinapirates.zip,93501e3c11bee26419bffb6210cbc174a82728a26d9672fff86402568984d166,2286,3,2128,0,1
media/images/mirageos/easternmichiganeagles.zip,05d150f6e4b1451dea8286ddfa4a521485ada62a5a3b83c9d3aa04ca80153038,2142,3,2095,0,1
media/images/mirageos/expc2.zip,4b9b0f3997b154d6e3a17dd49cc3cc6737738e75a9ba1a73f8d61d539104fca3,2086,3,10048,1,1
media/images/mirageos/falcons.zip,4c597081305272a17a9290eaa54e1b9f39c6d2285802686de1d7c9d14d0acebd,907,1,891,0,1
media/images/mirageos/flashpic.zip,e20d7fb0b3d36865133816a0ad984b8bf8336cae295d9943ea707a1f5514c8eb,586,1,576,0,1
media/images/mirageos/floridastseminoles.zip,356182c032a1cc58ae48d4df3c73cc387e91ed665513dd5e3ca6be066a154239,2291,3,2144,0,1
media/images/mirageos/gamepics.zip,d899fd69b3cbbadfa2bacfd3efdaf6a4aa73518117a8835639e6000863b6fa24,37022,25,98130,0,1
media/images/mirageos/gbpackers.zip,e0d40b921aecca8b9efd67f9f6103ace9f8a55b229f4a19e0554471750873170,1297,2,1637,0,1
media/images/mirageos/georgiatechyellowjackets.zip,3e5a8262f20fac683c1df133ab3f84a1248f65c3cd3f11f6e6f065ae2097cb92,1970,3,1751,0,1
media/images/mirageos/gtopak.zip,06cfba8d998b16de437141884ba99c984dafd3cfcedc5d237cad5c57d6ee5dc7,116703,15,123778,0,1
media/images/mirageos/gunpics.zip,7d4a83f2f9a7504a69ce6814324ff9776e806f7a0f72519474641978e29146db,987160,111,1015072,0,1
media/images/mirageos/happygilmore.zip,88d3fa45710d7842ec2acfe03c5ba8b2470b126ceeaeb723ab3c8f383a68d567,8310,7,8502,0,1
media/images/mirageos/heavymetal.zip,71bef564a9411cb94bc8625f5d13d1d78a1453d8fe9060bcf84c360aede587b9,615025,39,641339,0,1
media/images/mirageos/houstoncougars.zip,c232d2d5fb6d1b277ca942ef50f663b4c1dc320b193720340439861830760c93,2226,3,2090,0,1
media/images/mirageos/hrunner.zip,734819a897348e211ddf768b55eccdd296a0842cb39818266a897fe37171b47e,3390,5,3621,0,1
media/images/mirageos/htexans.zip,811d3740682e617ccdddc552fa20cb890f37f1b3d09381f3925cb4a1d7155dc2,1028,2,1275,0,1
media/images/mirageos/icolts.zip,74586385081114946a744e7219f336758f9f37283e0ed1e3e08b4e40c5e9983a,1039,2,1327,0,1
media/images/mirageos/iconesrei.zip,3ba4f804c4cbc8e0d0a3a9e0230ac5c47c730769b0c36ba4bf623bff652caae3,14464,23,13182,0,1
media/images/mirageos/illinoisfightingillin.zip,eeec733b7b418a92da1e86f292f5aa02ee169cd16a2a79a41c0fdfe6ab962682,2525,3,2267,0,1
media/images/mirageos/indianahoosiers.zip,b2ca2d6f86294885ad90689b3c018e60421cbde0bb5064d386c411657493ad0a,1856,3,1657,0,1
media/images/mirageos/iowahawkeyes.zip,09717db7e7f0b9d70a34a540e1623e5dbd99e209aec2d2a2d5513673bcc8fd42,2088,3,2036,0,1
media/images/mirageos/iowastcyclones.zip,a07c830f6c6ec24514163d0fc35908c3429bca9c0f85e583ce8b48c2e32baf58,2228,3,2010,0,1
media/images/mirageos/jaguars.zip,120fb357f02a62e63f4819456848431db077089c3301f9c23256510757602d88,1284,2,1351,0,1
media/images/mirageos/jehuty.zip,88141884d700ce0879f3e54410efe8b7f55df7fdb741191c78ae27c03405091f,1892,2,2041,0,1
media/images/mirageos/jets.zip,c60aea5f4dba9e2508f5bd7da1a56c5dd6a700140a91987d65ed7d0d9a9b5b0f,1098,2,1156,0,1
media/images/mirageos/jjaguars.zip,9b504c0eb0af024b2133b7e2aacfb31e0145a42b4439b25a404287638ab783fb,1357,2,1670,0,1
media/images/mirageos/kansasjayhawks.zip,4da92e50c9e7c84e5413ae15b0a41114f5eaa7b9210ffaf48f401e3f4a2f3c46,2317,3,2234,0,1
media/images/mirageos/kansasstwildcats.zip,f223f53292ef63fd1a3bb4064418794b51cad7e1a26eb6b9fa183516f3727881,2061,3,1954,0,1
media/images/mirageos/kazaapic.zip,886664ce67a2d4c3806eb163aa5a2ad591aac3665e71d584d8825051358b161c,844,1,857,0,1
media/images/mirageos/kcchiefs.zip,3bfadbce61b57bbd136b057209ac24d4f249224e4e380c71a0803e693c6b5b38,1292,2,1658,0,1
media/images/mirageos/kentstgoldenflashes.zip,efd9ce06566c57c9a4d96da733c8b0f6629b8e380d31cb643594b75d2371c532,2342,3,2342,0,1
media/images/mirageos/lakers.zip,facb7ff4087632b7e6a280e7d446155ccb006753aa431ce517844d57c87d2bb8,1167,2,1117,0,2
media/images/mirageos/lakers3.zip,facb7ff4087632b7e6a280e7d446155ccb006753aa431ce517844d57c87d2bb8,1167,2,1117,0,2
media/images/mirageos/lopom.zip,b8898d83725a02f1a7dd41e5b88f37b2f0ced398d155fc08b43ae3cde73d06bd,14665,12,18069,0,1
media/images/mirageos/louisvillecardinals.zip,46b6372f4458092f3216e59c4f3c4947d785f803e430f4e9ae8cd2dacc29c0b2,1979,3,1749,0,1
media/images/mirageos/magic.zip,63bb9e3b9db7888314032de6c1a996e56522ff71a6b8072180867d7be78ec064,1260,1,1244,0,1
media/images/mirageos/marshallthunderingherd.zip,8844e6f1b4855f6ff7d13a11562f824d418b8adb34192a8ceb620eb6db4e68a0,2086,3,2126,0,1
media/images/mirageos/marylandterrapins.zip,3637ee10f4d9a1e99f854e9f760878191baff0699f1af8f89fcd82b2813a2706,2359,3,2167,0,1
media/images/mirageos/mavs.zip,62f5bec047a84898d588cf6f791fc9dad664bebd74cc0ca35d9a90b2c10bd8bc,1611,2,1568,0,1
media/images/mirageos/mdolphins.zip,bb88b05f626139127408d4ab7c07f32aaf08f73e65a5c5b39b91a2772669db2b,1190,2,1384,0,1
media/images/mirageos/me.zip,1bb469dadd3f7f21bd578874da9e54d00c5f9d35e53e6828a4ec177c1c68ad3e,1095,1,1095,0,1
media/images/mirageos/memphistigers.zip,34c74b3f4c22e2df6701206deb64b84044f1ea2d155ba4030bf3ef8fa46aa228,2420,3,2225,0,1
media/images/mirageos/miamihurricanes.zip,9e63be42c1d4e367864c93b1a3df16562f6e0d42e89e12f47d32b05b68b0e7c3,1869,3,1678,0,1
media/images/mirageos/miamiredhawks.zip,9941e38cda7b8a067bf04ed8550b7000b902c5e98878993cf1ea8a7c242f3f0c,2150,3,2182,0,1
media/images/mirageos/michiganstspartans.zip,c039169c9d31ca78b2a997e7be6c41aef42acfa334b4c1656aa0a339df3b93d9,1830,3,1598,0,1
media/images/mirageos/michiganwolverines.zip,878711a7bda212e3fa4d9a9de9ff4da69f100980919979aa17d26c3686f45cd6,2308,3,2353,0,1
media/images/mirageos/minnesotagoldengopher.zip,3e256c6cc775d12a85d5d4845eb9f9c5d91c997bf5ccf48c53de856642fc0f10,2500,3,2283,0,1
media/images/mirageos/miscmb1.zip,7e76cb096f34a4ad385114418e3aca5105a88fc9b1032c9e9d14f3012c983745,1374545,82,3955656,0,1
media/images/mirageos/miscmb2.zip,df995660eb6c14a186bba43ceec3fa7540b3d53bf705bba7c4769f2b518a6cfe,938141,71,975193,0,1
media/images/mirageos/missouritigers.zip,9e2c2a2cf14421a3d4d2d9b1f133545fc358e795177b6bf18720319bc0b5839d,2234,3,2252,0,1
media/images/mirageos/morerigviewpics.zip,4ae30d20612af9a22185cc64e37a3e3e7548c4bb6acf66c3a765d2e4b698f0af,108034,25,115906,0,1
media/images/mirageos/music.zip,aac274a152b04d74d4728cb87a931b2a9d06bf601184f577ce99a20ebfd34bfc,701,1,904,0,1
media/images/mirageos/mvikings.zip,3e3422b52692c69be23c5577ed89106bee48710752bc6f40d5155f0c08fb2d0b,1091,2,1261,0,1
media/images/mirageos/napoleon2.zip,95d8a1595de375edc493b474921744ddc5da97d22cb02cbe44f462863ebd6dd1,1217,2,1183,0,1
media/images/mirageos/navymidshipmen.zip,8e67cc9302bbc31eb30a39a1914ae970d4d521591a6b3e124d3eb99059fea796,2328,3,2095,0,1
media/images/mirageos/nebraskacornhuskers.zip,3251b5cc2aac08731ea9d64d24b273704ee07694b57667ec8ed35203a4b7f754,2264,3,2041,0,1
media/images/mirageos/neo01.zip,62d5aa68addfe4b981d6d80649b9ef29e6be67c3d0d7af339a3d2502c9c10b6c,4219,1,5795,0,1
media/images/mirageos/neo02.zip,b4c06e7e3b35c2e0a9a583b82739e7f750f6a56f1fd7bcabbe125890c57e5148,4642,1,6117,0,1
media/images/mirageos/neo03.zip,b0e12ce4e82d410bc3210cf646857791c12e1c8f5481f089285ef6a29b54cab1,4369,1,5909,0,1
media/images/mirageos/neo04.zip,efd8fad0f1db61b92529c1988a2019fe7b665d728dc69c8986b368cf625e9332,4319,1,5902,0,1
media/images/mirageos/neo05.zip,18fe0fd145424db6eab8ae9628a89ef7f0159790a4a0ca043b236196b95b75ce,4548,1,5966,0,1
media/images/mirageos/neo06.zip,ecc64c22e18b64cd66af085181b7f19473631526d4656c95a085e730b659c72f,4313,1,5772,0,1
media/images/mirageos/neo07.zip,c9bd8f0c3729db59a5af4261f82f53470b9b26b00949d3cb6aa6c48d6b9943ff,4484,1,6010,0,1
media/images/mirageos/neo08.zip,1863a19b1ac6d9e7197341997a118975e894d3a8ce25f1196472d49adb08e325,4577,1,6030,0,1
media/images/mirageos/neo09.zip,e5d6d880221194516595d426679ccad0bec6bc77c7e5ceb269749837043a643b,4556,1,6115,0,1
media/images/mirageos/neo10.zip,f09ae7032d9cf382fe7e5137afcc6df3d2a9eb3d06c339777d999f0805c9c0a0,4108,5,4262,0,1
media/images/mirageos/neo11.zip,07d3dc21ee66dc4d4a66ad190f32ce8f23828449a6133370673733c4ee0bdccf,3857,5,3852,0,1
media/images/mirageos/neo12.zip,eb68f609dbed66fe3b22d364736882d697e2755d635130f929c3114864b08219,1927,2,2059,0,1
media/images/mirageos/neo13.zip,86efd8814cc3e5305793709d46ffe3b7263403dbd3ed2da18128faf9840930cf,4580,5,4875,0,1
media/images/mirageos/neo14.zip,ffcb5810a731b99346976af8b3e3589419af07b6a329d25b296b647598d7bb98,5064,5,5298,0,1
media/images/mirageos/neo15.zip,a94e51736a1f1cd3d08222195cb706dc5c0bb4dfbfce57fba046b072de17f75b,5079,5,5265,0,1
media/images/mirageos/neo16.zip,81dad555a80a32670b7c3d085808aeadb490fa9809c31ccb5388ed7cc26851c9,3087,3,3238,0,1
media/images/mirageos/neo17.zip,eedf512de832ca448c33257ffc2840fc6d74853dc73e7ae5be09d049281a602e,4354,5,4765,0,1
media/images/mirageos/neo18.zip,f5b1b6ed9d28edb5238b4e6058d5b01012dd657432e1cc1507b6e3711e6c984e,3890,5,4125,0,1
media/images/mirageos/neo19.zip,bfab03c9e04b8f5a43ca132d26340b6c5859bc4cc8bb80f11a152281748f59e2,4285,5,4637,0,1
media/images/mirageos/neo20.zip,36d404f9e94a95e3729ef7418c958de8bbec2ff8825a0d5bee02816595c9093d,4268,5,4813,0,1
media/images/mirageos/neo21.zip,6c56de97ac325a4674663d2744c204dbfd7873e03afadf96c591942302317130,3937,5,4216,0,1
media/images/mirageos/neo22.zip,65cb9dc6c30d4f04e898b1b2d5469d2d35c74484039bb0772ac4a5e73e2dec41,3770,5,4027,0,1
media/images/mirageos/neo23.zip,296f570543ddb10c22cfe63ba48c669cc0e651a347f40c5b2e4f84ca2a603ec2,4316,5,4577,0,1
media/images/mirageos/neo24.zip,28b30ab0d2c738a99de506f4b1ccaac523090968c1f7e079854a131e1dfe6383,4090,5,4481,0,1
media/images/mirageos/neo25.zip,cc0a84f7f68785aad8c1b1f1c70aa3d473e83534c0e12504dfb56fc21a27e671,4380,5,4712,0,1
media/images/mirageos/neo26.zip,3d09075e208a7dabb25d756978a01a99a48cafae55b9591e351bf2cbd58351f7,3808,5,4002,0,1
media/images/mirageos/neo27.zip,82d7f7cf803f5a32d3b6034eab2426390c1b914258d51489ad46980a76a42847,4124,5,4374,0,1
media/images/mirageos/neo28.zip,ba58183cbac97ace03ebb5bad85784a8c6701424e25bb3ee209e0f04606111c2,4198,5,4521,0,1
media/images/mirageos/neo29.zip,4e6df41769d78e4e55588bc097185e872baa058b69e85cd69c2476c10fe4f35c,4358,5,4674,0,1
media/images/mirageos/neo30.zip,3cca2ebac15af6c3e4e7ee0669734849c70a09a38a4dc99adbd643127d50c1c0,3904,5,4251,0,1
media/images/mirageos/neo31.zip,49606ec97e5e2668fd526348003d4a30989535dbc59a6eb3f7250f4e72f412be,4373,5,4778,0,1
media/images/mirageos/neo32.zip,8771fe287156da18822d0a273147f91b0e383461b56015a765f33a3330591d94,5288,7,5587,0,1
media/images/mirageos/nepatriots.zip,6a6060281e1ce3f2f714f5c85250c6ff0ae59ce317da4c5332742f92f6173076,1066,2,1293,0,1
media/images/mirageos/newmexicolobos.zip,8eb9717b2710b49353995eb92548652e501482111e2e5030234f91cb1c738885,2329,3,2308,0,1
media/images/mirageos/nhljeff.zip,f4e1986161887c5b045b93778c4600c7186601aae596e4b320f84ac5c62dec4d,68014,129,89039,0,1
media/images/mirageos/northcarolinastwolfpack.zip,ec88685bba0c5ec9a8900adf5698a2ee7da0aa83a1d8356c86c0432c99b012e0,2109,3,1903,0,1
media/images/mirageos/northcarolinatarheels.zip,7e06b2a48ed02bf058ddc3abf74df9cf4ff3828bc32a9f2035f0508126b6f8cc,2676,3,2458,0,1
media/images/mirageos/northernillinoishuskies.zip,98300099d1a1cd19f4da6278883c0a966b5c422487bb22c9fe3ad74769fd4897,2100,3,2092,0,1
media/images/mirageos/northwesternwildcats.zip,96e29c2e64c9ce1bc559ee4a4445ff76a2c61ce77510c042d8947cc9e8c1634d,2141,3,1908,0,1
media/images/mirageos/nosaints.zip,7aecf5492804338dd42cb9852ca6ca9f1548c4eb601b741da241bc97ea4107ef,1071,2,1288,0,1
media/images/mirageos/notredamefightinirish.zip,3972d2d4663d8c2a142fbe30cf66c5b4378a4dc58bfcfeb9120e74fc27c4f79a,1987,3,1825,0,1
media/images/mirageos/nygiants.zip,b50cb4234f00b9d9e36398c1e0ab8dbb60fe0aa4ee41a25b9c2b68b8f2654729,871,2,1102,0,1
media/images/mirageos/nyjets.zip,b3ff4072f5de69a891a856cf9c465624eca81ce53b0700ceec40a5f852647b6e,1237,2,1583,0,1
media/images/mirageos/ohiobobcats.zip,aabf487265403197ee74e28e6341a49de1aca1480a0aa6c12bbcc3ecc86bf53a,2263,3,2298,0,1
media/images/mirageos/ohiostbuckeyes.zip,6a7349549b2833e21246a3b622a60987c1fbcac89836530a8d56d646bfcfc7ba,2310,3,2121,0,1
media/images/mirageos/ohms_law_pics.zip,ea78fa98536bf47745e2c34fecc81b2153ca5a9b93c96c39a73ff7a435534791,9115,8,8365,0,1
media/images/mirageos/oklahomasooners.zip,0fd2484320655fcc51265ef583c9a3ef914325da1eb6fab7afcc8a58ca32a1de,1749,3,1514,0,1
media/images/mirageos/oklahomastcowboys.zip,801f8044969359f871a65285a4f347ae1c06e2f14b5b064e96635c37c78f94bd,2481,3,2482,0,1
media/images/mirageos/opticalillusions.zip,7fcf12589441c75ff77de4a138183755e41ac40aa158a5f56c0693c42557de85,572462,30,596061,0,1
media/images/mirageos/oraiders.zip,4c7cb642965c6adac478c913a7dde74f4dc88395c4c49a7455d5b1cd1f8a030b,1240,2,1482,0,1
media/images/mirageos/p76ers.zip,d6714f0e47172f80f210059dbb602830e982188e545244195c2eb382d214b085,1225,2,1178,0,1
media/images/mirageos/panthers.zip,4e5ccb3d8ea9dc07858fa0511ba1e6606e7ab4e10c977fe75b623034817e7426,995,2,973,0,1
media/images/mirageos/patriots.zip,ebbcb48d8cba3eb86e82a1c31436e77ff256ee39110440e229ed588a07fa417e,936,2,925,0,1
media/images/mirageos/peagles.zip,a911eed60f7e411b7aa83834ff68e615d502c8aa8db8133c1f01f91d1fae69b6,1347,2,1678,0,1
media/images/mirageos/pennstnittanylions.zip,f1bb000db9b0b42272891fb90775bceec2c5a01c36f26a7f769361721a074353,2351,3,2226,0,1
media/images/mirageos/picshow.zip,42f6e477b741ab0303b3b045b0a494af4cf7c2a06ca61d6cfcb3c4d55f0a953f,2706,2,8486,0,1
media/images/mirageos/pikachupic.zip,bc7917b4dd9bc571f308e42213c82e5fbc6132267e58c79b65a0d04720cbe2d1,1022,3,898,0,1
media/images/mirageos/pirates.zip,9c83d35f5fc53f02bcaf0740fe45dbdfca8222ce1cd493f6f65d8ce4a24c2cc7,10551,11,10576,0,1
media/images/mirageos/pittsburghpanthers.zip,fa03edcf82db095ead96192e5f1af4ae68fdf7956fda8611949ec0313958d2e2,2468,3,2210,0,1
media/images/mirageos/pokemon.zip,ecc5e13a1f44ef695ee6450c57d5105b4a42fc6372c5e328d9ab2332821abbe7,32944,49,33213,0,1
media/images/mirageos/porsche.zip,5079d9994f517d56200377c0bd1e7c993e713e9ebc8d0393530d76274bb334b4,13571,14,14235,0,1
media/images/mirageos/psteelers.zip,0a00e2b8fb2ec772a2ee10a95c9bd7a5f09b362cf730bb8c6a0c751f4ce9220d,1140,2,1474,0,1
media/images/mirageos/purdueboilermakers.zip,ea34cf395d5b3e3059faf856a0a2b05f7c62b2d8d6e98239ee459cc10e9dfa7f,2134,3,1919,0,1
media/images/mirageos/raiders.zip,5257e9613f79a977ce594feda337e1f1d0edca6ccdd2b4e27a309a4d64995038,1346,2,1453,0,1
media/images/mirageos/rams.zip,6544166582165a9ee8c6a3972dccda5ea0220d8ac6fb035f8460a625d89e7a21,1120,2,1135,0,1
media/images/mirageos/raptors.zip,1cc942e7a1cc8eedb55899133300be34593398be45d84c2b8ed8e731bb06ee5a,1119,1,1100,0,1
media/images/mirageos/rigged.zip,9235f7d275b4ee13cba06f528fc4a251ec17409757e65580d111521e22f46733,17211,23,18725,0,1
media/images/mirageos/rigpics.zip,ca5b77778b7d140ad31581e2616af0426936bed19b94419dfe4e8deaf5594bff,45909,12,62619,0,1
media/images/mirageos/rigpics1.zip,20c9361427bdd34dadd876834b14f8cb70e4eb10b7b3d6ae5bc1cee29f821eae,19651,26,21283,0,1
media/images/mirageos/rigviewpics.zip,b9dae824ca578864a98c242f5516fecb94f3555d3e2001613a933ba91fafc2d6,480862,89,865066,0,1
media/images/mirageos/rockmusic.zip,303e3c2cdcfedec432191ac8138d20f8a4ab5cfdae21660223e6328dc9ccbe9b,930817,105,983133,0,1
media/images/mirageos/rutgersscarletknights.zip,8fa7ffd9cf897e5f8e6d200e72f34f4802e2a9abdaf26bc143132792adbc0e3e,2363,3,2099,0,1
media/images/mirageos/saints.zip,f4f5817d5aa5bd69b81adf9b8014cfc24ebe78fe4cfe2d31eec3f28d9b595e37,1123,2,1145,0,1
media/images/mirageos/sandiegostaztecs.zip,2bbcf5055c2f3d02e02d3dc984079b5a060269c5f543cd8ffa087994586bd716,2132,3,2099,0,1
media/images/mirageos/sanf49ers.zip,baf19b0f1ae5f1187a6e0f69ee3027d1f0f7cd05fd34e418321f259e5b333d23,1155,2,1247,0,1
media/images/mirageos/sdchargers.zip,58ab74143c1b0fcaf42736bd3f6e5b78845f2bb9d7340ba0b7b9487fda3efa8d,1150,2,1370,0,1
media/images/mirageos/seahawks.zip,cdcb37d08d9e9f808bba7cd996fcdfb0738cb67c95bb33ea3ed1e8b89dad8577,931,2,982,0,1
media/images/mirageos/sf49ers.zip,48e06135f6e70caf989784915178eb91d1b5b6aed2d3f36558df8a05756e0394,1366,2,1736,0,1
media/images/mirageos/simpsons2.zip,b2248ff6c8e226e990eeaf8e5b7d3c4877c66faf2d30a1fcc7d0edd5df0afd37,790288,44,821432,0,1
media/images/mirageos/simpsonspicz.zip,cc5ef31349d3b720acf029ba500c5885b68988ee0fd6a55174a090121c84a92b,549722,21,576082,0,1
media/images/mirageos/skullpack.zip,9b40a980c138a3339cbb7cf7dbeb87e7a1e26ce8403db9fdd03b84e80f33a5c6,3128,5,3703,0,1
media/images/mirageos/slrams.zip,943431c0f5dde2264e8525006bc1d74c11f179fdbabbc897ec9ab6da0cb29d83,1193,2,1425,0,1
media/images/mirageos/southernmisseagles.zip,d92735bcf7e9fba848af8b414b1c7da0b541a3f4a7d3eeecbf4e64c2e3f8626b,2077,3,1859,0,1
media/images/mirageos/southfloridabulls.zip,18ef67762eea9fb11313f6c1e455bb07f1b6621f3c6004878b5f8b7ebadb0d70,2120,3,1887,0,1
media/images/mirageos/spiderman.zip,86ca1b3d79a0e3de54ca8f6fab68b7b0ef0b1a3620db83a91be1322e77444a38,2341,2,2449,0,1
media/images/mirageos/sportscars.zip,887b4a229c7e7658a07fe175ff33bc46aa9666d53b7af865994607e815afd4a6,525193,48,548831,0,1
media/images/mirageos/sseahawks.zip,057236d72e6c026e2dc90bf5d6d0e7a40caaf6b2e762c275e0c71bd1be603158,1083,2,1350,0,1
media/images/mirageos/starwarsrigview.zip,58db72f7ea9de0d2b8cf6cee49c8d5707e23a43c1a5bf8fe3193bd78d29ccc74,5570,1,6801,0,1
media/images/mirageos/steelers.zip,2ca5620898af1d0872538a387e032bc47c77e4b5fc1c3ecf58ab78f1f0c204cb,1143,2,1345,0,1
media/images/mirageos/syracuseorangemen.zip,58bb985d1b92a1c7bc5793095e627e13c8bb0b841d942bff0457bf8102c3fa4b,3855,4,3423,0,1
media/images/mirageos/tbbuccaneers.zip,9b62d810fa27d50721c223b2113d669722c554a775a6381fb4caf550feb6a0a6,1232,2,1460,0,1
media/images/mirageos/tcuhornedfrogs.zip,85b7e41058466c7c36de92cb7adefc0f0d81b3fc819a36fecb1a855e83414ac9,2280,3,2136,0,1
media/images/mirageos/texans.zip,5f8b01ae03a419ec69fd9ea3934b8665f1179f0f836392ba006cc0ec9d348237,1085,2,1181,0,1
media/images/mirageos/texasamaggies.zip,2458b3f51fc0f897a21c2b9ee9e741625ab65e59cae2d79659d438393cfac215,2100,3,1975,0,1
media/images/mirageos/texaslonghorns.zip,397c88306910edd2e7eb207270c0a80ace1896e88ef38eb137b1bb5c06e00621,1882,3,1705,0,1
media/images/mirageos/texastechredraiders.zip,534ddc69446084db74e7b6853bddc857f7b9483211a5f6d168a90ca06bac908b,2026,3,1831,0,1
media/images/mirageos/ti83.zip,344b5e376fe304d0ad4efdbca27b6c857ab6aa664c05bd0b5ce9880130980071,587,1,521,0,1
media/images/mirageos/ticalc_logos_3.zip,800b62ee0bab4681707dfccf2fb3b7d2a1b2e42baa7ab376e438c80fd2914d6a,2602,4,2649,0,1
media/images/mirageos/ticalcorgpic.zip,c42bd334b04660359a9634e9ab5d5e1b97052cf5f8549ff0afe0fcee02e07525,1140,1,1198,0,1
media/images/mirageos/tilogopic.zip,9dc4d404c22cbcd505756646841f3a8ece8a6b6b13cc71424be69196f7941ff9,618,1,541,0,1
media/images/mirageos/titans.zip,05e3d1c09ff43a2e8512ce6f1ae27e8fcbb364ffa6d2d7f19339dbb9e499177a,1202,2,1227,0,1
media/images/mirageos/toledorockets.zip,7b09b3b697bc94c020a82f3d34025ffcb0f9c026a6e8eb0c4cdd77268a474657,2124,3,2172,0,1
media/images/mirageos/troysttrojans.zip,cc7297c2f8d0f6d820508c6132577046505bb5da7a2979121b00dc3097e2b12f,2172,3,1989,0,1
media/images/mirageos/ttians.zip,c4c6198283a97c0685718b59994704be12e564f06b32df08fe242f1cfc1817d7,1374,2,1652,0,1
media/images/mirageos/tulanegreenwave.zip,c2d437360dae3ddbd52d9b0b092170662b37fc76a4ca4383ed75aebd562496a1,2270,3,2069,0,1
media/images/mirageos/uabblazers.zip,ab3d2c693f8d62dc3cd68d0b368eca214c1f43be714f2ebcab874155ee1d436f,2489,3,2357,0,1
media/images/mirageos/unlvrebels.zip,ff493ce6bbab62f0085d58bc1ec3a6494f0a7b553b783608ce9ee00919523e83,2240,3,2328,0,1
media/images/mirageos/utahstaggies.zip,6f19705a8d104031d345da35b232dd62e91feaa61a1fc912d1eb8b2516c81d87,2058,3,2000,0,1
media/images/mirageos/utahutes.zip,29fc55165ad5469a97e7d77ccaa80302e2c329b04482ab17fe9c8b34d122fe16,1836,3,1895,0,1
media/images/mirageos/viginiacavaliers.zip,9a0e278681b39c047e5e1ccfa7ba6a6c7544e64b2ff3b6e773982221cc49beb0,1983,3,1833,0,1
media/images/mirageos/virginiatechhokies.zip,1ecd9256dd37d1f324faf06094ed951ed1830022ff6dbee825855833d16e1e79,2081,3,2050,0,1
media/images/mirageos/wakeforestdemondecons.zip,faec7e4685963463fa9c74fe148724dadd49cfe80413eb14e1f4881fac9f1d01,2177,3,1946,0,1
media/images/mirageos/westernmichiganbronco.zip,6f685f8ba23a2a922abb1934c23d9d03e96da10c93cc3ab02a700422420afb5a,2382,3,2325,0,1
media/images/mirageos/westvirginiamountaineers.zip,37e5a4f3f19599b91d03e74a695f88bafecc83dd25c9b43e4f9b9f3581efb024,2013,3,1856,0,1
media/images/mirageos/wisconsinbadgers.zip,b94aaae2810cb3f391198ef6178cbac11d51f4a0a45fbae57af498e309e6f480,2083,3,1906,0,1
media/images/mirageos/wredskins.zip,db968afe90435d2381192efd50d764980c2082237d9c5a85cbceba2171e9b85d,1199,2,1437,0,1
media/images/mirageos/wyomingcowboys.zip,1807721e137cc90bd91d179d77656cefb794ddbbc6dae45297002295275fb8d3,1718,3,1709,0,1
media/images/q650.zip,227e2e4868d593ec7a1ff9760b802e3ccef523a48084976dcc8022fc997000e2,1129,1,1178,0,1
media/images/rigviewmariologo.zip,edb60bfc1a5292357df83abf51b2ddef7015fa39e1f1aaf6d61f9dcc127c2ef3,31837,6,162166,0,1
media/images/spritework1.zip,275ca01c76b4aaf4249a4e07f93f52e1b4b25350370626c875cd3db3c21da06a,18670,3,31931,0,1
media/images/spritework2.zip,0d89fa9fe876088c5c311af80dbe0cf96a3e88ccfa57d2546ee3998c437c3a80,11817,12,14330,0,1
media/images/variousnes.zip,e3b9e97eba666bf0a8bb558fe474eecf673aa824f307d8a56e6e90bc62c45cca,11835,19,13071,0,1
media/images/yankeescalcpictures.zip,3ee0abcf9c4c8d23684490b27284ad0598c2c90ebd3bcd76aeee8fbebd684720,2293,4,2419,0,1
media/images/zeldalogos.zip,f01d5de2bc75d7b538342e64ccf237aa9e97c7d988052c84e9fb246bb7348f3a,2550,3,3069,0,1
media/sound/additionquadplayer.zip,421fa18ed7e197eebc29daf33b3f3157bada07cd0608b0397657d8ba5a207fea,8153,8,65012,1,1
media/sound/beep.zip,13500f0307501a98572f5453f80b5dcb18de418936d0fc5f573b35e98c123311,1074,4,1118,0,1
media/sound/entertnr.zip,d152ca012c18492da581b6ecfdd545fac385012cc340a17556d6e71504cf859e,1107,2,1667,0,1
media/sound/garydave.zip,39930fd2d47dfe049c62b8134b14dd3599489e3110ad9eeaa55b724cd29e907c,4058,3,23918,1,1
media/sound/ion/calcwav.zip,d6aa920aa41e5c1ecdc881a149597bc3a6ad7de8acb8291232e10368bc9944d2,14459,8,37510,1,1
media/sound/ion/cmsongpk.zip,36380c0d71be51c652de18f890b0951059430e19532d4e9ba99a5962715ce2de,1665729,41,2379138,11,1
media/sound/ion/davysongs.zip,a255655130b6a550c055c78b78a6260082420ff3a86c18b46fccc69a17ce9260,5188,16,15005,7,1
media/sound/ion/foryoup.zip,987a5f707b2eac311ffffde141c504ffa68837d27296b702abab34d0b94395ec,1610,4,3333,1,1
media/sound/ion/icecap.zip,9bbcbc35894e14a938ec9632e99db0e2cf4ed691f321884cf7b2bf315a2d3b70,42392,4,175941,2,1
media/sound/ion/marimbap.zip,0511231d7e8bd5d9cef5274e7a014673f0524021d1fd3f230f8509ec384b7324,255,1,170,0,1
media/sound/ion/megamusic.zip,93a9587f3fd5489d1f961f2f57fe6e81f7d9fe82de97fd538c972c55b37c8686,2215,4,8314,0,1
media/sound/ion/minitune.zip,cc0253736687800b3b8fa1fa517e26aec7c6b02d2007674e460c8ae7bd6d5754,124653,91,468658,5,1
media/sound/ion/mmfinal.zip,6bd7372bc98ab81f64044d52a6a64d60759f157e7f4655a4c62416fc73c8dd28,758,2,1689,0,1
media/sound/ion/musiccol.zip,a432c99da291791db58398ae91bfa2719a1c4a53a0cfd56420e46e0b05a1e403,2101,8,1524,0,1
media/sound/ion/ocarina83p.zip,dd00a3fd152ee98b2873c1cac0af5e22d72b8ad2ad6f8dc09de0f2cf11b7c127,208155,4,253360,0,1
media/sound/ion/piano83.zip,93a81a35d47cad3f77a41f71dec0c6f24cb2c5a3081d136671f5d9f0d994cba5,7826,4,21273,1,1
media/sound/ion/realplay.zip,47e2f02c63741b065f9126189419fce44b0f1d64133ab66e1b44a2c9ca5d9fdd,11876,13,25990,0,1
media/sound/ion/tijuke.zip,edea1eb6db186f5cc8fc91fff5b07c17b03012c4c0056bce5f11aefd047f35dc,14243,13,38784,0,1
media/sound/ion/wombat83p.zip,203eae0d4b00d439f3561d3af729751a82c834ad7def189d58266780ac594d90,713,2,1842,1,1
media/sound/mirageos/belgium.zip,7b30d0c73c4ab5142aa3e89c43541bc76cd4509bbf02ce9f3df2d889b6383e3f,2557,3,15547,1,1
media/sound/mirageos/calcmod.zip,1aacc5d28d609149a2fd041475d94723acdbbeecb8c549ca7a6bc04a54d70226,18451,21,91210,10,1
media/sound/mirageos/calcmod_techniques.zip,8412ff3ae4f737e754d67eed90a53e49575785ed1e40e81b3ed70bb02df36b68,164359,13,1752938,0,1
media/sound/mirageos/calcwav.zip,175b5e5c3acc06cb115bbf5ef8fdfb44e2b3d261b7a8fc4136ae0960f347711e,13844,7,36935,1,1
media/sound/mirageos/canonind.zip,ee106abdf3176502004516b86f70d1d43121fd617acd51ef255f8939c89dbc41,949,2,2321,0,1
media/sound/mirageos/casper.zip,c54a1a7d3f41e13cfba8c3b178eeee257f2cfc4c8aae34854937250af4dc3a12,3055,5,19813,3,1
media/sound/mirageos/chance.zip,237d73e2a7f207b8e76f8b82d00241c8a9f292961bf3d341d6729561b2e031a1,3889,5,32704,2,1
media/sound/mirageos/ffmqmod.zip,274896915d2cb8f25fd975551d5a3d993758f8e974ad542e15cc7012167a5272,6418,5,19240,3,1
media/sound/mirageos/giana.zip,55b36e54ac326f2a2e6997cac5d02b5c7e22ad301c618eb81be38026617928f9,1494,2,18960,1,1
media/sound/mirageos/iguss_calcmod_pack.zip,006405e4c18a985bb6f5c7a3c50ab429f75bc527be7dbbe063f80ec1fa86fe82,17893,28,75335,0,1
media/sound/mirageos/kleine_stucke.zip,f7059832d97e994a790f087841f7d856c66bac3969ebad2f5b55135d9d2af6e0,1720,3,4251,0,1
media/sound/mirageos/mariothemesong.zip,8a13640efe78ec9e7dbfb8f7ec987c094e868f1072f81a810df4c3bd5ecce39a,2099,2,5596,0,1
media/sound/mirageos/metalman.zip,74b2606d3af8ec5fc98b62b34e2d07dd8f9272f9f38dc7f79d8d10f45418b794,2213,3,14255,1,1
media/sound/mirageos/minuet_in_g.zip,6e506193d742630c8cddc75f238d6ef737b1881bf823449a3155106ac8309f6a,2434,4,5882,0,1
media/sound/mirageos/mystique.zip,47e556b455dfb6f104e7faada17ce1fad6a80d80c1746843b9fdc00ce8a5e860,1742,2,41046,1,1
media/sound/mirageos/quadplayer.zip,c6c8f35a07e36e0a3baade10a2329902cb05a66c062cb12df980b25cde9b19d8,315128,47,617014,15,1
media/sound/mirageos/sm64.zip,b49434ee4b3d45396b3f19129b97fb8a3c3ba1dafe37d77e377b7cbf8d37a7ec,946,2,4540,0,1
media/sound/mirageos/smusic.zip,ef19552e3359eb1fd9b403e868226964b21682c7fb01e29ed57a814d9cef68aa,7170,3,18578,0,1
media/sound/mirageos/sndtest.zip,53371b9a224da33ccd39c5163cfe8cba07c7f48145b0137414f37cf9e68f9ab9,1175,2,3913,1,1
media/sound/mirageos/sonata67.zip,fa383bd3caa082757b2cdb7a22a8f1367f9c995f3b8f6f4d0dfaff6eb460c339,2385,3,13677,2,1
media/sound/mirageos/spinachrag.zip,53c897ecec1158e9c2546bdd2207333e1f78f2ddca5d1bedcc697829ddc94f17,2672,8,13998,6,1
media/sound/mirageos/starfox.zip,256604247c875ba7385fb275b2853c77c09cb8ac4661c32c2e64c90535e62141,3951,5,23434,3,1
media/sound/mirageos/stgtaps83.zip,eb5c31916960e82be195ff17f6a4f13c72eeae0efd0ca1b910f7fab54a5730b8,684,3,454,0,1
media/sound/mirageos/stgwesailtheoceanblue83.zip,47502941de5acf3e282db4d3b3a44f796597e20d58ea19e472d511cb678855b0,996,3,1100,0,1
media/sound/mirageos/supaplex.zip,49be26ed1c08f4b708361ac92ab908442f7f46e8feb67e452aea0a222f1437c7,4946,12,39801,10,1
media/sound/mirageos/vicmarch.zip,3eb833a7c8a590005257a67dfa458b1613f99f4cd8d2895110aea014464aff74,1154,3,3524,1,1
media/sound/mirageos/wizardry.zip,3ff63096da72e8437cccd9bc0c1d525f638125dfea071c56ad2c61a089ce365d,1598,2,17462,1,1
media/sound/music_by_2080_thebackup.zip,51fd9db5fb29670f381a33266ac86b59b8aae0d350e8e7c80fd64c8eacc465bc,12371,9,41048,6,1
media/sound/music_player_sdtqplay.zip,dd732079f9e139e084629aaae8de0b0e0fe705a8027658416e5bb9dab83d9010,12046,11,26547,8,1
media/sound/musics_for_quadplayer.zip,c0ffdeabc0f332a6738c3c4373c746692ca4d356a1e90c7b27fcae274ed2e230,21643,17,47846,0,1
media/sound/musics_for_sdtqplay.zip,943335f8361df4d793f90cd960e8547f331a1b7e90232061efabbd846f770a28,20005,17,37051,0,1
media/sound/nowthatsmidi.zip,a2dce814b53562cc61fa112d27bf393c072e2f867f7ba86e22fb991988e02b83,133121,145,288302,0,1
media/sound/playwav.zip,416d7d89478c118724c24697a39880f420362244b0554b9f134b3512b065bdb4,72830,9,91313,1,1
media/sound/smbsong.zip,b9687f2b32269caf52d8342eb5a1ba18d5bd16074974ce10b49fa6faef0390be,1516,2,19141,1,1
media/sound/sndx.zip,7dae30d8330c15b9b0a668630b21c9ef00a13328d38fa4902632a88ec3acb8d6,1094,3,1100,0,1
media/sound/soundroutine.zip,39d46c333240ea361bfa71a16b66e1f9082e013904e4dd2878a463ff26d2c2c1,14438,13,17304,3,1
media/sound/stllalve.zip,4a31bff5a328f2a3fbec13d1f4b22ab14fc368ff9052dce42c5f9da26b9ece80,536,1,2929,0,1
media/sound/ti83musicheadphonesdiagra.zip,1cde726cc1c0c6b1578ebf9ef068b7b76a356f3d2af7c5e1f64e82d1fdc6a6a9,45233,3,2981703,0,1
media/sound/tistudio.zip,1f9ebff5ba01dbb2e944bdd18772d95c734e21c03bbd8a34821e8e4b5a086183,7221,5,228162,0,1
media/sound/tmnt.zip,c50b9a1e2de098c75f26199f58b631baf5fbfce7f80c8f0a1a3ce979cce1749a,250946,19,337351,0,1
media/sound/truvid.zip,ea61474625bc56ef1397fd67f978e29e8bd026ffd4ffc9c2f17c3bdc17f25ca9,203211,15,511646,2,1
media/sound/vg_sounds_mt3.zip,97067ebe4a61d7c9213f1570289407eff73c3434d122cc0898cc3d8aed020063,17817,21,173242,10,1
media/sound/zspeakti.zip,d8c50080281801ddc98db69095b703b0900987994cbe089b129924eaf47461c1,51291,7,62903,2,1
programs/2dca.zip,b8f1f0fdd4f7787b3474e3ddd4af2454a91b5bf50ac10249ff62eb66783d545c,52300,9,185474,5,1
programs/83keys.zip,19cf158891141692055c31fc6e3a7017692ff7c54fe274fc90a1c14da9c6007d,3299,4,7080,2,1
programs/83keys2.zip,c9ebadcec1f59ab0fe32bbdb39319f25452ce4cec181ad0bbd3511f5881405bd,1485,3,2010,1,1
programs/83lwrcase.zip,0c58ccce5aab7d4641baf7f5feb5ee72006d9e07f1060d32f57c0489c814bfc3,4379,6,26388,0,1
programs/aahexprgms.zip,0aa8f110e993b0302655d5e48685a1ba45b652654e75d290a97133f9c0993ad6,6110,7,34940,0,1
programs/abcfasto.zip,845c2e62fe5282250bfe9a70f7797cb6f0e562709285b4a615a41234ed82425a,2229,5,6371,0,1
programs/ablock.zip,55bf893855c6e8ef8e64f172ae521b3fedec812cd86c46d31f51a81054447131,2395,2,4017,0,1
programs/addasm.zip,1cd6a72f52f40014d5c0645af192cf4eb75e681bfd29f718351b0865bf6b3e5a,6570,5,16641,2,1
programs/advcontrols.zip,8023f0efc9ae8e610e662e8afbcf657ce8d2b15d5ed53e37912168ae35ab7e17,7834,7,19889,1,1
programs/alcdfix.zip,88def7584cc051e772b2881df503466df43c777b3b48c51f1d8f2ebab34310c5,2725,3,5009,1,1
programs/altmenu.zip,31ba590bad49c99182e40f3401d06a97a0abb253029a7881ff951f677bb35cd4,145060,7,508086,2,1
programs/aniksecx.zip,2e7873a58b731c434291ed3008021df23795d843a66abe24a9a2fa92205883db,1394,2,1741,0,1
programs/ant.zip,2c823acfa3af8208ffef8d258a63df5849c33321fd72f847ae958d70c49d8dc2,8751,9,16809,3,1
programs/apd.zip,876ef335cf476cbf310179d07755b5e6bc1fa6b59e14c58afd3211a4173eeea3,897,3,927,1,1
programs/api.zip,724c0748a4828a12a1361f5b773183fd1e09a72cd3db4186c036ee5e124feaa9,2765,3,6344,0,1
programs/appvar.zip,501989a0e12c7f3b89fcaac11b08eebb7dc8b27e71bd02b1ca7943c53a1baef7,4012,4,9162,1,1
programs/archive_undelete.zip,c02f6a7f1c2282a894398078383008e7b6bfb9c7ddecfcec538eaaab75455ec0,7838,4,18659,2,1
programs/archive_utility.zip,04ca940aacb229a65378450c0c673644bea6fce723215396d195552487e2a7e8,60229,4,99111,1,1
programs/archiveuncorruptor.zip,13cfd9947f62c6263a3dbcb012db188be957c63b0d9befee9d7457d6718ec246,7927,5,20584,2,1
programs/arkunark.zip,0353a4a97ac6391169929bcf73019c7a8f286016b68bf13cfa0f6ccabf6dda2d,1669,4,2272,1,1
programs/asciireader1.0.zip,9236c3e152331a30334798cabdfe74d2ea9d8047c428b9e850c75b9ed1fe1326,753,2,736,0,1
programs/ashell.zip,83dc65ce53f381cec4b4cf4be3f3282496ebc51faaf2211416f8cac68a03babd,6974,3,11700,0,1
programs/asmcall.zip,3d20cd9af36138a7b7f932173206837f38fb3d20ec2de3277c6f77e1b3fd143b,17693,5,28521,0,1
programs/asmcomp.zip,19a1ade5319623b341d7fb9f0ef7b9b6b800366d558ccfc113b8124883401f31,347343,25,492406,0,1
programs/asmlock.zip,6aa267ff52558076860f2df5a0e92d55424e12bd5b9ac66783c95e1f94a4585c,1759,3,2717,1,1
programs/asmmenu.zip,e292c5b537deb77b693374cdc142798fa5e8c891678e4baea6a5a3e9b1ea611e,136926,4,214923,0,1
programs/asmpass.zip,ee9b814ed9fcd100611375bebcf56b2e97f3eca4560e92c949c2f4d748ee65f3,2951,3,5311,0,1
programs/asmtools.zip,f1ac08a47e95e78a6ec06000a612ebc7721c58eb322a96b19ac001aa25483582,277223,4,809448,0,1
programs/assembly.zip,fd714326088660342fa447ac7f0f24d00a2b9caddc54cad78148c80f2cd77957,3103,3,24666,0,1
programs/assemmbly.zip,4c1530c7b145681b4f44ad6d2f66ce40046b0e69f9015dba3e2c920e91522c96,1227,1,2714,0,1
programs/axecatalog.zip,03acc97c14b36ac5a42d5dc7a832615a7db2e891f3c4fab0a9af010c82bf8363,985,3,901,0,1
programs/axediagnostictool.zip,179860b3b4c5db756de8091399ac489545675ec1406005c63b3a816e28192a41,3872,4,6708,0,1
programs/axesynth.zip,91f2ce7777ab05c496ba7de274070d33dc4f45b67ad4c4e752994703311a31b5,4106,4,5783,0,1
programs/baseconv.zip,c396a78bddd895f14f01bf754e5f2bc82ced6cb94ef99f6b14670e1ece38f6be,16353,4,24629,0,1
programs/basicascii.zip,1d0500096184f5a9e6a694df915add01a826a20182dea0fa9b0e149329473bbe,3979,7,3819,2,1
programs/basikeys.zip,3d5900cea5ea103fcab9c565971c63c6aa3b78ead8d1fd2a8a014546f74c74b3,1144,3,74478,0,1
programs/battery.zip,1163e43985f70fd1ece50faadfb4bdc8675b4f92147ab6912c0501219a5990d7,244,1,177,0,1
programs/batterychk.zip,22b64fde81e3a2268a3d0c69f75092421f16c581ff4647c5179ccc439c104b74,2577,5,2914,1,1
programs/batterystatus2.zip,6d8c655d6b8d5bf0a5826384b72ae9b7d2fceddba86c7abbbb3dfda4db6d53db,29213,37,37281,0,1
programs/befunge83p.zip,9e0936da15b3a8feb50892dd872da82112edfbea9e13023661d4a9406e87654b,149521,19,289668,0,1
programs/bfcr1.zip,745ec1c8e4de0b42ab49482e65d90a1a819c77465d1cdb40784233feb587ee8b,14578,4,33696,1,1
programs/bike.zip,895835e5e4f9044c96badf7a6e440523d6571fbe5e20f1a295b170e2ad199b56,3841,2,6208,0,1
programs/bmp180.zip,3762f88db03fc986fd7c0fc7f247afe5bef9e245ea55588f4b3880872e844fcd,5376,3,9226,0,1
programs/box.zip,227d5aae7c99d59c2a0386d0171c297cc887d9c67765c67c2500f949eadfbd77,98082,12,272881,4,1
programs/braille.zip,02d7aac1fb7a5eb3b86efdee3fc0899781977f5d15606f287a8ad0e1638dd59e,6659,8,13155,0,1
programs/btools.zip,082e40356ae69ec596a2139c6141f3589c78fba1231c1cb65de953be026691af,3423,11,4041,0,1
programs/ca.zip,6ff1f2dc650d1310daf6e5b8dfd2fcbfa36348780fbd21b7a57e7ce10eecee46,1364,3,1791,0,1
programs/cal.zip,39d59cd1d135da8a9cb575a4ddefe6716010d75caa258a4634b455ac57f61b2f,712,1,614,0,1
programs/calclock.zip,437eeafc7a0678dedfd77304f8d0a0bb8d41073c485d0c09db5bc07ca02a0b2f,27252,11,70395,7,1
programs/calcoff.zip,2f1e721787b27139c12d2d3af02e1b4869c3b7d5311953887fea74f6c2571137,386,2,225,0,1
programs/calcpass.zip,90e9aef6758559680b1e74cc8c2e05434baf36d078be57772a6939901715c8f7,1673,2,2263,0,1
programs/catelem.zip,9979f1fd6ff4584bf8ee87b0d6341cbe1a708fd5d28ad971ff8001b66ecd9eb6,2803,3,5547,1,1
programs/ccalc.zip,e4e72b345e0184e3f616b5f49dd6d416c4b84a99f9bc4a2de195efa6d1de822f,1288,2,1703,0,1
programs/chars.zip,9b4867539a943d39144621afb0195f4a011170228f597f7ab108322bd728d0f3,1485,4,1821,1,1
programs/chars3.zip,623dc61d60fd7a1e7ec33ffa5cac35cd523422cc50889d9990166e6cc6a5ec09,40499,8,51370,2,1
programs/clip.zip,37839fa027b63c63690f345d92e942296d70ee81153db5dd85c4424c4d8b7e44,2427,2,3685,0,1
programs/clock.zip,de96f5db14373822931e73ed08422bd628c2f01ec5868dc726c4bcad71d04b10,4472,4,8663,1,1
programs/clocktheta.zip,af17826715061728e2d54b93f3d03ccd99666d6237da7c6f27db72c9ccb4eabc,1998,4,2691,0,1
programs/clocktst.zip,16edde3fddde72ffe64ca71bfdf02a77d0d716c9e94730574897e5c804b11cc1,3774,3,6270,0,1
programs/coderedtoolsv1.zip,6877f183cee13e21dc209ed98dc75f3970d3439fb1a9ee6af5366c6406748939,902,2,1135,0,1
programs/codex.zip,9f52da8def14670689b5542d69ca72bf63a3b8491c63611188e2d3e4bea34f52,3521,2,8487,0,1
programs/collatzconjectureforti84f.zip,2265ff010858a2f199ccfcce7aa92a0dd03e31b7a8f47da1ad2e6a3bad651e72,1030,2,1451,0,1
programs/compaxe.zip,0e6b33f06c41277ffe1e2d6d2896375ebcdee81b706dbdce1387032eec3c518d,1858,3,2868,1,1
programs/contrast.zip,809f62aae9d190f1a4b3d73773eee58dfd70d4d806387f8cf4c2d041acc7412a,682,2,876,0,1
programs/copyprog.zip,02a94fa4880f169119c2198dbefa976f0e37f00d8d27711d5870fb9ca7e8ce96,168300,6,214429,0,1
programs/copyprog2.zip,e0fbb5062a4bace668baacfb6288e5e4e890da4f601ac26d1f0c834390c959af,9195,5,31616,0,1
programs/crypto.zip,f41766a30e280f0ac45dc3479c7131c3f781ce4be07c0a26b85ed26bc88fd8a5,14283,18,21420,0,1
programs/crystaltimer.zip,541e113d5f0df685eba469f043976a246ae664d4164d998328bda2caf60e6c06,1234,3,1434,0,1
programs/dansequations.zip,bdeb252d631fb4283dff8af9c95a0599008676a74fd15974cbfbd0db0a428b25,2587,2,5059,0,1
programs/datastring.zip,447f853b904d656a31d796167c8effa732df5caf5a44f55a8da2110057337b9b,3500,4,10555,0,1
programs/datatype.zip,f336b31a37a5d9ef7ed278f55c488a46c36db95c16e69f7fd261a2bbba0d75b3,3679,5,9493,0,1
programs/dcscursormod.zip,3614a41b55a29ddfbd354380f3538b9a0564a59f742caee82adf51393f0e99c5,1134,3,1201,0,1
programs/delall.zip,48152e86e85aed1870e264bbdc6e21f4b5d19e74f2b97392c09fb69748deab8d,943,3,895,1,1
programs/delsym.zip,edebe948baa0c292f42c40379f436f65e1a00def7fdca4feaf5c4d40a04bf9e5,1673,4,2356,1,1
programs/delvarsasm.zip,8d7d9ed677935d6af81f56c9c1c672f94f0c80fb1565ec90c707bb5eebeb69d0,66222,10,222442,5,1
programs/dgk.zip,729ab8925d60f05a4d37224b2e6781af5cb404aba711946ca3313ed360df49cf,2390,4,5760,1,1
programs/dht11axe.zip,2e12cfe2339e4a8387d526122a53ce231f29f369d472e2f251883d0d3ee595d6,1252,3,1271,0,1
programs/dislink.zip,939ccab99aefed63bff9b647a2746300b74c88d38fc5bed886fe85f837dab8fc,1792,3,3161,1,1
programs/doorscs/calclock.zip,619fb43e1bac6d5c2b795c483c12ad519511365955ece189016f73f6de2a972a,3555,6,4041,0,1
programs/doorscs/calclock1.0.zip,90da57f38d9630b640bc150ea375e470bd217405cec089e748c50c59cbd320ad,12786,4,13847,0,1
programs/doorscs/calcnetchat.zip,de370712807440e44e1fe0e4f045d1dddbfc0ddde3c41c2e87e264bd8efc4dd6,3100,2,5136,0,1
programs/doorscs/cn2_speedtest.zip,e7273e35c978dfb5f7669d75d25434e715e57554542947c43bd739720973b276,5400,3,16135,1,1
programs/doorscs/docde6.zip,9f4f4068613c86b01b782c4205aa3ca67bdbc5638494f5641aa181e0137eab33,5294,3,14894,1,1
programs/doorscs/dtflags.zip.zip,286b16ab44ba41f60d6d02b5d84004bf8eba3c6bd013facf50e42bbf2541983a,44887,5,61440,0,4
programs/doorscs/dusttoy.zip,a6e0823a3dbe82d3d58f5c3298de8449e329254d574bffa3bd1409749fcd283e,4054,3,6684,0,1
programs/doorscs/emulate.zip,b443746fe64e4cfbf506bc1e7e32935a35643b3a540659df65855e97628e648a,1792,2,2297,0,1
programs/doorscs/flourish.zip,6a2a3f9b51d1e4fd76a0b0fd4c22a847da05115d855bf3395b0be3f54adb20cd,2602,2,4374,0,1
programs/doorscs/gossamer.zip,b730ecaa432a2fc3233b7c2a55986acc1d7eee268b3d81007a5c5a42cc20924d,3548,2,5364,0,1
programs/doorscs/gps.zip,d82b4dda8e4c1a7c88bbaacb16b000005d9196e69b260b6a114d4b4881d0354e,22518,3,200636,0,1
programs/doorscs/sandpaper.zip,ab481856c507169821568e954bf61d9af1bbf2a35b9c03eadfb5970e9e414cdb,8382,2,15984,0,1
programs/doorscs/tokenizerde.zip,2e0c2719cf87585a741192f44c9be887fc940fb47dcf2b0373c66ec97749cc08,5321,3,13528,1,1
programs/ds18b20.zip,e9a078746beb7f5d75a27face1f9e3f94cdb71a4c8042d1090232550d01d177f,2073,3,2809,0,1
programs/dtflags.zip.zip,286b16ab44ba41f60d6d02b5d84004bf8eba3c6bd013facf50e42bbf2541983a,44887,5,61440,0,4
programs/elock83.zip,6b123a71847ab67b2165bb1aaf468cbcef8e75e9cb0f83ef5349fe0ac3845589,3658,5,7839,1,1
programs/enablelowercase.zip,fbb89b5d6f989270e128f1b80f40bd4537457abcdb1f6510b33f358663fe6432,938,2,1119,0,1
programs/encrypt.zip,26060ca4b8ef6e81059b853d9a556e088aef51382e3f53efdc59089f25f05cb9,854,2,1035,0,1
programs/encrypt2.zip,737959373923ec2c6638790fd756cb25f8e06658126f169186323dfa379a657c,852,2,1073,0,1
programs/errorlib.zip,cc34456c711a4ad47a75b8f38a39600b9fc8eb3cbc5c1ca11cfa54988ae39b27,5229,3,6186,0,1
programs/errors.zip,8f62e0146e960346adbe4f6c55232b2a9e21f80dfcfd3b9237b4aa89f32ba10a,575,2,481,0,1
programs/flagedit.zip,7956d1fefe6bda25f51301540ed267de6a15ec9e7665c12654050ffbd97e3554,9982,7,29965,0,1
programs/flagmaster.zip,c65c6eed27fd896625601ef3061e21db718b8b9ce83b793e1eeae8e9c2318228,42579,4,44328,0,1
programs/flashed.zip,b99e56f11084f473c34bc2d7679d37b407764a698aee95f9ef8b6f663d7c8463,16686,7,47108,4,1
programs/flashinf.zip,2ee1d94019a5a431a8363af25bdecdb04ad1fe180e68d79f2227676db9706ecf,3334,2,6009,0,1
programs/format.zip,f1f7951f19442e00038bc462de22987478c546abba604f063e19aecba7f0f779,730,2,832,0,1
programs/free83p.zip,c4f03f286721202f87341c9731319f7d0ded5356d2a7e1ed7e655aa8f02e04d1,7645,7,15895,3,1
programs/freemem.zip,98c94b381f6178f774d7554f2022a6e1d0fb0ce68c6458d33c93ba51132ebda4,2460,2,8376,0,1
programs/ftester.zip,b48f90cdd1d683a32390662ef0fba57e588526fa0a1a0bbde298eb43736f3781,9383,10,20836,1,1
programs/funwithputs.zip,dd4dbdfdf383e1867412a227967f572c4057c7b0956fd521b284624410958ac8,783,3,724,1,1
programs/generateerror.zip,1731b2b2cf7580855f7007478d55299e12b1ec4b7430d371feedea764c9139cf,2679,5,27325,1,1
programs/getkey.zip,70b786053905c93f5958d39b2fbf6bac2baca5d607809327359c1ad03801d9dc,2585,2,8577,0,1
programs/getname.zip,b5c650392afa887d6f384fc64d1d2eec647a90975dd29ec8c58f564b4cecd2b1,3549,5,8508,0,1
programs/grammer1.05.07.11.zip,78e8c35240b0be25d678feb672929963b542a10206a4885c1097eebb1750a112,190212,3,224302,0,1
programs/graphinstantinvert.zip,1d22e69795908a52a7b73562f0b1c78b953e3df279dddfd825d491c3ceaeac4c,6492,5,6893,0,1
programs/grpread.zip,a28369d92e14bc50a96872a0ffdfb0328a300b531de4af75bd4b8bfaa1e48677,5336,3,12504,0,1
programs/hexdump.zip,2d09780a78410fcd9c5b2f3056a68b6bcb9a60a7fd4879cf30fd73f37ba4eee0,42704,10,428473,2,1
programs/hexprgms.zip,342d8ce8c1c8a1086d00b16a5c14d1f02e24c2a3ca382ae1cd89cd3a23ba7d74,1597,7,1677,0,1
programs/hexprgms2.zip,ae956a6d94e76c0790d909b2099e380eff88067b92038ff29ad514ec3ff2826d,1574,7,1562,0,1
programs/hextoken.zip,2eb10c0274a9053115935e8e98037dbc2217459591bae60f3c226ecbc669f8b6,4072,9,6636,0,1
programs/hideall.zip,ebfdbf0ee3bc5cdee32e06903dc0b7f6549a4d02f04a63691eb4b06bb244a96a,1980,3,3246,1,1
programs/homescreenpictures.zip,47841384e2f803160e0d856ec0484bb8fef2de6ebcea814f72e44db9a9e175e4,78278,10,205443,3,1
programs/hvposdemo.zip,5963603b09cd0a93ee16b8222ba44303b371ac8790e3c24d2444c14bc0754ae0,4706,6,8136,0,1
programs/hypnotize.zip,cc8b424812c94c96d1a70232d82b517ff228808adde8b1868974a46bc8257fa0,2879,2,5464,0,1
programs/i2c_thermal_sensor_fm75.zip,f0f8d5f35afd7754014c6ba3b1db66e88d8d4ce3f5a85223fffe93c98e10513d,272888,11,2344833,3,1
programs/infrared.zip,f289d4338cb080f7525380882004ee1c3de57e7a1c3ea9e40c5cb0e7e06765fa,285826,72,414005,16,1
programs/ion/allscrn.zip,f60fab734cc063458b87136f299b908f2af451608abf5f60420d58529ed4d323,2345,4,12778,1,1
programs/ion/apasmion.zip,f016472434cca37693118c94010333e69ae727bbc9c0f1c6726625cf824a73e1,1817,2,4977,1,1
programs/ion/asmnote.zip,d826b6a49c81e08d2727a4ae6710a683f0f6b69aec49cce698dcb2201de2bf7c,20936,9,42726,0,1
programs/ion/ball.zip,f6f5251b4f3e5bfc4a60e8317dfcb93fa31e986dded5581b06193093d63285cc,3224,4,9850,1,1
programs/ion/basec83.zip,fd08d9782fd0435ff8225b0c867570aae57a3c90e7110710a6cf33aabad88e18,6982,4,7732,0,1
programs/ion/basictutp.zip,2a21da5715b4a8b0d457a49ce654b5de08a361312d2e359c4d9a5f1536cb7425,13714,4,38727,1,1
programs/ion/bgpic1.zip,c035d94f17656356d7199c4c39df2c5fe36814fc9133fc5c353ba60cda1f0391,2984,3,11047,1,1
programs/ion/cal.zip,bf1d7ad2f78daf81cbaae485ba44102468979052db03185c0b9c2f99ac0dfe80,4995,4,9171,1,1
programs/ion/calcmod.zip,f6e5c5065ce0b86968b64270d6331921644d8ccf5113b55ac56bb781466f1fa1,19578,22,92515,10,1
programs/ion/calcoff.zip,ee443aeff85c0db74675ae6e1ff280e641c1e45f6246947c01a4aa03f7cfb2ff,3896,4,7296,1,1
programs/ion/calcpad.zip,7ee7d6bb9fe74dd2eedce7ec2990d9ccf2e91caea39457d681dd09e752dc0806,197956,7,209029,0,1
programs/ion/calendar.zip,95c9cb29b5ab7e388050b7c35893e71da01a26b5b3f4f07755bfb1536fb616a9,5693,6,9673,1,1
programs/ion/carstudio.zip,f0bef8b2ebf6c266c82f80362bfeaa3195f92ddc961c1760cbe910eddee5d14d,13555,4,63251,1,1
programs/ion/cclock.zip,ae2338c570cb5e00726b783632a833b25454a521067f50402ce3114916d699ed,5441,4,16224,1,1
programs/ion/char83.zip,a0f831a1e9a6a7677d5870a547be1be09311df1c2ee558a2a56441a271ae650d,2234,5,2968,2,1
programs/ion/chordcalc83.zip,9a3243e883e282229dabfddb14f94e008287e715cd42ac98859514c62fb2b246,10044,4,20610,1,1
programs/ion/colours.zip,1b7dc3083965fd01a625a1c051834868963eaa6c2665bdc533926d5e24bc5628,10569,5,28602,1,1
programs/ion/contrast.zip,562c35b4035ea9399a7d25c1f4187e908c455b7533b5a47f7edf9ac8eedab72f,2000,3,4387,1,1
programs/ion/controls.zip,aab907821f84d034c0fdc20d0620f88e133faa40a9c05fc9e1e9749b5f0f6a6e,1700,2,2480,0,1
programs/ion/conway.zip,2d8ad2e4719bd41488c40dd85f6683febb0ab8b4b4f85e9329097a43a23a4cd6,551967,20,673858,0,1
programs/ion/dice.zip,0f19eaeac01fa46ba66db4b4039161ec3298a59dfa2e4621bb54b45211ecb26e,4081,4,17755,1,1
programs/ion/dtflags.zip.zip,286b16ab44ba41f60d6d02b5d84004bf8eba3c6bd013facf50e42bbf2541983a,44887,5,61440,0,4
programs/ion/eliza.zip,194c827ff48ab05cae973b327556f372d2451214fccf68bea68d3b81d240b554,44613,14,145378,7,1
programs/ion/etext1.zip,eac63eae217fb1fdcdeeb1a331eb6b38d60c3c427d0bf3a7934f5b1ed84b20ea,812,2,890,0,1
programs/ion/gmodbeta.zip,3efe6249028c7f576e167234567511b6d37dbe1350005804abdbd2518365fc28,2098,3,4086,1,1
programs/ion/groverizer1.71.zip,a688af324fcd00d12f5258fcabddf1a85578aa189d7de911a7aaa05e70297cde,6041,5,12914,2,1
programs/ion/guess.zip,83a92be3967406dc094a511e69007cd39a57fb1ada5d31cc5a5186fb4cb50d23,2729,4,4433,1,1
programs/ion/hiq.zip,85a1e5384850280771cfa1bc3fc4a62a938e89b6e4b94f33bfa73a1108fbe242,871,3,879,0,1
programs/ion/icontrst.zip,975e23dd2b708e35c04f4d7ca00885b223cc463fe0e04fe5e6dd610a0654432e,1218,3,1498,0,1
programs/ion/input.zip,a1b96988dec66136fe5484802376e08389092abd99878fd1954717747314e55b,2402,5,3529,1,1
programs/ion/jb1.zip,6f334034014c02b7c43277f9b27740984f4af8c4317acd8d89f8d72f60200cf1,5826,3,17803,1,1
programs/ion/jb1plus.zip,f11f2d99072b38b5db5d24970d6f6041b5fd97693eb936df1915d1d78dff681c,5843,3,17857,1,1
programs/ion/jtviewer.zip,d25d540f3afac55624cd64a1b89d0b1468966dc1cc302eeb89c9f03727f88f9f,46725,25,168132,5,1
programs/ion/kbase83.zip,3fddce5287fb8091c88597fc270513a082318b676dbd312225be01a983c9267f,2616,2,5060,0,1
programs/ion/keyref83_2.2.zip,d5a97fc11379875c7c8b45588f6f22a321901f6f43271a2c2447ef54930eb4be,8051,3,28793,1,1
programs/ion/keysplus.zip,ee35ae7e59501b12d150fca420815e5e8837f116b04875521fcf072b6faefdfc,2340,5,2920,1,1
programs/ion/latin.zip,3a8982b3850e8361a3c9d0b67cda4fd4bcad900b72f46033b0b593676f4b74db,17132,4,50021,2,1
programs/ion/letter.zip,559deb66a93c7ade87c2eae364354aeaf530740ac0cb8276d85cbc04030c8c35,43192,13,60818,0,1
programs/ion/lowercase.zip,777068ca3beba5547e99ec66e0cd899213bae19e06c6f10322500508feeca02a,1912,3,3459,1,1
programs/ion/memview.zip,07ab0bf63425178bfd5c3f20bb99cdac418b47de90dd77798ef1d4491c5f911e,4558,5,6665,1,1
programs/ion/mod.zip,9f59cf0d05c5cf31ac9ce3a1ede00753a38e4752bebaa1e628a59b40075d4619,3493,3,7276,1,1
programs/ion/ocfe83p.zip,1f9b78d073582b59bad132fe9069e58dfcdd4889a45628baf81462f7b0db6965,29656,10,99012,1,1
programs/ion/password.zip,a644c0a0706e26eca3f7306a50abfb80d7da3702bcb6ac8ab10189d483cc9dad,4491,4,9762,0,1
programs/ion/phxpatch.zip,a1a0618fd8bb6184e03df4f63e35e2c4c19eba3a22472ccd5cb974d0c5a082a2,1949,3,2602,0,1
programs/ion/postit.zip,186e3d06d8311418c5a42f8d3b1a9dbe578da346d53e19b9f729c00fc6b022d9,2039,3,3980,0,1
programs/ion/powertoy.zip,c4d89e2fc615a702e17d22ff9866b1cd7c95cd04402dad5f417f5b93ca11932b,6081,4,16173,1,1
programs/ion/powertoy12a.zip,a9b17597cf100857a65f73d683fa7a79870454f653b7aad4aab57402d9550c74,6540,5,16899,1,1
programs/ion/prgmngr2.zip,017c86f05504a5b374a2aacb6d24e12c84302c042146ee8144443dd6163fbbae,3995,3,4278,0,1
programs/ion/progmngr.zip,fb26f56fe06ea6df45419cf555ef4d0f087449a646095c1aa4501d73d09fbc5f,2124,2,3055,0,1
programs/ion/quotev1.0.zip,c3f76e0f88d3e5e69a473c4c4b8ca91bc98656313a677f174d2dd12e6082c5bd,4974,5,12747,2,1
programs/ion/qwerty.zip,af9020862e9f40de29745cb614c970a707289206b06e11ca7824b3eac9a73932,97626,10,410656,4,1
programs/ion/randword.zip,ffc5bff773785508004bfa9c1ef162e385e684610b5e9fea8bb781a0ef344c12,4013,5,6769,1,1
programs/ion/remote.zip,2001b97129c41ab294ff2bc4d5fb9d3ce9e20bc3ee48b1289b83695c2565141e,1512,2,2255,0,1
programs/ion/rterm8x.zip,f6851007652dc8eecbe29b0c1e83e861823ab3e6eaef79ca7ef96391315a4a5d,1448,2,1854,0,1
programs/ion/strmaker.zip,89b38d9e2910bf18ef7c20135b60e2572608874bb1b0d79d4c05afffb3fd7f7b,19735,23,90633,2,1
programs/ion/swordmasterasmbeta.zip,fd765aec5dddc1d821e355cd319787fefaa25553e37f63fef7b4cdb9e8458b92,5659,3,6076,0,1
programs/ion/systoolv2.6.zip,4705c788d682c4e450f5ae6515338d7f26b96cc8177a937e54d497a153f50599,5357,5,13695,2,1
programs/ion/telnet83pse.zip,67161ea7eea53931561ce75d6f047e3f0a514f9e12e09a03788be052a72641df,77104,11,216626,5,1
programs/ion/telnet8x.zip,4e5315bab273f50749c5ebe59eec9def8e452574e7ced64fc6a8590f9d369d02,76673,11,221200,5,1
programs/ion/term83p.zip,29b85bc0e796c76ea4aeb0dd2821f1755e5873653942b7cdfe5434cb603d1d0e,3061,4,5703,1,1
programs/ion/trans.zip,105b5449feadfec6973cf5575b080aa17f354ffbd4b4799b0e95272cdb5357aa,5824,7,11451,2,1
programs/ion/tviewer.zip,eff9348f80e53852169e5840d749cc8d33c00d638fcf92356669735fb46bdb0d,6583,7,6248,0,1
programs/ion/txtview.zip,0b393bf60f677f9dd7c51844ac1f122618cad5a0acac1a45596fa4aab2663747,31764,9,85772,2,1
programs/ion/virus.zip,c328abcf7e09af966cd75997ef5e767d41d76becdeed92f7db5f2453bd0cbbea,1511,3,2149,1,1
programs/ion/wordfind.zip,b17ed3ce61eb1181461d2a1f2bebe106ba4008c202f022fbd8caf918c7d3475a,9193,7,23413,2,1
programs/ion/zcp.zip,eea694eca1322a30dff2610e0d9d8c2f1147470722fcd8bbe5f357a3911453e7,2746,2,5769,0,1
programs/jade.zip,8e604a3e20eb731cbfcb23dd8a5abfed377dca23f42e7e415a1f0d1fb22546bf,20722,20,60875,4,1
programs/keyboardlockdownprank.zip,50b88aafa90720c8eb71aa9789d0d271aae1b9691910f881b30116672002db92,3300,3,6921,1,1
programs/keychar.zip,5e44339888bfc7f5f720d6a55ec245081ad714c57c40f746cc13632c4cd5014a,15346,21,28464,0,1
programs/keyhookpack.zip,c3307b83b7f5244a4658628e4c58633cf357e69eab86609412ec451ecdc60e76,1971,5,2394,2,1
programs/keyref83_2.1.zip,e0ef8c1cf90a1e3e345ca0df137afae74812a47022796cfc9a47266805353bd9,11637,5,40765,2,1
programs/keysim.zip,6e8e5bf691be1febf3258f209a091332398c3bfe7f90aaa457bc5cfca749e139,1636,3,2642,0,1
programs/l2r.zip,5cb4b1fe2d199714569c1c582d280ef522c58ae77208662d7f710f3169af80e7,2441,4,6417,0,1
programs/languagecheck.zip,0c4407bf8eb5cc063a19f1007a1b83b3bfaa251954cf38a93c7291f302cdc565,8247,11,591004,0,1
programs/lblrw.zip,cc39167050f7774de642580ba04f7077fe98b3aac147e10a132a8f2bfd9df0e9,4626,3,11188,1,1
programs/lcd2.zip,46532d795aadfff782a83ca52001da87ad73cef9e2013c7800291f4b26af94ab,3464,3,9909,1,1
programs/listsort.zip,0ab2449adcf961dfdac6176af21cbf3b957bf180c02ed13e68be5b7466d74b8a,3938,5,7755,2,1
programs/lockunlock83p.zip,6bfe5b571b58d8f49a12401c8bedbca92dff0618889fa0666e4fa5b0e7aa7bac,31590,4,37886,0,1
programs/lowcase.zip,02df732f0251f0411df5645265f605a117304ad066fddb195062f0e712a3bd44,780,2,1031,0,1
programs/lower.zip,29952eb5978d77df9162b775b06585007032a6d985cf474ae0f41f043c3c0bd4,562,2,455,0,1
programs/lowercase.zip,e2fe4b60010fd63ab57fa1139d187f871465b12ae799848cec1d0c07f185ce56,2034,3,3938,1,1
programs/lwrcase2.zip,72658cb52e7c0178ab16ca9ddfaa07a8c7e15334311106b4f5b5db5a70db72d6,1298,4,1522,2,1
programs/lzimg.zip,394a029f6cb781cfc931c1955049ef49ff8afbaf1247bf5ec03e7955f2aab140,6067,7,11523,2,1
programs/melt.zip,878be5a53f71bf0fa37adabc734039fc3bc44ea1ce6e9ea35e69e0db7f41a734,1290,3,1293,0,1
programs/mem.zip,0e8141460eb66370b93b2dd0276db1ecb1ef5d84b416073367a79c2e6d8a6f10,1512,3,2233,1,1
programs/memerase.zip,f04423bf278de38226a296d1b696192214926bf2ce33926b1ca3d44f97318f96,424,2,248,0,1
programs/memsync.zip,f8d4bf0aa9fac9e1150a3e9f28264f02c315d154f68972a0f7cb2d7040733a4c,1821,2,2519,0,1
programs/mirageos/allfile82103.zip,e989dd1575ef4ccdc4ee3e50f9d501f51a5d79e7ee78e48c092f51afbf340754,17346,8,40556,0,1
programs/mirageos/apasmmos.zip,36dc0c552273733ea9318f59a83121ee767c4b32759d1659381ee7b2ebf580d2,7646,6,21333,4,1
programs/mirageos/arcrecov.zip,991c0324521ac9099276a3de1bc795e87b272cd4c56eba276268b6f100c7d19c,2081,3,4029,1,1
programs/mirageos/asciipad.zip,860ebabf630f180081b3458859f2a13517d278807c3cfc9c01cd54c59d95400a,4958,3,10687,0,1
programs/mirageos/bioaware.zip,2cfd8edd52f2c6c2816bc1cbcbe6758ff1426728c76320bcfddcf6e5ff8d9472,2261,1,3719,0,1
programs/mirageos/calendar.zip,790b169f6ad53a46b641ecb8f25df716eb39df20b0fe6e03ca790019fe833ca0,9202,2,12302,0,1
programs/mirageos/controlpanel.zip,08369c44fc065c96f772a10eb9dc22171463c00ffc4bd0b3bf5b73f99dd477ab,2440,2,3324,0,1
programs/mirageos/controls.zip,911867913ef4a50fb51bd293d71d4cdb31ab993ed562c4db65f13fe3d1292da7,3676,3,9700,1,1
programs/mirageos/cursor.zip,dded9cfd183763611b6199161e41af63da83710f337ddc2b86f903fe9a32a2ac,660,2,720,0,1
programs/mirageos/dtflags.zip.zip,286b16ab44ba41f60d6d02b5d84004bf8eba3c6bd013facf50e42bbf2541983a,44887,5,61440,0,4
programs/mirageos/flshcrdr.zip,0c4f800df2b5f9fbe3b685c3fab07b969bd3b84e1c8c32a7cd5bb55b320a4174,29756,12,78791,0,1
programs/mirageos/frconj.zip,30fc345c329bf09b58b7c1aba302fe9eeb25c77b0e36d137e093d9860504c27b,1658,2,2260,0,1
programs/mirageos/iconedit.zip,f2299e8fbd55b68d3594bd12a2007b5c777b014f069ccb16daacccaf84218289,7868,4,17771,1,1
programs/mirageos/jvirus.zip,b70ac6eccd7c8e4d3df04e8cb9da6214aec650bd73cf434ab9ce6e89dee2f8db,767,2,553,0,1
programs/mirageos/letter.zip,3b997cb5cdad4858687f520cf98a7fe0b312a5ab12d61f5c7cf0b5bfe2d415cb,47587,13,79609,1,1
programs/mirageos/lingo.zip,9950a5528b228f124e578ae63558509e507febe5fd3195b2b94a0bc477ed86bb,51220,14,194132,1,1
programs/mirageos/lock.zip,c4fcfbf3be5e7c67bda4f125cda7a3bebcc810b9bc258bc3e5f80301406a2830,7278,5,22961,2,1
programs/mirageos/memedit_j03l.zip,7251a89ea538d7daa1ed8542172297813234afdcd1d73b54245b53156fe4331f,3346,4,7151,0,1
programs/mirageos/memview.zip,eb486c050f5a70aa8d8631f375ab11d2e8bc0518ceacc73f915c825076812bbe,768,2,691,0,1
programs/mirageos/miragepack.zip,ab7fabe77e47537194ccf336604190e94591bc00fe74e9653b1a57b34c66766b,3804,4,7026,0,1
programs/mirageos/miragepad.zip,87ee60236d197da31898b8711fdcb01b2aadccf5f45fc6585bfcc7675e1f522c,940,2,1149,0,1
programs/mirageos/prgm2hex.zip,34cd54609c76c5812cc8815552bf2c6cb9ac5451287f573576e587142e58e419,5694,4,14826,1,1
programs/mirageos/remote.zip,e12cad58192e4828b9572e543afd118df9399187c82234de554903d90a1b5451,2005,3,3946,1,1
programs/mirageos/stpwatch.zip,9f9ec3ee08375a5b55b0ab1c772360d6ed5447b8df8fd46f57a6a087472c16c7,15478,4,49561,1,1
programs/mirageos/telnet83p.zip,ef5da19bb0eb487d8e4c62bcf5c2fbfb055668376d7e003379510b0e6ef7f9b0,76898,9,221738,5,1
programs/mirageos/textcent.zip,839fb88a6a924f90c389513c68e5299933270a2c03446a7d0f1d4cef6c7a992a,19417,5,34615,1,1
programs/mirageos/timer.zip,dd06eb440222c68632524c8cf6e7c49189a284cc844cf35f8d127598ac38a451,1405,3,2248,1,1
programs/mirageos/tiword.zip,6c83de2e68305ae1cbc6b66685fa3b0087785cb78b15bdc6fcb698c86a325eb1,105319,8,118290,0,1
programs/mirageos/virusv1.0.zip,629a4ca3910e2e2b5d81a63230ae43b969f4e4ed6d5510a5de90e7bb64f1fd98,2472,3,5625,1,1
programs/mirageos/word.zip,b69c4fd135fee0dc98f3a718557424e0f6ae8a7190b43596b4bdfcaaef38e67a,29437,6,44325,0,1
programs/mirageos/zchat.zip,a545530d368984492d08bca1542b91aad4e56b5d5e8875c2dc26a7d72d5654bc,5423,4,12894,1,1
programs/mt3.zip,0b257e43d8fcbc0592645703f209e0016123a0dcfd06d388104526ca1bef41ac,13541,11,57912,5,1
programs/mtg3.zip,9c448a4335b1933ddaf85fc9891f6296e19f36d892e21e08dd4d58050a412884,12175,10,14970,0,1
programs/multikeys.zip,3e31a4d57f3c1d20f24eea81605f17453562a8acde0026e6f828062b19fc7f3a,16086,12,45865,0,1
programs/multikeys2.zip,fe6c7b4aeb76041ab1906736e21a9597cb201786987149751c2b81d88705c531,2727,5,4376,0,1
programs/nifty.zip,8abb216043107426a5fe9f301cadb990ddce0e08613d2d8178fb3b26be3a9055,17267,5,58527,2,1
programs/nlc0.0001.zip,807cafa57ba0734130b3e29cae6eb23911c9a1060de22d4b906bdc3ce27f2825,9887,6,9549,1,1
programs/noexec.zip,dc3ddf2dd4de8a802a2862d6aaf671a4ff5e618eb98377844eb711b90a443a84,3171,3,8316,1,1
programs/onblock.zip,40a5139d378608a303691fb34f3edf79ae4968bf39801b75bc311371b66f69d2,1662,3,2470,1,1
programs/oncalcrlecompressor.zip,05cb41b4e6d5414602520d81c3dcc351cf01d184e37326dbf4af91efdf60f42f,4717,3,7290,0,1
programs/options.zip,7b51f415fc7c7f06f01e04c3c46ece89ac19c1a52b99149a02324e0fe98dfb0f,4381,2,9462,0,1
programs/overflow.zip,0a4bbaff36ea4c55165f4c10efe5a4d26c9202740d926652efa320353c6f5862,5788,6,12551,3,1
programs/paintpot.zip,4b1a737289445abeda7653dae59ff0940a46150041d3f09627c96200940bc80c,7013,6,9327,1,1
programs/password.zip,73d8900d709e7036c398f0e7639e5419af653d66719d74e75a8d32e1348917b9,13668,4,33281,0,1
programs/pics.zip,f3dea1260bd3e7a31eec9709dbe39f593aec56a33039e6fb9bd3317cd76e94d3,121812,28,433412,13,1
programs/plet.zip,7cc66d42cd44d2401146618fbc2e8d4126c210efa80ba18e7785163512a44913,30272,15,74995,6,1
programs/pmover.zip,029296f4462da3fda3960f2027042fd602f040ac6a0ae1139ba23771a73e9f7d,2833,5,4730,1,1
programs/portedit.zip,d64995fa03108b3c39269593afbd7c37d3834fbd6290cbbbf58e7aee8d2dbe0f,3034,3,8927,0,1
programs/prgmappv.zip,33ba32795488b17e316f2efe556f5b323b6ca5b9fa9a1bf08db8dc59bac44ddf,6332,6,14419,4,1
programs/prgmhide.zip,6342d57b18a1277aa3ce13ba514d986fc3c485dfc4b747a157972fad61756103,5988,7,12148,5,1
programs/prog2hex.zip,cd2cfb71257a653107ec81066eb8c94d7c59ae618de04f87ca023467319e5ff5,1013,2,1114,0,1
programs/proghex.zip,ddc0c43c1ef98ac999d43c5b71c2b65eff8b92022cfc69a704f20d45d71ae92c,3932,3,13581,0,1
programs/programtoappvar.zip,4e27be8774fca769f26f1ce9984026f250fc8c4e9222277d3458a67e7fb25dc9,2536,3,5140,1,1
programs/programtoolkit.zip,94537fe8a946b7a2b760f785234221d25f5db7e713de2d53326864f45496b151,1408,5,1082,0,1
programs/ptools.zip,5e51a1adba6d5e4d1b799e009fe5f13e5bd97eae7107a79a114b44b07d2d10e8,4867,7,8352,3,1
programs/ptoolsxtra.zip,88906d6de412cc84a90414abd63846b7040d07d5a9511f724d62488696b11eba,2008,3,3621,0,1
programs/ptterase.zip,a506990cc5b98061205e50f40b84b5c79c6387089c93eded3b4219af1cf89ec5,3917,6,5815,1,1
programs/ptterase_os253.zip,a0343df174576abfd1cabff2711a24272daa70c7be31a633ef6f9d211232d5c9,2662,3,4836,1,1
programs/puzzpass.zip,fe37b1f9bacd24b121e91333b07ea611a46ba23ab5791ff826825955881101a9,6378,5,20727,2,1
programs/pw.zip,f44152f5db4ddeaaac68b23885d975b75a38df8ffd97049077bae8e6bc0e25ee,1679,3,2156,0,1
programs/pwdse.zip,597ff5beb52c69e3197724f4597a158341e8986c28e138b71560360e3218068b,5285,5,7302,1,1
programs/quickkey.zip,48ca128c058d2d98946268e228d61a7b30010dafcb3e5b738d03777d42fc3322,1510,3,4686,0,1
programs/remote.zip,0e7a6664317245addf170fd677d56432d8c8748dc1f14c232b03bbaa263037a7,1144,3,1385,1,1
programs/remotecontrol.zip,9eb1d4bb9beabe0ae31e49756c2a23938c6301a27f3d553a5d3381651262e591,10628,6,16317,1,1
programs/resource.zip,151f5c451f2bc0ba472f61188023859caebc8b81ca9f002d3e6302b99db717f0,5829,5,14143,0,1
programs/rlib.zip,c2dc2371dc4ce70d0f682cbad7342a1d997bfd3a72e03975184218a0b24f1b31,2391,4,3910,1,1
programs/rndxnumgen.zip,118124d8358557b0b00e72f67edeefa5563e13bb1e5f568191603a66d1c2e0f7,43246,7,48481,0,1
programs/runbasic.zip,bc848c8cf2a13e1813cd81185bde7668b9714b1c1880d4eb367a28de46064a1a,1526,3,2117,1,1
programs/runcounter.zip,9ec789d474b91d3e20b2c11d51e8b4b1f1ebb7b0b89150623e35d422c0d04dc2,34482,6,131116,1,2
programs/runcounter16.zip,736212242e2e9a97e90908ce42fa051b27dff52a84ef1141546d58cd4e5eaf08,41381,12,168555,2,2
programs/runindic.zip,05babb791710645eeee9ca83d5bffea9604d9edb69f1412833f1b6b4e08697f1,833,3,933,0,1
programs/safekey.zip,be9fe11ce68e99b5c2866c8907bae61aaf236eea70a0dddb3331a8734aad7916,3283,6,4427,2,1
programs/satvocab.zip,87590e9ffcef6ecd2f02039af00e4df6eb9de098ca61c533ea8c57bdf568acf4,179469,63,404504,0,1
programs/saveedit.zip,f616930898ccc7f0067b59b1271cbc6bd021baac8c888e577101ced42762e981,2130,2,3474,0,1
programs/screendump.zip,04cffb0b07de0b9741bcc8b484e8f521806d5c236c0584787562e5bb2f97555f,2055,4,3768,0,1
programs/screenshot.zip,bae16b3f28cc543ccb3346fc3d1bdb370411b90bbeba9b2081970eef10df34c7,10750,9,12475,0,2
programs/scroll.zip,93492ab7d7c853f6c122c646731c7d5ed68fbc9b995a9578a9fc2c0a2767dc5c,1044,3,1107,1,1
programs/scrollingmenuplus.zip,c8d6c7c884044df62646e08e5028578b88a640f3475df5035e8a14c495a259fb,70618,4,101089,1,1
programs/sentry.zip,81dae3a32207099746824d190775b5168a7ff2c18dde9dbb6a9605253a2b565c,17377,4,29789,1,1
programs/setupvar.zip,f0715cf391d75a5346fa1475f903cb438d61b3ed8c0282085148ac2c3dfabe20,1041,2,1671,0,1
programs/showmode.zip,654bab711ec002f3c303d9b044d041a5775860bab78112bba26a726d570de9dd,106961,12,401645,2,1
programs/shuffle.zip,1eaeef41da15d5a9cba6d5b5257ead32d94e750dc61035ef499965580631b83c,2466,3,4125,2,1
programs/shutdown.zip,f6a7014c18a251c2081a956362c210c9b6d9a1fa46abdf13e3b197642573a465,7463,4,39621,0,1
programs/smartedit.zip,e7e91871bdc7c6117abdc306b76b5b06027face8c384e9960a5945c4f838bfb9,8924,6,9431,0,1
programs/sonyir.zip,2657488e489233ddbabca53eeab7cceaaddc386f167dda78bc501079b9d9761c,229680,58,331647,16,1
programs/sort.zip,baf884916b612455d70f504c3db3ffbf91545b7374a86ae9c491d0a86f592c31,1087,2,1422,0,1
programs/speedkey.zip,036ede1097b061f844d6bbedc1c401581b640c2c221472648c67fc380834f6e4,2422,5,3746,0,1
programs/speedset1.1.zip,9c66f44ccaadc6473f656f8f62d4d5e108d0ae780dd30bd89992dd4f1867ba61,1360,2,2123,0,1
programs/speedup.zip,c6be7bb609c23107422ad63bdf4f9ac28a1fb3ed69d33301370b7d91d045e0c6,1322,2,2121,0,1
programs/sprcount.zip,f2b1857b09d692744829e70c01cec709c7e04945ef95a5c11379ca8b5a6dcd5b,1636,3,2908,1,1
programs/sprcount2.zip,8b1c632ec3387a869e65eeb63489e481d2ed2a679c2ce3f9b1896fc44971db20,1093,3,1135,1,1
programs/spritetilemakeren.zip,93ff44e92558d2ba883f16c678061b4ed71b4e8c7ca752303169500b9195da04,2986,2,5057,0,1
programs/spritetilemakerfr.zip,0fb4a03095141f96685cc9f5731cc01945fd1b891d4d1e29d8835c097bdae8ce,3129,2,5325,0,1
programs/srcsort.zip,35735ae86de349a527d79e45844a27e6762a41d59bf1929e8fe5a12b0a8131e2,1096,2,1930,0,1
programs/stopwatch.zip,232728ba0d3ce38f07fe78f249a7da412e79861195347c7eb93053128bf22f04,27006,10,66206,4,2
programs/strlen.zip,9dcb04a6192ffac869ffb3610fd13b60677935ae6295841ea17245f494ed835a,1624,3,4220,0,1
programs/strwid.zip,5b272345d6aa8664771db7747a9de0dfb0c914891316ca6186a1f7848483c72f,1489,3,3804,0,1
programs/subroutine3.zip,aa00806912dcac394c6730a1ae9bd9c0b1017ada2b364a33f3adb6e4b7642109,3266,3,6405,1,1
programs/sucker.zip,cd3eaa86c6acec8451d31579beb2620edc6d013769cda1e1fbed55d00997634b,7786,4,18571,2,1
programs/symbols.zip,4204edb88b7ac1902079ff65860784e573de719d53c6782b473b515cae4d50c2,20072,5,27845,1,1
programs/sysinfo.zip,afad05563a61220807c451486852dd7fca2883f9fab883cf6117988980d9e24b,4229,4,46194,1,1
programs/tasm_on_calc.zip,f534a4348b9ca8807e128ee0226696eedb3dfa93ff131631b6faa3080eeb72de,6993,3,14127,0,1
programs/textcent.zip,7b5de15db9a2c7f772a76091afe15a960e91a491a023a6c53b48ce0e3073dff4,25467,5,34655,1,1
programs/textcompressor.zip,01a22f5c3536081eab52f04cadbc7191290272780c02a1c2ae4588d81c6eb4e3,3963,5,9651,0,1
programs/ti83password.zip,03d45fc4593e523e44e2a068d0ba88d72c1e63bc9a8a38120f4ed932311d247b,10753,6,10141,0,1
programs/tiband.zip,2b35f022c6b4d031556d8278d75876ee0db4b16fb3a5bb9380b31f321e412eb6,2626,6,2938,0,1
programs/tidoc_en.zip,d4c280911fceab9cf32fada48e79dfea977e6f7c081ab7c9e81b0844c44e4cc5,911222,9,1007777,0,1
programs/tiguitar.zip,eaa8aefddff94d6b33f750f83ded8800f177769c2fb43d5c9811f7e9a3be1099,2186,3,2436,0,1
programs/timer.zip,bfbfc90662a5cc4d3eb2914ef821574967fce00d065b0f37fc50bcd6bdf0361f,1389,2,1876,0,1
programs/tiosver.zip,f43f04d8fe67db0ad5d940bcb7dbfd6b2251e668b40c08c22cdd7bedbc870375,1038,3,1170,1,1
programs/tokenascii.zip,70bc5e2d006df5f435002935fb65145f695e81b488f7bfbc7e67135ba027a910,2252,3,6357,0,1
programs/tokenhex.zip,b90dfbaa3e547ed3a5bbf4b796badb27eec5a4f973c1a8edc0b15a340279b734,8636,6,14751,0,1
programs/tokenlength.zip,9e5e78f414dfab1a461b5538fce5364a5799c92e9b0360a267763b8071dc4e4b,1782,3,4324,0,1
programs/tokenreader1.0.zip,24cefcdf2e860df7d3fdae46a728c7119e70ff2e26f339a4120dc41be73b9ec3,756,2,771,0,1
programs/tools.zip,99792272e86992334833b5d3d980bb1b0b27b1898b8490e24f969ac70fc8d65d,893,2,1145,0,1
programs/tprog.zip,dfb8eccd4084b6138b1a06a0f5c3de1be1384b91148c118b0b698be951bf1967,1267,2,2403,0,1
programs/tse/battchk.zip,bfc2005b59276780db5068eeda73efc66891814b0f384bd98d94bf90af1bf474,711,2,685,0,1
programs/tse/coinflip.zip,4e45e1440798b95a50aa1f1a4504f0b3783aa5952535ef3b03e46b3e132397c7,1303,3,2215,1,1
programs/tse/ddice.zip,0a322c785fe758b91ce514297d471c64724ec8c849556716f9abcabbd8740972,1736,3,3215,1,1
programs/tse/linux.zip,22fdacecd9ba828414108179bad7ec57624fc53c6389c5c52f7158a6d2c3b051,7739,4,20224,2,1
programs/txtinput.zip,1623279116688dee165ec615b51df19da4a10ef86da774a41d4eda9f5d237b54,22722,6,58514,2,1
programs/unlock.zip,82b48778950489d8270dcc2e8422915007c6114b98a4b2d5a34358dbd2036251,1800,5,2118,1,1
programs/unsigned.zip,f8333fb185f846da114cc1c152aeedebc1fc0ffe651ddae430a11d57847e9e49,6411,2,9947,0,1
programs/vartest.zip,72bc2a0d15b68c1152d988ffc12fc87c8db9828c3a6e7a78e0c20be7d6ac1ce9,3080,5,5196,2,1
programs/verben.zip,a0d135fe2eec6b6e7e68db62188b916eceb40f092040f645bdd10b1b25544036,2463,3,5363,0,1
programs/viewer2.zip,f4a7dd97048c8c7bc415c35af2070f50b130cb8eaa0edd2daa73eaa18784db90,5626,4,17270,2,1
programs/viewregs.zip,84837e779315f799b53f8115e8c4e9563babc5add0541f52d72117d93a68e2b2,5307,3,13889,1,1
programs/waycool.zip,3c4c7b2bd656bd024466c03f2a0be6f6f617d0f22ef8fd00329698dee4f911c6,1757,4,2812,0,1
programs/xmas.zip,be3b69c9e59b9dd844aface4ba429abd8edb756824e82547be0ea684ac7cbe27,344,1,292,0,1
programs/xtra2.zip,f640faea9fae5c79e21d94c2638a77cbaaeb55bdbd3540ad2e76b6cb23938f53,2750,4,7486,0,1
programs/xtravar.zip,6ec1b847d7883ba01c8e0b28f2e5b1a1b7a56682a36e70e820f8d69b5bec5f3a,1167,2,1484,0,1
programs/xxedit.zip,f79470e47af8b504e053cbb375b68ec2d79dced49f4962dcc284e58543b91080,6935,6,10966,0,1
programs/xxedit2.zip,643d31b17b34f2c30d52b417cffe06e58decf55229c42948a7ba9eadd97bcddd,8790,6,14396,0,1
programs/z80asmdecompiler.zip,4a4c2020f248b92fd09beae1c0ffd8ea4fa42cc6d8652733ea80cbf7403ea2e0,22731,9,46213,0,1
programs/zbasic.zip,86e090ffeeda753c3b04c1befdddb1af22f039733f2cd4cbe337c6289dbc0a15,2040,3,4091,1,1
programs/zbasic_83p.zip,c9cf2afea750fa6e8a1ac3c86daad0a800ba1567b5dfe092fc9728d750aaba9d,2077,2,3277,0,1
programs/zcalcver.zip,7838b96a60de34b4f313cceac3425fa7f010e83691c16cfd9809396298907970,3728,4,7027,1,1
programs/zclr.zip,e2b136906609904196e3d75ec5f695586cbd4db341174c054616bdf69160c263,909,3,889,0,1
programs/zcom.zip,45e9e1d3317812216819e0ed87230742f4c67e88690d5f89e94875101451ec7e,124768,15,301551,0,1
programs/zcomv2.00.zip,73ddbd2a89a0d6a61f18152d4b5bb55c290fa3cab139ba2a374d4047b7c0d30b,109653,14,244623,0,1
programs/zcopy.zip,c02fff340097c3fcc55bedd8a3e0491e9232e029fe86c51b5ffb61e66cb9a326,4409,3,8914,1,1
programs/zdos.zip,d1d5811a9a403bb3c318e6410a1ac8f95e6a0378a9ad203d0d11547d7867181b,1708,2,2722,0,1
programs/zflash.zip,074d05f59e8721e034f3716d9c63fbdd4acbc22480e21226cdf4c88f6a4f4a0f,1874,3,3343,1,1
programs/zgetcalc.zip,8bd960ba1f000ad4cdc10cdc121a13bf9549c8822862eab07822af89ab79c61a,2223,3,3425,1,1
programs/zhide.zip,cfb97617db860ab61dfba53bff10843526c8806a6f0a481759a002ce4009df42,2647,7,5694,0,1
programs/zkeys.zip,c0d3b76bedd8d85275214af4cea7a6deb61877b0dabd32f6f2c6d4fa4843fde8,1968,4,3514,1,1
programs/zlength.zip,32a9d04a449ca25d70360490b5f50f05db16140e7a004f0209ab735833792a57,7452,6,8985,0,1
programs/zlock.zip,37350d1e18448ff3b59407a19dac83ae4f9187218ca09b6436c4c20697801e20,1527,3,2481,1,1
programs/zsprite01.zip,849161f70b9861611dd8f546c4830a66cd34b4a0a66bdb244b90e3b30996cfe7,57502,12,137840,3,1
programs/zstartup.zip,bc2d85ed1f5abb1240c6c234acac225cecfa29d9e24e5e037410faa610eee2b1,3077,9,4876,0,1
programs/zsthkifo.zip,46546b967b23d5a71709331a038e4e8572c6f19da5ad58c57788122d62c4f129,1540,2,1944,0,1
programs/ztoolpack.zip,66c460ec74123ba6fa66b5bb9e673cf46df16486f2b9eeb9c2e2473f58539e46,440340,56,610666,0,1
science/codon.zip,58b9c316cb4fe781d8d91e602ddf762516e8d44d70a793319ae14463be3cf374,13111,3,39843,0,1
science/ion/accelera.zip,4f08f3ee93bef96c7461e19403f6157183516024f6fc123ab1a16bd03a785da8,17292,6,84857,2,2
science/ion/atom.zip,f402188642fbc49fb257cf6141cd0747825082090f92f8a239811535330d9ee3,18416,6,92812,2,2
science/ion/circuits.zip,094198bb45bfe136884eab8e5355541c44e3f0fbe1cb9c3368d0998b76c93c8b,17146,6,84294,2,2
science/ion/currents.zip,97aa18f95cc07d6b9cf07f6140b2ef931f52e181c6b7e1bd332f47b04e15ecfa,15017,6,69732,2,2
science/ion/diffract.zip,7da570842888e1680f834d0513b86c24c21ab09eece65382a9b1e9615f64c20a,15682,6,74589,2,2
science/ion/eclecticperiodictable.zip,3986c06729ff8b5877bddd26ebd21140bc79fd6cf3816ae7d73927246e75a03c,144064,4,171458,0,2
science/ion/electric.zip,e9313c2963993760093a8ace1eb7d22dbb9b2f42732fa3bc210c46402bf22feb,15502,6,75706,2,2
science/ion/electrons.zip,b794af1b951a89dab8eb58d73efffdafe25b27c836e7e767c6488f9f4dfbc15d,2555,3,13747,1,1
science/ion/elements.zip,3601b3cbd0e06ba71227569e9c03022dfa0cf0b9c573ba09d74512f43b43e3b7,5407,3,15482,1,1
science/ion/emfields.zip,7b449151b53c28cc593b6eb2592c4e01247427cad8a3abb6d6814b644429b0cd,16156,6,79872,2,2
science/ion/energy.zip,8c17f510e1a4e679245b93b30a06ab8e8122ca3b6a9764a1173586c4bd69a76a,16749,6,82677,2,2
science/ion/forces.zip,a3da4cd52a6ef0b3f7da2e6d8c856a6161932f338f8611a4b6ad637eac192046,14338,6,62391,2,2
science/ion/gasses.zip,b3dd0f5a17a99c226c19f0e78c38d538486094a483d59f3ed6ff91879d801ed2,22920,10,91835,2,1
science/ion/gravity.zip,c90952537c74706d5a90c90fdc3158a9c572efb31bb72bcff43a8425b5706808,21591,6,117802,2,2
science/ion/inductio.zip,75134c3fbdd3dd1f6d5a0e6688b595414099feac9bfe3adbf8eb47a79965394b,18142,6,90881,2,2
science/ion/magnetic.zip,04dbfb4079c7f761184e0665d672de9d739d995482af7b40b7831d2b52920206,13460,6,53943,2,2
science/ion/matter.zip,0d432d631d069514383d25c61d1e53ed1664d2e5b88657607f869f1c2784a17a,16553,6,83615,2,2
science/ion/mirrors.zip,bbb0f1ceec94ea502fe0d2f44009781442f9548fca474a124da9aaa6a991555e,14780,6,66669,2,2
science/ion/miscelan.zip,816897dea1127169f591e49fb26617c27eb6c36bd3854134508167cd0bda3e3b,15678,6,71083,2,2
science/ion/momentum.zip,86a64138db72cdd7ecff6f4e1ceb3d4f0a9a89a17048530e4883aa2cef1ff7a9,17522,6,91037,2,2
science/ion/motion2d.zip,6edcd3d4ca49bf512da9f2c5ee4be8096efb825762b78f3a466f1c74ed813355,18514,6,94348,2,2
science/ion/periodic.zip,80bfa9069611b374df213d92df31e48ff2113626bef04fd748cec975640b3958,10740,4,26242,1,1
science/ion/periodic2.zip,76560d7d0d2dffe4430b04f1343adc130a76561da223fc4c3bee2941369d4e92,6661,2,14700,0,1
science/ion/phsolver.zip,40991b5eb4b14d8137e8e958b3fae80755384c9f1bdc4e7c4294363ba6eda7c6,416212,145,1995452,48,2
science/ion/quantum.zip,65762b3d4325b19045420ed2e70becbd6b87d9669364df1313bd27d0191ddc31,19944,6,108216,2,2
science/ion/thermal.zip,ac34c783fe41c195c4dcb4c89a8cf9ef567d241d523eef2f29a3dc6da0a8ffa3,17038,6,82542,2,2
science/ion/vectors.zip,0f962b7ffbde74098b123ab83d26abc2d0771161cf8497c6d09ec68b4a1ce5f7,18410,6,95791,2,2
science/ion/velocity.zip,83cb700d87f5a0ccc86b4a0ffb24884042dd83c2a987242b080096b94a94d2a2,13850,6,57600,2,2
science/ion/waves.zip,346da700b1bed9ee061640073e46689ed9dfbb7cd29b1b75393e5f7ce23dde07,18749,6,95808,2,2
science/ion/work.zip,5b74c222b4b9ac3c4ea3864858839a2f06dc909af7529ab77d78cae87dcad73a,17718,6,90397,2,2
science/mirageos/accelera.zip,4f08f3ee93bef96c7461e19403f6157183516024f6fc123ab1a16bd03a785da8,17292,6,84857,2,2
science/mirageos/atom.zip,f402188642fbc49fb257cf6141cd0747825082090f92f8a239811535330d9ee3,18416,6,92812,2,2
science/mirageos/chemmass.zip,58a8723aedcb19fd097d10013011754bbfc2f8defac7a969a79e0c164c1e0dd4,15903,4,29837,1,1
science/mirageos/circuits.zip,094198bb45bfe136884eab8e5355541c44e3f0fbe1cb9c3368d0998b76c93c8b,17146,6,84294,2,2
science/mirageos/currents.zip,97aa18f95cc07d6b9cf07f6140b2ef931f52e181c6b7e1bd332f47b04e15ecfa,15017,6,69732,2,2
science/mirageos/diffract.zip,7da570842888e1680f834d0513b86c24c21ab09eece65382a9b1e9615f64c20a,15682,6,74589,2,2
science/mirageos/eclecticperiodictable.zip,3986c06729ff8b5877bddd26ebd21140bc79fd6cf3816ae7d73927246e75a03c,144064,4,171458,0,2
science/mirageos/electric.zip,e9313c2963993760093a8ace1eb7d22dbb9b2f42732fa3bc210c46402bf22feb,15502,6,75706,2,2
science/mirageos/emfields.zip,7b449151b53c28cc593b6eb2592c4e01247427cad8a3abb6d6814b644429b0cd,16156,6,79872,2,2
science/mirageos/energy.zip,8c17f510e1a4e679245b93b30a06ab8e8122ca3b6a9764a1173586c4bd69a76a,16749,6,82677,2,2
science/mirageos/forces.zip,a3da4cd52a6ef0b3f7da2e6d8c856a6161932f338f8611a4b6ad637eac192046,14338,6,62391,2,2
science/mirageos/gravity.zip,c90952537c74706d5a90c90fdc3158a9c572efb31bb72bcff43a8425b5706808,21591,6,117802,2,2
science/mirageos/inductio.zip,75134c3fbdd3dd1f6d5a0e6688b595414099feac9bfe3adbf8eb47a79965394b,18142,6,90881,2,2
science/mirageos/magnetic.zip,04dbfb4079c7f761184e0665d672de9d739d995482af7b40b7831d2b52920206,13460,6,53943,2,2
science/mirageos/matter.zip,0d432d631d069514383d25c61d1e53ed1664d2e5b88657607f869f1c2784a17a,16553,6,83615,2,2
science/mirageos/mirrors.zip,bbb0f1ceec94ea502fe0d2f44009781442f9548fca474a124da9aaa6a991555e,14780,6,66669,2,2
science/mirageos/miscelan.zip,816897dea1127169f591e49fb26617c27eb6c36bd3854134508167cd0bda3e3b,15678,6,71083,2,2
science/mirageos/momentum.zip,86a64138db72cdd7ecff6f4e1ceb3d4f0a9a89a17048530e4883aa2cef1ff7a9,17522,6,91037,2,2
science/mirageos/motion2d.zip,6edcd3d4ca49bf512da9f2c5ee4be8096efb825762b78f3a466f1c74ed813355,18514,6,94348,2,2
science/mirageos/periodic.zip,beacd383498d30ec51c29993548bce7e5a0509a910c8d41fd9f37f201a53febd,8528,3,23165,1,1
science/mirageos/phsolver.zip,40991b5eb4b14d8137e8e958b3fae80755384c9f1bdc4e7c4294363ba6eda7c6,416212,145,1995452,48,2
science/mirageos/physics.zip,c44a8fbfd309d3b5c37ce3101cefa94de2600ca27d5e9ce5ea8d67140f7ae341,14526,8,447164,0,1
science/mirageos/quantum.zip,65762b3d4325b19045420ed2e70becbd6b87d9669364df1313bd27d0191ddc31,19944,6,108216,2,2
science/mirageos/reflecti.zip,25e5555ea8147b56ea94515ea587c3bc853e6c3ea1de374d6b53e1bfce56ff51,15088,6,66506,2,1
science/mirageos/thermal.zip,ac34c783fe41c195c4dcb4c89a8cf9ef567d241d523eef2f29a3dc6da0a8ffa3,17038,6,82542,2,2
science/mirageos/vectors.zip,0f962b7ffbde74098b123ab83d26abc2d0771161cf8497c6d09ec68b4a1ce5f7,18410,6,95791,2,2
science/mirageos/velocity.zip,83cb700d87f5a0ccc86b4a0ffb24884042dd83c2a987242b080096b94a94d2a2,13850,6,57600,2,2
science/mirageos/waves.zip,346da700b1bed9ee061640073e46689ed9dfbb7cd29b1b75393e5f7ce23dde07,18749,6,95808,2,2
science/mirageos/work.zip,5b74c222b4b9ac3c4ea3864858839a2f06dc909af7529ab77d78cae87dcad73a,17718,6,90397,2,2
science/mset.zip,114431e87800e7b66a87450eaec05fa7cab4fb0c6c8c8794bfdef7c49b070ff9,6494,3,19871,1,1
science/physics.zip,ad462a661142a4fdf584520b80a529d9021bf7a520e3c9f9b6ac633d7c06aebb,957,1,1537,0,1
science/physics2.zip,e1c5589026a841987c177c54abfd88c61620a580877cb8b866692b3918159154,486,1,899,0,1
science/stopwatch.zip,232728ba0d3ce38f07fe78f249a7da412e79861195347c7eb93053128bf22f04,27006,10,66206,4,2
science/tse/relhum.zip,cc5bfaa14808d0dada9eb05b430c1a8230154d0001112b104664e29f1aa2fa7f,1770,3,8522,0,1
science/tse/reskit.zip,b226a4c6517c39d4c7f922b5b26d6ef272535bd1fc6497911843b8b6e80a43c5,2223,3,4313,1,1
science/zchem2.zip,9a744d89602ebbc58d65cdaa098ce6b4619079ce04b54cb52d4a09ffe7971e6e,8115,3,16202,1,1
shells/addons/interfaces/mirageos/mirbutn.zip,1be3f820d07254299743c91da3ad58e5729b1910a70379b62ef6705dd048e065,6378,3,20675,1,1
shells/addons/interfaces/mirageos/mircmdp.zip,555fa9f33c8a4be2565638befb09c6c730912ae103f8b680120553dc0ab52ce4,6593,3,19235,1,1
shells/addons/interfaces/mirageos/mirdesc.zip,6afd8c9117f1da08e6d78c2ba2fc45c47390cd9a0612a56f197591c1dd1d44b1,5195,3,14536,1,1
shells/addons/interfaces/mirageos/mirname.zip,44e22138530c0fa3ae461a92ae2e559b0c2fa8ac336c8049631e53b6b07af9ee,5358,3,17031,1,1
shells/addons/modules/doorscs/pwdse83p.zip,4227a754940e95a446ac05b900df70244d426e8a0e627ec2a57108729ba9acc1,2902,3,6736,1,1
shells/addons/modules/doorscs/tabfunctionsse.zip,18d62f18d0f1412151acd2acee4a770ba5dcd20408bda94d8950ba2019774138,1920,3,3147,1,1
shells/addons/modules/ion/clock.zip,2f9a737b84a0887349b2f3229675a4a3d7f47593034337e37720feee685074d4,532,3,240,0,1
shells/addons/modules/ion/ionbooster.zip,91616abeeed2dcb45ef53da372eaa0e25dc9265fe4766978acb70d6f1408e081,1318,3,1588,0,1
shells/addons/modules/ion/ionlock.zip,c1629a2c6355f6f4becae9401f506e299ea02953235373c1afdbc51091901b0c,1151,2,1509,0,1
shells/addons/modules/ion/lock.zip,e746a9854269bd8e8111889291d466d61533aa6551747b97db02a9d535ef1364,7571,6,23140,2,1
shells/addons/modules/ion/zmalert.zip,10dcf95c7ae030b6bcbb875a5cb0580bfeac5522f9faefd33fa4ee2fff90c9f5,2726,4,7280,1,1
shells/addons/modules/ion/zmalphad.zip,c2a35e4004e335f0ff461d72ffea64d9cde966cd5a5378cdc779419a7934f777,1218,3,1228,0,1
shells/addons/modules/ion/zmalphan.zip,e0d4dbafcc72e201dc5a66bd65b62b0946892c5fbda480e2535d11c4862c49c2,1130,3,1132,0,1
shells/addons/modules/ion/zmcheck.zip,f1a095102b67d2dcb7b434c9298eefd6213694aa1763065d34801da7dc2cfc28,2045,4,2896,1,1
shells/addons/modules/ion/zmcont.zip,3ee9c0e0de323819d572a80fbca25524a2da01d68e046e9f70bcdb1f0e56bb75,780,3,605,0,1
shells/addons/modules/ion/zmdel.zip,e9e2ae6273e1478ffccff7a4dd4e76d8121c4a708d6166e211683cbca4f82225,870,3,746,0,1
shells/addons/modules/ion/zmfolder.zip,e8af192bc945923ef2faa2bb3a47ae9e874334bff3b4f36d70ac9cf75fd5e597,1640,3,1833,0,1
shells/addons/modules/ion/zmhex.zip,a90d73966c166b3226be26a01bfd76838e67eed013042a13ecffc3cdaa2ded83,1381,3,1605,0,1
shells/addons/modules/ion/zmhide.zip,06a166140bc88070c5bb0e471264963df2d444c452b8b0f88db0f66241a16585,1009,3,906,0,1
shells/addons/modules/ion/zminver.zip,5f0ab138504a8b75d6d170180214c9f67e30650cb1e07fe1acd51761973d1422,1567,4,3074,1,1
shells/addons/modules/ion/zminvert.zip,dc2aead475352ebd409e4ee5204cee91fde1876af7ff9b95fc41b6e4ca8a43ea,5359,8,105564,1,1
shells/addons/modules/ion/zmlcase.zip,b68821fc7c384fdc15237f9c77a6126e8ff3618fab35c38d2574ea6b92c43b7e,1078,3,1051,0,1
shells/addons/modules/ion/zmlink.zip,a58f537f4c7bbb53cb9f3c2128caf0deae0b4cb9a92926f4367669f17cca1e6f,957,3,1101,1,1
shells/addons/modules/ion/zmmsg.zip,32605432d74c41f4ae1a45c8a345ebb41bb0cec6e7a9bd6756fb583366bd428c,1177,3,1268,0,1
shells/addons/modules/ion/zmorgan.zip,668ab9c1f769bf1b1f15ec6563c665ace0ac7528abd738cddad7611810ef4bb4,1190,3,1137,0,1
shells/addons/modules/ion/zmpw.zip,974cb0d90fda0342b66135e128254392b1eae828bcc72d16602d1e3740665fd1,2915,4,4922,1,1
shells/addons/modules/ion/zmren.zip,723e6114af04f19b141db74c2ff15d73ab9e246488d8a1e442eea8b453a1d892,1168,3,1032,0,1
shells/addons/modules/ion/zmrenfol.zip,8a9debee0147f50b781e31126bf96c6ec0c81d6564720b49cab1d00f911b1d2e,1230,3,1131,0,1
shells/axesh.zip,2eb066c8e4c11e41803817153ba4d3e1208c4ef0c153c5cb80161d43ab5a16c0,2761,2,6401,0,1
shells/freitazos.zip,7f712c7934df8f4d893790a03d290e01b8f120b10c8076020f35a0537dcf024f,25191,14,128986,0,1
shells/globalos.zip,37465105cdb35343f7fc91c8dfbb5a128102fa103f9ae34275e3842d6f643910,7018,10,105096,0,1
shells/ice.zip,1b5fb2a1c5f5614b2615c5c6b44a544e3ff8943609a294b92159c31e113313cc,3891,4,4643,0,1
shells/ion.zip,b5a5ba97f325f8779aa35cda23e38152087930298ff8b7b8573905710230e6e6,19719,10,51310,6,1
shells/izzard.zip,246b82915cfef655872626325f91bb8148461dbb2cc943580815b5def3ad6fcc,3978,2,6342,0,1
shells/old/ion10.zip,dc482256db5e0c03c1dc2bfa5e446187f34e0993425cfd870178a62ba860fff5,14796,11,29829,2,1
shells/old/ion11.zip,214b460e77648294e4abb4435602a2239290386b1d6a1b0e983f8a320241f1e1,16238,11,33822,2,1
shells/old/ion12.zip,71ffee805145cf9f0a2af52dd1d9a556295244d414a26e456b92d74e6daa621a,16491,11,34672,2,1
shells/old/ion13.zip,fd70695dab9d7e4c7d009bd727f0e15c489d2e47822e8b5c442994e0c48f00b2,11076,8,22674,2,1
shells/old/ion14.zip,543f08076be8d4f7c6377a9fb0ef6df5fd6f470e9ae7823cc7b392761772b533,10883,6,23042,2,1
shells/old/plasma.zip,1cc76db2fd2ca1900e1a8fdd018e1bbee7f6eacc3fc52f62da33ef47b72640ae,16175,11,39037,4,1
shells/old/tsekrnl.zip,d640729fcb4ebf2a166fe37f3ae59741a50a571578e5091863295bb08dba6a3b,27167,11,72836,3,1
shells/old/tsekrnl10.zip,ee2196e73d6e82ef5aa5fb0dced15d6980ce28cf8f57e54e71d96e091d132622,25881,10,72815,4,1
shells/old/tsekrnl11.zip,60a64dd5c9bb62ec092076d5569334df7f1fbaaa3e236040e053e3864d8be274,26047,10,73145,4,1
shells/old/tsekrnl12.zip,e712c9a60637201169be4588d118a70dd04bba5b505e62cfa279319e6402b1e4,26943,11,74491,4,1
shells/old/tsekrnl14.zip,e6f5793e854a60e9712acb1c719b255b7736d40a708585ca1c9a280f5503f318,27349,11,73334,3,1
shells/old/tsekrnl14a.zip,ff1d84c0c1d5f0a4d66bb93fae10f8d622994a04b6497bcc2029d4c15c95ec4f,27364,11,73366,3,1
shells/old/tsekrnl15.zip,f7f4d86e7d1b467d3d99b91d04f1968fbc88fed9e86fbb17a22cd192abf74554,27512,11,73661,3,1
shells/plasma14.zip,f32db2717a83ede45645ad2cf668ac96c54d05be2ceb83460197edfc860b3d22,21975,12,57516,5,1
shells/plasma141.zip,62965a41fe071902043ebcbbd1254f710d29729bf86a78f20b6f14d6974f5d5a,21681,13,57516,5,1
shells/pse.zip,699d6fded6319edd22475cd49721b1e31d4f78de7c808a31282ff0ba7c840144,9697,4,16367,0,1
shells/raosx.zip,b0fd94a26aea59138ed4a88864406ed99bcbfb32f1a8a90560b0a030679623b1,5293,5,9200,0,1
shells/tsekrnl.zip,8a221580302c87e4b996423c42737adc79a9946161505518e53b4ab1fd6953ea,27286,11,72920,3,1
shells/win2k3.zip,7aa740ebe03d8623ce7cb45454d6c05c9438241721adf0dc27e3f08abf0caba3,1424,2,1530,0,1
source/aifigsources.zip,79faba3ce2c34842f2ece0260bf182b7ea6ce2e7e728cd492ad8c17c4c5334cb,20842,8,82235,7,3
source/blobby.zip,c1f2f92f3f9ad09b5b9084d92341b67d4f8ffe4018bd132ad346d5539bf0109d,21228,4,103019,1,1
source/clockanddate.zip,b1cd88e71655bf3f5539a7ea24834ac6e0b500d71660616f6e4772dfb70b3b8b,2705,3,8887,1,1
source/contrast_souce.zip,fb17e05a94b4b48a050e50c7c47732453f379ba286d6225844b516b8da8701e8,1714,3,3576,1,1
source/csx_src.zip,7a9da1fc317b8cc3525e3ba822ea74941170d97a5a8875087375628446d7dd09,84156,79,226980,63,1
source/doorscs/source_ab5.zip,504d680a3feebdd5a581dcbc489037cf4d9212f53bbcce55593c5b52df9a3338,170767,61,687901,44,1
source/doorscs/source_centipde.zip,1aef4fc968f6a6f84bc2483ab65db52a474575224839848e70b7577fada5d472,53589,33,211841,32,1
source/drawingtobasic.zip,6cb8556f94e1c308ff288a9fe31e6f14f4f054b068b9507ceb31997e5504c6ca,1772,2,3001,0,1
source/include/antidisassemblagemacros.zip,94e9d02599ded6a8cc52da968257d6955059ab63f531ac6ff6be17e0e2c32529,2634,2,12748,0,1
source/include/calcmod_inc.zip,9c82a35cce9461fef93034c7527855409eca9735a35f584b2028a47aa616a0bc,1971,3,4593,2,1
source/include/dcsinc.zip,c27cbc7a39304cdf483bba3c4c2e186dd146fa12cca74b9c84d85ddd47e37741,2825,2,8350,1,1
source/include/directin.zip,bd775dc858d552ae2659a90cad1bcc0ca1991eef625d9debc9891d2bf8c21a8e,1016,1,3099,1,1
source/include/get_key.zip,4a865a6327b273d84f9fd8fb466c63b398e3add629505a0fcb816f9622878b5c,865,1,2352,1,1
source/include/musicmn.zip,a66acde039576d9df3e877aa20db17ffbb875edb754babd1290828abf61e9ae8,2840,3,7473,1,1
source/include/random.inc.zip,ea7a439888706c39fafa07d21737485c5f51392c33baca3a22d13a3aac012fd4,10563,8,29518,3,1
source/include/ti83pinc.zip,1e999a4782a17cbb16959201b946f3823c2e9980415e800ab258db48830a958c,28982,2,112578,1,1
source/include/ti83plus.zip,1c680d09f88513adcd5029d5627c84c013fd7f7121a97ea4c2603f15721dcab3,35615,2,107332,1,1
source/include/ti83plusinc.zip,f36f5480e24115857c4b7bf030332b18389d2a900b5370a8bf33b79ef97a59df,35888,4,133189,1,1
source/include/tokenhook.zip,93a4672fecc75b0cb3ab35a23116439a63eff72e461f33dea663171f0a2e44f0,8188,1,27140,1,1
source/ion/acidbase.zip,efddedf337ed12cc946a28f5301da0e329b32e27bbec31239f855e6d7d00c746,8579,3,38952,2,2
source/ion/aifigsources.zip,79faba3ce2c34842f2ece0260bf182b7ea6ce2e7e728cd492ad8c17c4c5334cb,20842,8,82235,7,3
source/ion/algebra.zip,ec363359f1d546b8035cb1ddcbbc7fd62730d569c32a9560a2584db5c46a7517,11105,2,66494,1,1
source/ion/avlnch.zip,f33e504a1fc94158ef1318e0bd1744dd8c71818924fb95109a2e044e383e4393,5087,2,16212,1,1
source/ion/ballsrc.zip,730fc94493ca766b922c5bc1bab10dbe9d63977f7da9d61533fc48c2e332ffd3,3360,6,6340,5,1
source/ion/centipde_src.zip,34c09cb5583f3ef97cac00a30a1841968324b5cf31b0c7acf371d96010fb7de6,75121,37,320838,36,2
source/ion/defender.zip,51468fc0ccb1d15f8be775ac5ee5c6140ecf875d244aeff9b536cbc9ac9ed643,590,1,1787,1,1
source/ion/iontutorial.zip,0ce6579913e1a1cd07cf984e4f73495bbefad0d0947d064f9bec4177e17e6d69,293426,46,1291353,21,1
source/ion/lnr2.zip,8736838f95efb26c54b0c0bbc661c5cfc2acb377dd51b28013c13dd39e7bd231,5033,2,18923,1,1
source/ion/lnrlnd.zip,f71c1ed863af5850b40fe89e747098955b0d943d0cd681bf17f73bf28ec0e467,4818,2,16142,1,1
source/ion/marimbasourcep.zip,a06475d4e29606337f644aba21d697c7be89e947de289e3c89945c2820319863,238,1,486,1,1
source/ion/source_ab4.zip,acf6c35acd7a9bf6456cfef3a1c25417ab57ff45ae5da04e326f0d8736bd60b7,49046,32,255563,31,1
source/ion/source_ab5.zip,323859a9a76cef2967618e2436c04ef57c07d07142d8b6bae0f6429885646493,140215,60,570351,43,1
source/ion/source_ab5teaser.zip,834a83bce8cba76866054dacee3f5b0f882d4bc8da3ed5a2c2f0c060d887eb95,4444,4,17527,3,1
source/ion/source_ab5teaser2.zip,40367b6ca0dd2101b5f8c0862817159d55e8fcffadda9f4f724d0c0b938b73e2,4915,4,22340,3,1
source/ion/source_centipde.zip,51b85532a1961a585e460f072d4af1a1ac70e89f3de991f26ba0056859f60ef3,25439,32,102020,31,1
source/ion/trigmtry.zip,455b9cfe63f918610695189e11eaab6498257cd8e77a518fcd2dd287402b8f2d,23075,6,144062,5,2
source/ion/txtview.zip,27b93dbd4acc6c19da2968154ccb70f8bafb4d8253058609baea6632f614b79c,10681,3,43923,2,1
source/jsprite.zip,6ef5b8bb5bbd601fd56b4f918ac65b68bbda5aecd1dc028bac8394a5b50539c1,5385,6,13226,2,1
source/linktest.zip,728c5a48fead9161a5920c60a82a135dd13513b29340480d1ff0b0b1270e3239,21007,5,53988,2,1
source/linktutorial83plus.zip,7a0917379bd1b46b45e802b44c9bdc129ac5db42f94c979fae01c29c6b5ca8fe,6318,4,17818,1,1
source/mimasmove.zip,21977618bb3cad0e843a9daa0dbf9e2bf81b674510a1359812388689bf4dc536,665,2,524,0,1
source/mirageos/acidbase.zip,efddedf337ed12cc946a28f5301da0e329b32e27bbec31239f855e6d7d00c746,8579,3,38952,2,2
source/mirageos/aifigsources.zip,79faba3ce2c34842f2ece0260bf182b7ea6ce2e7e728cd492ad8c17c4c5334cb,20842,8,82235,7,3
source/mirageos/centipde_src.zip,34c09cb5583f3ef97cac00a30a1841968324b5cf31b0c7acf371d96010fb7de6,75121,37,320838,36,2
source/mirageos/jviruss.zip,62f3d7c5286de8a7c40ade363f8355c9c49211299d1b77202edb0392ab5ded88,2995,2,2942,1,1
source/mirageos/lucifer.zip,55363a2182b777ed0dee5049ccb5d4352c45063d66ef91e35cdf359ce0213b75,2327,1,9995,1,1
source/mirageos/lunar1.zip,468c3f0adce0cbc7ebd5dd415114b7dc54ac210861b69ea73fd9e2ab82bcb76f,17151,2,17536,1,1
source/mirageos/lunar2.zip,f1fd4ed2351d5eeab396443255976bc79e2015a34cb7a9a256ad0e8b2a07a79e,19903,2,20329,1,1
source/mirageos/mirbutnsource.zip,7c40b541179225d2c35fc517f888eab0dcf8b46381bfec4c34f8faba74e8b1e1,5078,2,19080,1,1
source/mirageos/mirdescsource.zip,f7f9371f2404cc33507edc9b34d993d42507db6aa538bf3c5301861ee2f5c3cf,4295,2,13542,1,1
source/mirageos/mnamesrc.zip,1110151c3b8085c6adf11b0e8716c0732a1bf5cf9abacb371da9fb0857b46ba5,4320,2,15755,1,1
source/mirageos/password.zip,ac08f2a601587e89c0ef9a9bd9d2c4bbe6ed90188846c3e7f64d86995a63c21d,921,1,1844,1,1
source/mirageos/source_ab4.zip,ac7e6d1b150b4c04d4e830b9176a7ff7514542bcdd2653fe2a78282c1861e7ca,76071,33,361972,32,1
source/mirageos/source_ab5.zip,4463f2b626e6e8cdaabb0f3a7d48b993c2aef74d5cc65648d63356b7890c35da,169591,61,683671,44,1
source/mirageos/source_ab5teaser.zip,7fef38c6bc809f6abf2872f7eceb0f0f4f22a7821c7407eae67d545a8a538095,4449,4,17548,3,1
source/mirageos/source_ab5teaser2.zip,f57965cfe74ccfbfd8682cdd34c97ed913d6ce00e6c61b196fda6ec6d874be9a,4922,4,22361,3,1
source/mirageos/source_centipde.zip,e89fcf1db2fd5e4a95685685561c5ad2df6e96ca23d2a9dd7c5394164d65120d,52411,33,207610,32,1
source/mirageos/trigmtry.zip,455b9cfe63f918610695189e11eaab6498257cd8e77a518fcd2dd287402b8f2d,23075,6,144062,5,2
source/os/asmos.zip,f372aacb94f7793d65ff37720d7ce3e99b6b68d58743a1d611441cedac005884,1890239,20,2861176,9,1
source/routines/12x12p.zip,4076263d9605dca4a255f4e38ee855b2cf34c23b6c98cdc823e21a11c06fed5f,55109,24,156525,10,1
source/routines/_fastsqrt_.zip,7269419fed7be509ecb35fad7f75562e1452aa54da13871dff5b412df419e723,612,1,932,1,1
source/routines/_vputs_ml.zip,8f5f6a0be6e655382aca1b8d5517092407a69d5ff6fb37aa333670a8f568332f,1929,3,3800,2,1
source/routines/asmcodesnipets.zip,187983153b9b5dad9b53e8c2d3b595b3315e75ce95f1fdf1b3a8fa2b99ae8bb8,5370,3,14820,2,1
source/routines/bell.zip,d3606d936bfc14eb521d2419f7e0115ff38c5cc63c1687b6abbbfeb6decdd741,29545,11,64556,1,1
source/routines/binarysearch.zip,5331da8c73e9c13eea5d2ca773d5d627d0f22b6dca58f117eb291cff0b9c5d5f,3335,5,6416,4,1
source/routines/bintobcd.zip,6c3d88f89d972a332c07650b072e856504d8d8e924b98b9dfc602d52abc57075,2262,2,5067,2,1
source/routines/bitfunctions.zip,7061ebe31ddf5fc3b8c5438d4cc9a122e037b99f31a01261325614432a75e981,3273,5,6822,4,1
source/routines/boldfont.zip,0e2dad3f1487eb247eacf80f7c0982e9a3e121275ec461ab0020edb2176630d2,3826,5,4829,2,1
source/routines/cpstrupdate.zip,8650eeba7ce7230a57c1db67cf0dceae0ccae994ec294408fa1cf16069d7bd2b,462,1,780,1,1
source/routines/dline.zip,82310c9cd6ef5f65c9021894c9e172a561d63c1853c9a68fedd31ba42c133fe9,1300,1,5936,1,1
source/routines/doorscs/errors.zip,6581242922bdbeee31c897f91841863250559bc03ffb991bf47c11668d478826,2000,2,5998,2,1
source/routines/fancydonkeygfx.zip,15eb25dde0489f2104b0aa7209d675995019bedc0ac6ba94bb22305ca71e3805,7640,10,15214,7,1
source/routines/fastcirc_8x.zip,0b5d363210873f3081567da81a1770acce781f315bd4b26a1c408e33faad7546,3023,5,5858,2,1
source/routines/fltptlib.zip,0f8dae46b75109830f051ead50ca713e5ee1ed4d288f64f44342bcd45f58f05c,56319,8,195763,4,1
source/routines/font.zip,250a368ffc64e54ea8860af16c62e232504e25f59a0d30c0de7bb5623e664a51,7733,6,14038,2,1
source/routines/gbe.zip,91b210b46288adf7f04f0a463af5a3ebaafc0f91586fb3b9ba9efc2221da52df,1597,3,2592,1,1
source/routines/grayscale_routine.zip,a47a381715d5f1af196a4c83347b526c4ce42351745fbfde083f3b343a9a119a,37032,4,61987,1,1
source/routines/heapsort.zip,268f8f8b545697de88bdec93da14c1794c7545f86bd2ed8ae293b3e0f9bab449,4246,3,12520,1,1
source/routines/hexroutine.zip,cd0bb0d32ac83e6618092daf5dd18a8f30fb4eb8f84e270a1c3f753ce24ddd1f,4021,4,9284,1,1
source/routines/input.zip,d4c69f0c08dc26e5c971d331af63c1b0a3d153e4cb43610bb99af90b0b88915f,3632,3,7530,1,1
source/routines/inputxt.zip,dde7d14af573f526a5e87147cb231db0cd4a3e95457c4da2e2868e7c8b4382d0,11516,6,22361,2,1
source/routines/instring.zip,65fa73b6edae8a052b5161137bc6a263d18cdbb01de27d7755fc1a213b50629c,23814,8,61059,3,1
source/routines/isort.zip,c2159885730b56032bccc2d68e7e2943313919bc4338c3056a0eb2bb51f8df74,5249,5,10653,3,1
source/routines/jsprite.zip,b533422f74bee6a1c001264f5e83c07fe3e39d140f066d2196709037b0bc90d6,2222,4,5550,2,1
source/routines/keyin.zip,f99974178904b90362b80fdb01dfcd65c5aec5f77282e484976603da287e8c42,3310,5,6386,3,1
source/routines/linedraw.zip,c093c6db1656be779b155a720ba4c17e889c57810ad537fba2488c91c8df64fb,6760,6,19091,3,1
source/routines/movingball.zip,d9c722b42191b780f775d4affc6b9fbf9952c9c1965ab0e1549c0baadde5ec76,11763,10,30899,6,1
source/routines/nimput.zip,6e0a2d8cb3a36666fe2100a36a8f3454090c2c8c857621e3fe32056708d5baa4,1516,1,5752,1,1
source/routines/numinput.zip,f3a7574710d29c82b554a2030aa9a104fe551330124123c09404cd5f7efa0077,979,2,1505,1,1
source/routines/ps2.zip,0f8a13eba22ffbf55b8d7b8a94a29c51a370f842ed1130c03f42626c39a5d496,1218,2,3395,1,1
source/routines/pucrunch.zip,684a51bb50b07339a42b085f83de2cc29e40aed808672f3ff7bbe9509f70e31d,3273,2,10054,1,1
source/routines/runcounter.zip,9ec789d474b91d3e20b2c11d51e8b4b1f1ebb7b0b89150623e35d422c0d04dc2,34482,6,131116,1,2
source/routines/runcounter16.zip,736212242e2e9a97e90908ce42fa051b27dff52a84ef1141546d58cd4e5eaf08,41381,12,168555,2,2
source/routines/scale.zip,3c3f89d3b53bf713ad7f47df304951b0d47c4dc4853e35ddb4f4498204c976e8,7314,9,17368,8,1
source/routines/scalespr.zip,e52450dcc50334e4503348ec6c3b922ea09cab458a82cd210eab8c4eb0968608,12974,12,31087,5,1
source/routines/scrollingmenu.zip,009769254ceb4dc75c410b7b83a2210c976a7072ddfee4453e9f1efcdbf17c23,9178,7,22741,2,1
source/routines/shftgrnd.zip,b99ff58d7dab9bd6c94f0ffffb00f26332671101cfe4a097b734c855cffa4634,11953,7,29286,3,1
source/routines/shiftscreen.zip,77d49c69b997b9d8f9b98e418be7cb3d4471db6073c2ca2b5d864443114249b6,849,2,1134,1,1
source/routines/somesimpleandusefulroutin.zip,88452e5df6552673badbac8cafd061810d04c7bfdda291efc3fe0baaa9f802a1,1689,2,5562,1,1
source/routines/sortcode.zip,d45bf3ad4225edb22fe1133def7497b55154905e997329e682dc1ff83e7a311c,2800,3,6325,1,1
source/routines/soundinterruptbeta.zip,bc4fe1b548f6abff391f60878b6aabac7c543c2e27c3eb66f1518cfc35d941ac,1569,2,5465,1,1
source/routines/sprite2.zip,23ed4531c9aac585d630c261fb424bc15560eb09d8d9db2b8c95ecff0e31ed9a,6821,6,26187,2,1
source/routines/sprite8383p86.zip,63ddb9f305b522a209cbec0ddf9caf2e86e769c10b6839accdb41ff59ec00059,7520,6,28825,2,2
source/routines/spritedemo.zip,83b714d4a116f8cc516cb5924b00d839d874ff8eda668f478fdd354a38f4d160,5855,4,15815,3,1
source/routines/squarerootofa.zip,73b83e93ac2f24cbb984f7fdcb44695636cd2baf9af32e63ae383fd478520340,658,1,1643,1,1
source/routines/subatomicprint.zip,abb0e7d0fe553cbb2c9d87f02202c19bd0100ebc294e778b53b4593f17eaf7fb,891,1,1423,0,1
source/routines/tachyonlink.zip,8eee37a64be0aba46d5084c063edff7ef3ceef3a995d99a6a49510b30744655b,2341,4,4039,1,1
source/routines/tbdcsrp.zip,2a8031d14825cad843dbf7a45d2eda3bbfb2c25b3d5fd47e10c9098ca2dfbc61,1087,2,1653,1,1
source/routines/tbdsrp.zip,e69159f3d0a2eb85224d38f9304e5b00e8b102e450ee6d4b97b38d4c9f598f2f,4894,6,9884,5,1
source/routines/vrle.zip,5b45ea1cdfafbaee8106d724b5681dd68cfdb7629b0523791c6213f9e30e7e82,14319,10,32750,7,1
source/routines/whitef.zip,c4663eeafc8582e5053495299d762fa0c7d2f3d11d10fa68c1309eb8a3a60528,3946,5,5201,2,1
source/routines/willslinkingroutine.zip,50c1e291909f3fed0d80ef462bca9b521a4c9faa1e7156a9996c4f0a5d7cb79d,509,1,1638,1,1
source/routines/z80float.zip,000a49a5fd469c8722dc8d34f7eb87a3414e677b7b8640c3f584c7da17259d6b,155775,246,306464,215,1
source/routines/z80heapsort.zip,9a681c29b8c0dfeed20438dd48478b638dede79b3270560c7894c83ee823a127,3910,5,8462,3,1
source/routines/z80stringcompare.zip,4866744c0831525a7efa63354e77eb1160125411e30574ab0f1932ce771a7e6d,1495,3,2521,2,1
source/routines/zcomv1.00.zip,ecfb786b821b9655e6fb91f0c62c541e300415e84873e1e5699f2026211ebc67,3630,2,9519,0,1
source/tsesrc.zip,d16407c2125133b24a86ad8e88819b3ae0fcc826a55ded5cb4155c19e6239592,12170,7,35568,6,1
source/zsto.zip,743ec72154972d4f88ad31972d344fae97d418a07bf823717800cc8f055d8e2f,794,1,1318,0,1
