FORMAT	ti84-ghidra-coverage-v1
PROGRAM	ti84_page00.bin	z80:LE:16:default
PAGE	00	ram	ram	0000	3FFF	16384	11279	1778	3327
PAGE	01	page_01	page_01	4000	7FFF	16384	4494	593	11297
PAGE	02	page_02	page_02	4000	7FFF	16384	9525	59	6800
PAGE	03	page_03	page_03	4000	7FFF	16384	2246	226	13912
PAGE	04	page_04	page_04	4000	7FFF	16384	6801	165	9418
PAGE	05	page_05	page_05	4000	7FFF	16384	5594	24	10766
PAGE	06	page_06	page_06	4000	7FFF	16384	5921	81	10382
PAGE	07	page_07	page_07	4000	7FFF	16384	2845	747	12792
PAGE	08	page_08	page_08	4000	7FFF	16384	0	0	16384
PAGE	09	page_09	page_09	4000	7FFF	16384	0	0	16384
PAGE	0A	page_0A	page_0A	4000	7FFF	16384	0	0	16384
PAGE	0B	page_0B	page_0B	4000	7FFF	16384	0	0	16384
PAGE	0C	page_0C	page_0C	4000	7FFF	16384	0	0	16384
PAGE	0D	page_0D	page_0D	4000	7FFF	16384	0	0	16384
PAGE	0E	page_0E	page_0E	4000	7FFF	16384	0	0	16384
PAGE	0F	page_0F	page_0F	4000	7FFF	16384	0	0	16384
PAGE	10	page_10	page_10	4000	7FFF	16384	0	0	16384
PAGE	11	page_11	page_11	4000	7FFF	16384	0	0	16384
PAGE	12	page_12	page_12	4000	7FFF	16384	0	0	16384
PAGE	13	page_13	page_13	4000	7FFF	16384	0	0	16384
PAGE	14	page_14	page_14	4000	7FFF	16384	0	0	16384
PAGE	15	page_15	page_15	4000	7FFF	16384	0	0	16384
PAGE	16	page_16	page_16	4000	7FFF	16384	0	0	16384
PAGE	17	page_17	page_17	4000	7FFF	16384	0	0	16384
PAGE	18	page_18	page_18	4000	7FFF	16384	0	0	16384
PAGE	19	page_19	page_19	4000	7FFF	16384	0	0	16384
PAGE	1A	page_1A	page_1A	4000	7FFF	16384	0	0	16384
PAGE	1B	page_1B	page_1B	4000	7FFF	16384	0	0	16384
PAGE	1C	page_1C	page_1C	4000	7FFF	16384	0	0	16384
PAGE	1D	page_1D	page_1D	4000	7FFF	16384	1413	0	14971
PAGE	1E	page_1E	page_1E	4000	7FFF	16384	0	0	16384
PAGE	1F	page_1F	page_1F	4000	7FFF	16384	0	0	16384
PAGE	20	page_20	page_20	4000	7FFF	16384	0	0	16384
PAGE	21	page_21	page_21	4000	7FFF	16384	0	0	16384
PAGE	22	page_22	page_22	4000	7FFF	16384	0	0	16384
PAGE	23	page_23	page_23	4000	7FFF	16384	0	0	16384
PAGE	24	page_24	page_24	4000	7FFF	16384	0	0	16384
PAGE	25	page_25	page_25	4000	7FFF	16384	0	0	16384
PAGE	26	page_26	page_26	4000	7FFF	16384	0	0	16384
PAGE	27	page_27	page_27	4000	7FFF	16384	0	0	16384
PAGE	28	page_28	page_28	4000	7FFF	16384	0	0	16384
PAGE	29	page_29	page_29	4000	7FFF	16384	0	0	16384
PAGE	2A	page_2A	page_2A	4000	7FFF	16384	0	0	16384
PAGE	2B	page_2B	page_2B	4000	7FFF	16384	0	0	16384
PAGE	2C	page_2C	page_2C	4000	7FFF	16384	0	0	16384
PAGE	2D	page_2D	page_2D	4000	7FFF	16384	0	0	16384
PAGE	2E	page_2E	page_2E	4000	7FFF	16384	0	0	16384
PAGE	2F	page_2F	page_2F	4000	7FFF	16384	5341	32	11011
PAGE	30	page_30	page_30	4000	7FFF	16384	0	0	16384
PAGE	31	page_31	page_31	4000	7FFF	16384	0	0	16384
PAGE	32	page_32	page_32	4000	7FFF	16384	0	0	16384
PAGE	33	page_33	page_33	4000	7FFF	16384	5947	158	10279
PAGE	34	page_34	page_34	4000	7FFF	16384	688	6	15690
PAGE	35	page_35	page_35	4000	7FFF	16384	2072	296	14016
PAGE	36	page_36	page_36	4000	7FFF	16384	634	107	15643
PAGE	37	page_37	page_37	4000	7FFF	16384	5327	697	10360
PAGE	38	page_38	page_38	4000	7FFF	16384	7124	307	8953
PAGE	39	page_39	page_39	4000	7FFF	16384	7149	91	9144
PAGE	3A	page_3A	page_3A	4000	7FFF	16384	4197	587	11600
PAGE	3B	page_3B	page_3B	4000	7FFF	16384	6265	125	9994
PAGE	3C	page_3C	page_3C	4000	7FFF	16384	6855	36	9493
PAGE	3D	page_3D	page_3D	4000	7FFF	16384	6433	202	9749
PAGE	3E	page_3E	page_3E	4000	7FFF	16384	0	0	16384
PAGE	3F	page_3F	page_3F	4000	7FFF	16384	8983	296	7105
UNNAMED_FUNCTION	-	ram	815A	FUN_ram_815a	1	DEFAULT
UNNAMED_FUNCTION	00	ram	00FF	FUN_ram_00ff	10	DEFAULT
UNNAMED_FUNCTION	00	ram	010E	cross_page_jump	3	DEFAULT
UNNAMED_FUNCTION	00	ram	045B	FUN_ram_045b	37	DEFAULT
UNNAMED_FUNCTION	00	ram	04A5	FUN_ram_04a5	13	DEFAULT
UNNAMED_FUNCTION	00	ram	04E2	FUN_ram_04e2	13	DEFAULT
UNNAMED_FUNCTION	00	ram	08AA	FUN_ram_08aa	5	DEFAULT
UNNAMED_FUNCTION	00	ram	092B	FUN_ram_092b	15	DEFAULT
UNNAMED_FUNCTION	00	ram	0D57	FUN_ram_0d57	14	DEFAULT
UNNAMED_FUNCTION	00	ram	0DAC	FUN_ram_0dac	2	DEFAULT
UNNAMED_FUNCTION	00	ram	0DB7	FUN_ram_0db7	6	DEFAULT
UNNAMED_FUNCTION	00	ram	0E57	FUN_ram_0e57	3	DEFAULT
UNNAMED_FUNCTION	00	ram	175B	FUN_ram_175b	4	DEFAULT
UNNAMED_FUNCTION	00	ram	1760	FUN_ram_1760	19	DEFAULT
UNNAMED_FUNCTION	00	ram	1773	FUN_ram_1773	3	DEFAULT
UNNAMED_FUNCTION	00	ram	1776	FUN_ram_1776	1	DEFAULT
UNNAMED_FUNCTION	00	ram	1777	FUN_ram_1777	2	DEFAULT
UNNAMED_FUNCTION	00	ram	1779	FUN_ram_1779	10	DEFAULT
UNNAMED_FUNCTION	00	ram	1790	RST2	1	DEFAULT
UNNAMED_FUNCTION	00	ram	179B	RST2	1	DEFAULT
UNNAMED_FUNCTION	00	ram	179D	FUN_ram_179d	13	DEFAULT
UNNAMED_FUNCTION	00	ram	1948	FUN_ram_1948	3	DEFAULT
UNNAMED_FUNCTION	00	ram	194B	FUN_ram_194b	9	DEFAULT
UNNAMED_FUNCTION	00	ram	1A9C	FUN_ram_1a9c	2	DEFAULT
UNNAMED_FUNCTION	00	ram	1DC9	cross_page_jump	3	DEFAULT
UNNAMED_FUNCTION	00	ram	1DF3	_CkOP1Real	3	DEFAULT
UNNAMED_FUNCTION	00	ram	1F1E	FUN_ram_1f1e	5	DEFAULT
UNNAMED_FUNCTION	00	ram	1F23	FUN_ram_1f23	5	DEFAULT
UNNAMED_FUNCTION	00	ram	1F3F	FUN_ram_1f3f	2	DEFAULT
UNNAMED_FUNCTION	00	ram	1FB3	_ChkFindSym	3	DEFAULT
UNNAMED_FUNCTION	00	ram	2001	FUN_ram_2001	13	DEFAULT
UNNAMED_FUNCTION	00	ram	202F	FUN_ram_202f	12	DEFAULT
UNNAMED_FUNCTION	00	ram	2042	_CkOP1Real	3	DEFAULT
UNNAMED_FUNCTION	00	ram	204D	_CkOP1Real	3	DEFAULT
UNNAMED_FUNCTION	00	ram	2059	FUN_ram_2059	7	DEFAULT
UNNAMED_FUNCTION	00	ram	2068	FUN_ram_2068	15	DEFAULT
UNNAMED_FUNCTION	00	ram	210D	FUN_ram_210d	3	DEFAULT
UNNAMED_FUNCTION	00	ram	2110	FUN_ram_2110	2	DEFAULT
UNNAMED_FUNCTION	00	ram	2176	FUN_ram_2176	15	DEFAULT
UNNAMED_FUNCTION	00	ram	2185	FUN_ram_2185	13	DEFAULT
UNNAMED_FUNCTION	00	ram	2192	FUN_ram_2192	10	DEFAULT
UNNAMED_FUNCTION	00	ram	219C	FUN_ram_219c	11	DEFAULT
UNNAMED_FUNCTION	00	ram	21C1	_CkOP1Real	3	DEFAULT
UNNAMED_FUNCTION	00	ram	21CF	_CkOP1Real	3	DEFAULT
UNNAMED_FUNCTION	00	ram	21FB	FUN_ram_21fb	5	DEFAULT
UNNAMED_FUNCTION	00	ram	228F	FUN_ram_228f	5	DEFAULT
UNNAMED_FUNCTION	00	ram	2362	cross_page_jump	3	DEFAULT
UNNAMED_FUNCTION	00	ram	2655	FUN_ram_2655	10	DEFAULT
UNNAMED_FUNCTION	00	ram	2673	FUN_ram_2673	35	DEFAULT
UNNAMED_FUNCTION	00	ram	26E4	FUN_ram_26e4	4	DEFAULT
UNNAMED_FUNCTION	00	ram	2735	FUN_ram_2735	4	DEFAULT
UNNAMED_FUNCTION	00	ram	2739	FUN_ram_2739	4	DEFAULT
UNNAMED_FUNCTION	00	ram	2765	FUN_ram_2765	4	DEFAULT
UNNAMED_FUNCTION	00	ram	2769	FUN_ram_2769	4	DEFAULT
UNNAMED_FUNCTION	00	ram	276D	FUN_ram_276d	4	DEFAULT
UNNAMED_FUNCTION	00	ram	2781	FUN_ram_2781	4	DEFAULT
UNNAMED_FUNCTION	00	ram	2785	FUN_ram_2785	4	DEFAULT
UNNAMED_FUNCTION	00	ram	28FD	FUN_ram_28fd	6	DEFAULT
UNNAMED_FUNCTION	00	ram	294C	FUN_ram_294c	4	DEFAULT
UNNAMED_FUNCTION	00	ram	29A4	FUN_ram_29a4	9	DEFAULT
UNNAMED_FUNCTION	00	ram	2B89	cross_page_jump	3	DEFAULT
UNNAMED_FUNCTION	00	ram	2B8F	cross_page_jump	3	DEFAULT
UNNAMED_FUNCTION	00	ram	2B95	cross_page_jump	3	DEFAULT
UNNAMED_FUNCTION	00	ram	2B9B	cross_page_jump	3	DEFAULT
UNNAMED_FUNCTION	00	ram	2BA1	cross_page_jump	3	DEFAULT
UNNAMED_FUNCTION	00	ram	2BB9	cross_page_jump	3	DEFAULT
UNNAMED_FUNCTION	00	ram	2BBF	cross_page_jump	3	DEFAULT
UNNAMED_FUNCTION	00	ram	2BCB	cross_page_jump	3	DEFAULT
UNNAMED_FUNCTION	00	ram	2BD1	cross_page_jump	3	DEFAULT
UNNAMED_FUNCTION	00	ram	2BD7	cross_page_jump	3	DEFAULT
UNNAMED_FUNCTION	00	ram	2BE3	cross_page_jump	3	DEFAULT
UNNAMED_FUNCTION	00	ram	2BE9	cross_page_jump	3	DEFAULT
UNNAMED_FUNCTION	00	ram	2BEF	cross_page_jump	3	DEFAULT
UNNAMED_FUNCTION	00	ram	2BF5	cross_page_jump	3	DEFAULT
UNNAMED_FUNCTION	00	ram	2BFB	cross_page_jump	3	DEFAULT
UNNAMED_FUNCTION	00	ram	2C01	cross_page_jump	3	DEFAULT
UNNAMED_FUNCTION	00	ram	2C13	cross_page_jump	3	DEFAULT
UNNAMED_FUNCTION	00	ram	2C19	cross_page_jump	3	DEFAULT
UNNAMED_FUNCTION	00	ram	2C1F	cross_page_jump	3	DEFAULT
UNNAMED_FUNCTION	00	ram	2C25	cross_page_jump	3	DEFAULT
UNNAMED_FUNCTION	00	ram	2C2B	cross_page_jump	3	DEFAULT
UNNAMED_FUNCTION	00	ram	2C3D	cross_page_jump	3	DEFAULT
UNNAMED_FUNCTION	00	ram	2C4F	cross_page_jump	3	DEFAULT
UNNAMED_FUNCTION	00	ram	2C55	cross_page_jump	3	DEFAULT
UNNAMED_FUNCTION	00	ram	2C5B	cross_page_jump	3	DEFAULT
UNNAMED_FUNCTION	00	ram	2C73	cross_page_jump	3	DEFAULT
UNNAMED_FUNCTION	00	ram	2C79	cross_page_jump	3	DEFAULT
UNNAMED_FUNCTION	00	ram	2C7F	cross_page_jump	3	DEFAULT
UNNAMED_FUNCTION	00	ram	2C8B	cross_page_jump	3	DEFAULT
UNNAMED_FUNCTION	00	ram	2CA3	cross_page_jump	3	DEFAULT
UNNAMED_FUNCTION	00	ram	2CBB	cross_page_jump	3	DEFAULT
UNNAMED_FUNCTION	00	ram	2CC1	cross_page_jump	3	DEFAULT
UNNAMED_FUNCTION	00	ram	2CD9	cross_page_jump	3	DEFAULT
UNNAMED_FUNCTION	00	ram	2CDF	cross_page_jump	3	DEFAULT
UNNAMED_FUNCTION	00	ram	2CE5	cross_page_jump	3	DEFAULT
UNNAMED_FUNCTION	00	ram	2CEB	cross_page_jump	3	DEFAULT
UNNAMED_FUNCTION	00	ram	2CF1	cross_page_jump	3	DEFAULT
UNNAMED_FUNCTION	00	ram	2CF7	cross_page_jump	3	DEFAULT
UNNAMED_FUNCTION	00	ram	2CFD	cross_page_jump	3	DEFAULT
UNNAMED_FUNCTION	00	ram	2D09	cross_page_jump	3	DEFAULT
UNNAMED_FUNCTION	00	ram	2D0F	cross_page_jump	3	DEFAULT
UNNAMED_FUNCTION	00	ram	2D15	cross_page_jump	3	DEFAULT
UNNAMED_FUNCTION	00	ram	2D1B	cross_page_jump	3	DEFAULT
UNNAMED_FUNCTION	00	ram	2D21	cross_page_jump	3	DEFAULT
UNNAMED_FUNCTION	00	ram	2D27	cross_page_jump	3	DEFAULT
UNNAMED_FUNCTION	00	ram	2D2D	cross_page_jump	3	DEFAULT
UNNAMED_FUNCTION	00	ram	2D57	cross_page_jump	3	DEFAULT
UNNAMED_FUNCTION	00	ram	2D63	cross_page_jump	3	DEFAULT
UNNAMED_FUNCTION	00	ram	2D69	cross_page_jump	3	DEFAULT
UNNAMED_FUNCTION	00	ram	2D6F	cross_page_jump	3	DEFAULT
UNNAMED_FUNCTION	00	ram	2D75	cross_page_jump	3	DEFAULT
UNNAMED_FUNCTION	00	ram	2D8D	cross_page_jump	3	DEFAULT
UNNAMED_FUNCTION	00	ram	2DBD	cross_page_jump	3	DEFAULT
UNNAMED_FUNCTION	00	ram	2DC9	cross_page_jump	3	DEFAULT
UNNAMED_FUNCTION	00	ram	2DF3	cross_page_jump	3	DEFAULT
UNNAMED_FUNCTION	00	ram	2E0B	cross_page_jump	3	DEFAULT
UNNAMED_FUNCTION	00	ram	2E71	cross_page_jump	3	DEFAULT
UNNAMED_FUNCTION	00	ram	2E83	cross_page_jump	3	DEFAULT
UNNAMED_FUNCTION	00	ram	2E8F	cross_page_jump	3	DEFAULT
UNNAMED_FUNCTION	00	ram	2EA7	cross_page_jump	3	DEFAULT
UNNAMED_FUNCTION	00	ram	2EB9	cross_page_jump	3	DEFAULT
UNNAMED_FUNCTION	00	ram	2EBF	cross_page_jump	3	DEFAULT
UNNAMED_FUNCTION	00	ram	2EC5	cross_page_jump	3	DEFAULT
UNNAMED_FUNCTION	00	ram	2EE3	cross_page_jump	3	DEFAULT
UNNAMED_FUNCTION	00	ram	2F0D	cross_page_jump	3	DEFAULT
UNNAMED_FUNCTION	00	ram	2F13	cross_page_jump	3	DEFAULT
UNNAMED_FUNCTION	00	ram	2F1F	cross_page_jump	3	DEFAULT
UNNAMED_FUNCTION	00	ram	2F25	cross_page_jump	3	DEFAULT
UNNAMED_FUNCTION	00	ram	2F37	cross_page_jump	3	DEFAULT
UNNAMED_FUNCTION	00	ram	2F43	cross_page_jump	3	DEFAULT
UNNAMED_FUNCTION	00	ram	2F49	cross_page_jump	3	DEFAULT
UNNAMED_FUNCTION	00	ram	2F5B	cross_page_jump	3	DEFAULT
UNNAMED_FUNCTION	00	ram	2F61	cross_page_jump	3	DEFAULT
UNNAMED_FUNCTION	00	ram	2F67	cross_page_jump	3	DEFAULT
UNNAMED_FUNCTION	00	ram	2F6D	cross_page_jump	3	DEFAULT
UNNAMED_FUNCTION	00	ram	2F97	cross_page_jump	3	DEFAULT
UNNAMED_FUNCTION	00	ram	2FA3	cross_page_jump	3	DEFAULT
UNNAMED_FUNCTION	00	ram	2FB5	cross_page_jump	3	DEFAULT
UNNAMED_FUNCTION	00	ram	2FBB	cross_page_jump	3	DEFAULT
UNNAMED_FUNCTION	00	ram	2FC1	cross_page_jump	3	DEFAULT
UNNAMED_FUNCTION	00	ram	2FDF	cross_page_jump	3	DEFAULT
UNNAMED_FUNCTION	00	ram	2FE5	cross_page_jump	3	DEFAULT
UNNAMED_FUNCTION	00	ram	2FEB	cross_page_jump	3	DEFAULT
UNNAMED_FUNCTION	00	ram	2FF1	cross_page_jump	3	DEFAULT
UNNAMED_FUNCTION	00	ram	2FF7	cross_page_jump	3	DEFAULT
UNNAMED_FUNCTION	00	ram	2FFD	cross_page_jump	3	DEFAULT
UNNAMED_FUNCTION	00	ram	3003	cross_page_jump	3	DEFAULT
UNNAMED_FUNCTION	00	ram	3009	cross_page_jump	3	DEFAULT
UNNAMED_FUNCTION	00	ram	300F	cross_page_jump	3	DEFAULT
UNNAMED_FUNCTION	00	ram	3015	cross_page_jump	3	DEFAULT
UNNAMED_FUNCTION	00	ram	301B	cross_page_jump	3	DEFAULT
UNNAMED_FUNCTION	00	ram	3027	cross_page_jump	3	DEFAULT
UNNAMED_FUNCTION	00	ram	302D	cross_page_jump	3	DEFAULT
UNNAMED_FUNCTION	00	ram	3039	cross_page_jump	3	DEFAULT
UNNAMED_FUNCTION	00	ram	303F	cross_page_jump	3	DEFAULT
UNNAMED_FUNCTION	00	ram	304B	cross_page_jump	3	DEFAULT
UNNAMED_FUNCTION	00	ram	3051	cross_page_jump	3	DEFAULT
UNNAMED_FUNCTION	00	ram	3057	cross_page_jump	3	DEFAULT
UNNAMED_FUNCTION	00	ram	3063	cross_page_jump	3	DEFAULT
UNNAMED_FUNCTION	00	ram	3069	cross_page_jump	3	DEFAULT
UNNAMED_FUNCTION	00	ram	306F	cross_page_jump	3	DEFAULT
UNNAMED_FUNCTION	00	ram	3075	cross_page_jump	3	DEFAULT
UNNAMED_FUNCTION	00	ram	307B	cross_page_jump	3	DEFAULT
UNNAMED_FUNCTION	00	ram	308D	cross_page_jump	3	DEFAULT
UNNAMED_FUNCTION	00	ram	3093	cross_page_jump	3	DEFAULT
UNNAMED_FUNCTION	00	ram	3099	cross_page_jump	3	DEFAULT
UNNAMED_FUNCTION	00	ram	309F	cross_page_jump	3	DEFAULT
UNNAMED_FUNCTION	00	ram	30A5	cross_page_jump	3	DEFAULT
UNNAMED_FUNCTION	00	ram	30AB	cross_page_jump	3	DEFAULT
UNNAMED_FUNCTION	00	ram	30B1	cross_page_jump	3	DEFAULT
UNNAMED_FUNCTION	00	ram	30B7	cross_page_jump	3	DEFAULT
UNNAMED_FUNCTION	00	ram	30BD	cross_page_jump	3	DEFAULT
UNNAMED_FUNCTION	00	ram	30C3	cross_page_jump	3	DEFAULT
UNNAMED_FUNCTION	00	ram	30C9	cross_page_jump	3	DEFAULT
UNNAMED_FUNCTION	00	ram	30CF	cross_page_jump	3	DEFAULT
UNNAMED_FUNCTION	00	ram	30D5	cross_page_jump	3	DEFAULT
UNNAMED_FUNCTION	00	ram	30DB	cross_page_jump	3	DEFAULT
UNNAMED_FUNCTION	00	ram	30E1	cross_page_jump	3	DEFAULT
UNNAMED_FUNCTION	00	ram	30E7	cross_page_jump	3	DEFAULT
UNNAMED_FUNCTION	00	ram	30ED	cross_page_jump	3	DEFAULT
UNNAMED_FUNCTION	00	ram	30F9	cross_page_jump	3	DEFAULT
UNNAMED_FUNCTION	00	ram	3129	cross_page_jump	3	DEFAULT
UNNAMED_FUNCTION	00	ram	312F	cross_page_jump	3	DEFAULT
UNNAMED_FUNCTION	00	ram	3147	cross_page_jump	3	DEFAULT
UNNAMED_FUNCTION	00	ram	314D	cross_page_jump	3	DEFAULT
UNNAMED_FUNCTION	00	ram	3153	cross_page_jump	3	DEFAULT
UNNAMED_FUNCTION	00	ram	3159	cross_page_jump	3	DEFAULT
UNNAMED_FUNCTION	00	ram	315F	cross_page_jump	3	DEFAULT
UNNAMED_FUNCTION	00	ram	3165	cross_page_jump	3	DEFAULT
UNNAMED_FUNCTION	00	ram	316B	cross_page_jump	3	DEFAULT
UNNAMED_FUNCTION	00	ram	3171	cross_page_jump	3	DEFAULT
UNNAMED_FUNCTION	00	ram	3177	cross_page_jump	3	DEFAULT
UNNAMED_FUNCTION	00	ram	317D	cross_page_jump	3	DEFAULT
UNNAMED_FUNCTION	00	ram	3183	cross_page_jump	3	DEFAULT
UNNAMED_FUNCTION	00	ram	3189	cross_page_jump	3	DEFAULT
UNNAMED_FUNCTION	00	ram	318F	cross_page_jump	3	DEFAULT
UNNAMED_FUNCTION	00	ram	3195	cross_page_jump	3	DEFAULT
UNNAMED_FUNCTION	00	ram	319B	cross_page_jump	3	DEFAULT
UNNAMED_FUNCTION	00	ram	31DD	cross_page_jump	3	DEFAULT
UNNAMED_FUNCTION	00	ram	31E9	cross_page_jump	3	DEFAULT
UNNAMED_FUNCTION	00	ram	31EF	cross_page_jump	3	DEFAULT
UNNAMED_FUNCTION	00	ram	31FB	cross_page_jump	3	DEFAULT
UNNAMED_FUNCTION	00	ram	3219	cross_page_jump	3	DEFAULT
UNNAMED_FUNCTION	00	ram	321F	cross_page_jump	3	DEFAULT
UNNAMED_FUNCTION	00	ram	3225	cross_page_jump	3	DEFAULT
UNNAMED_FUNCTION	00	ram	322B	cross_page_jump	3	DEFAULT
UNNAMED_FUNCTION	00	ram	3231	cross_page_jump	3	DEFAULT
UNNAMED_FUNCTION	00	ram	323D	cross_page_jump	3	DEFAULT
UNNAMED_FUNCTION	00	ram	324F	cross_page_jump	3	DEFAULT
UNNAMED_FUNCTION	00	ram	3255	cross_page_jump	3	DEFAULT
UNNAMED_FUNCTION	00	ram	325B	cross_page_jump	3	DEFAULT
UNNAMED_FUNCTION	00	ram	3261	cross_page_jump	3	DEFAULT
UNNAMED_FUNCTION	00	ram	3267	cross_page_jump	3	DEFAULT
UNNAMED_FUNCTION	00	ram	326D	cross_page_jump	3	DEFAULT
UNNAMED_FUNCTION	00	ram	3273	cross_page_jump	3	DEFAULT
UNNAMED_FUNCTION	00	ram	327F	cross_page_jump	3	DEFAULT
UNNAMED_FUNCTION	00	ram	3285	cross_page_jump	3	DEFAULT
UNNAMED_FUNCTION	00	ram	3291	cross_page_jump	3	DEFAULT
UNNAMED_FUNCTION	00	ram	329D	cross_page_jump	3	DEFAULT
UNNAMED_FUNCTION	00	ram	32C1	cross_page_jump	3	DEFAULT
UNNAMED_FUNCTION	00	ram	32CD	cross_page_jump	3	DEFAULT
UNNAMED_FUNCTION	00	ram	32D3	cross_page_jump	3	DEFAULT
UNNAMED_FUNCTION	00	ram	32D9	cross_page_jump	3	DEFAULT
UNNAMED_FUNCTION	00	ram	32DF	cross_page_jump	3	DEFAULT
UNNAMED_FUNCTION	00	ram	32EB	cross_page_jump	3	DEFAULT
UNNAMED_FUNCTION	00	ram	32F1	cross_page_jump	3	DEFAULT
UNNAMED_FUNCTION	00	ram	32FD	cross_page_jump	3	DEFAULT
UNNAMED_FUNCTION	00	ram	3309	cross_page_jump	3	DEFAULT
UNNAMED_FUNCTION	00	ram	3315	cross_page_jump	3	DEFAULT
UNNAMED_FUNCTION	00	ram	331B	cross_page_jump	3	DEFAULT
UNNAMED_FUNCTION	00	ram	3321	cross_page_jump	3	DEFAULT
UNNAMED_FUNCTION	00	ram	332D	cross_page_jump	3	DEFAULT
UNNAMED_FUNCTION	00	ram	3333	cross_page_jump	3	DEFAULT
UNNAMED_FUNCTION	00	ram	3339	cross_page_jump	3	DEFAULT
UNNAMED_FUNCTION	00	ram	334B	cross_page_jump	3	DEFAULT
UNNAMED_FUNCTION	00	ram	3351	cross_page_jump	3	DEFAULT
UNNAMED_FUNCTION	00	ram	3369	cross_page_jump	3	DEFAULT
UNNAMED_FUNCTION	00	ram	336F	cross_page_jump	3	DEFAULT
UNNAMED_FUNCTION	00	ram	3375	cross_page_jump	3	DEFAULT
UNNAMED_FUNCTION	00	ram	337B	cross_page_jump	3	DEFAULT
UNNAMED_FUNCTION	00	ram	3381	cross_page_jump	3	DEFAULT
UNNAMED_FUNCTION	00	ram	3387	cross_page_jump	3	DEFAULT
UNNAMED_FUNCTION	00	ram	338D	cross_page_jump	3	DEFAULT
UNNAMED_FUNCTION	00	ram	3393	cross_page_jump	3	DEFAULT
UNNAMED_FUNCTION	00	ram	3399	cross_page_jump	3	DEFAULT
UNNAMED_FUNCTION	00	ram	339F	cross_page_jump	3	DEFAULT
UNNAMED_FUNCTION	00	ram	33A5	cross_page_jump	3	DEFAULT
UNNAMED_FUNCTION	00	ram	33AB	cross_page_jump	3	DEFAULT
UNNAMED_FUNCTION	00	ram	33B1	cross_page_jump	3	DEFAULT
UNNAMED_FUNCTION	00	ram	33B7	cross_page_jump	3	DEFAULT
UNNAMED_FUNCTION	00	ram	33C3	cross_page_jump	3	DEFAULT
UNNAMED_FUNCTION	00	ram	33C9	cross_page_jump	3	DEFAULT
UNNAMED_FUNCTION	00	ram	33CF	cross_page_jump	3	DEFAULT
UNNAMED_FUNCTION	00	ram	33ED	cross_page_jump	3	DEFAULT
UNNAMED_FUNCTION	00	ram	33F3	cross_page_jump	3	DEFAULT
UNNAMED_FUNCTION	00	ram	33F9	cross_page_jump	3	DEFAULT
UNNAMED_FUNCTION	00	ram	33FF	cross_page_jump	3	DEFAULT
UNNAMED_FUNCTION	00	ram	3405	cross_page_jump	3	DEFAULT
UNNAMED_FUNCTION	00	ram	340B	cross_page_jump	3	DEFAULT
UNNAMED_FUNCTION	00	ram	3411	cross_page_jump	3	DEFAULT
UNNAMED_FUNCTION	00	ram	3417	cross_page_jump	3	DEFAULT
UNNAMED_FUNCTION	00	ram	341D	cross_page_jump	3	DEFAULT
UNNAMED_FUNCTION	00	ram	3423	cross_page_jump	3	DEFAULT
UNNAMED_FUNCTION	00	ram	3429	cross_page_jump	3	DEFAULT
UNNAMED_FUNCTION	00	ram	342F	cross_page_jump	3	DEFAULT
UNNAMED_FUNCTION	00	ram	343B	cross_page_jump	3	DEFAULT
UNNAMED_FUNCTION	00	ram	3441	cross_page_jump	3	DEFAULT
UNNAMED_FUNCTION	00	ram	3447	cross_page_jump	3	DEFAULT
UNNAMED_FUNCTION	00	ram	344D	cross_page_jump	3	DEFAULT
UNNAMED_FUNCTION	00	ram	3453	cross_page_jump	3	DEFAULT
UNNAMED_FUNCTION	00	ram	3459	cross_page_jump	3	DEFAULT
UNNAMED_FUNCTION	00	ram	345F	cross_page_jump	3	DEFAULT
UNNAMED_FUNCTION	00	ram	3465	cross_page_jump	3	DEFAULT
UNNAMED_FUNCTION	00	ram	346B	cross_page_jump	3	DEFAULT
UNNAMED_FUNCTION	00	ram	3471	cross_page_jump	3	DEFAULT
UNNAMED_FUNCTION	00	ram	3477	cross_page_jump	3	DEFAULT
UNNAMED_FUNCTION	00	ram	347D	cross_page_jump	3	DEFAULT
UNNAMED_FUNCTION	00	ram	3483	cross_page_jump	3	DEFAULT
UNNAMED_FUNCTION	00	ram	3489	cross_page_jump	3	DEFAULT
UNNAMED_FUNCTION	00	ram	348F	cross_page_jump	3	DEFAULT
UNNAMED_FUNCTION	00	ram	3495	cross_page_jump	3	DEFAULT
UNNAMED_FUNCTION	00	ram	349B	cross_page_jump	3	DEFAULT
UNNAMED_FUNCTION	00	ram	34AD	cross_page_jump	3	DEFAULT
UNNAMED_FUNCTION	00	ram	34B9	cross_page_jump	3	DEFAULT
UNNAMED_FUNCTION	00	ram	34BF	cross_page_jump	3	DEFAULT
UNNAMED_FUNCTION	00	ram	34C5	cross_page_jump	3	DEFAULT
UNNAMED_FUNCTION	00	ram	34D7	cross_page_jump	3	DEFAULT
UNNAMED_FUNCTION	00	ram	34DD	cross_page_jump	3	DEFAULT
UNNAMED_FUNCTION	00	ram	34EF	cross_page_jump	3	DEFAULT
UNNAMED_FUNCTION	00	ram	34F5	cross_page_jump	3	DEFAULT
UNNAMED_FUNCTION	00	ram	34FB	cross_page_jump	3	DEFAULT
UNNAMED_FUNCTION	00	ram	3501	cross_page_jump	3	DEFAULT
UNNAMED_FUNCTION	00	ram	3507	cross_page_jump	3	DEFAULT
UNNAMED_FUNCTION	00	ram	350D	cross_page_jump	3	DEFAULT
UNNAMED_FUNCTION	00	ram	3513	cross_page_jump	3	DEFAULT
UNNAMED_FUNCTION	00	ram	3519	cross_page_jump	3	DEFAULT
UNNAMED_FUNCTION	00	ram	351F	cross_page_jump	3	DEFAULT
UNNAMED_FUNCTION	00	ram	3525	cross_page_jump	3	DEFAULT
UNNAMED_FUNCTION	00	ram	3531	cross_page_jump	3	DEFAULT
UNNAMED_FUNCTION	00	ram	353D	cross_page_jump	3	DEFAULT
UNNAMED_FUNCTION	00	ram	3549	cross_page_jump	3	DEFAULT
UNNAMED_FUNCTION	00	ram	3555	cross_page_jump	3	DEFAULT
UNNAMED_FUNCTION	00	ram	355B	cross_page_jump	3	DEFAULT
UNNAMED_FUNCTION	00	ram	3567	cross_page_jump	3	DEFAULT
UNNAMED_FUNCTION	00	ram	356D	cross_page_jump	3	DEFAULT
UNNAMED_FUNCTION	00	ram	357F	cross_page_jump	3	DEFAULT
UNNAMED_FUNCTION	00	ram	3585	cross_page_jump	3	DEFAULT
UNNAMED_FUNCTION	00	ram	358B	cross_page_jump	3	DEFAULT
UNNAMED_FUNCTION	00	ram	3591	cross_page_jump	3	DEFAULT
UNNAMED_FUNCTION	00	ram	3597	cross_page_jump	3	DEFAULT
UNNAMED_FUNCTION	00	ram	359D	cross_page_jump	3	DEFAULT
UNNAMED_FUNCTION	00	ram	35A3	cross_page_jump	3	DEFAULT
UNNAMED_FUNCTION	00	ram	35A9	cross_page_jump	3	DEFAULT
UNNAMED_FUNCTION	00	ram	35AF	cross_page_jump	3	DEFAULT
UNNAMED_FUNCTION	00	ram	35B5	cross_page_jump	3	DEFAULT
UNNAMED_FUNCTION	00	ram	35BB	cross_page_jump	3	DEFAULT
UNNAMED_FUNCTION	00	ram	35E2	FUN_ram_35e2	6	DEFAULT
UNNAMED_FUNCTION	00	ram	35F1	cross_page_jump	3	DEFAULT
UNNAMED_FUNCTION	00	ram	35F7	cross_page_jump	3	DEFAULT
UNNAMED_FUNCTION	00	ram	360F	cross_page_jump	3	DEFAULT
UNNAMED_FUNCTION	00	ram	3615	cross_page_jump	3	DEFAULT
UNNAMED_FUNCTION	00	ram	361B	cross_page_jump	3	DEFAULT
UNNAMED_FUNCTION	00	ram	3621	cross_page_jump	3	DEFAULT
UNNAMED_FUNCTION	00	ram	3627	cross_page_jump	3	DEFAULT
UNNAMED_FUNCTION	00	ram	3645	cross_page_jump	3	DEFAULT
UNNAMED_FUNCTION	00	ram	3651	cross_page_jump	3	DEFAULT
UNNAMED_FUNCTION	00	ram	365D	cross_page_jump	3	DEFAULT
UNNAMED_FUNCTION	00	ram	3669	cross_page_jump	3	DEFAULT
UNNAMED_FUNCTION	00	ram	366F	cross_page_jump	3	DEFAULT
UNNAMED_FUNCTION	00	ram	3675	cross_page_jump	3	DEFAULT
UNNAMED_FUNCTION	00	ram	367B	cross_page_jump	3	DEFAULT
UNNAMED_FUNCTION	00	ram	3681	cross_page_jump	3	DEFAULT
UNNAMED_FUNCTION	00	ram	3687	cross_page_jump	3	DEFAULT
UNNAMED_FUNCTION	00	ram	368D	cross_page_jump	3	DEFAULT
UNNAMED_FUNCTION	00	ram	3693	cross_page_jump	3	DEFAULT
UNNAMED_FUNCTION	00	ram	3699	cross_page_jump	3	DEFAULT
UNNAMED_FUNCTION	00	ram	369F	cross_page_jump	3	DEFAULT
UNNAMED_FUNCTION	00	ram	36A5	cross_page_jump	3	DEFAULT
UNNAMED_FUNCTION	00	ram	36AB	cross_page_jump	3	DEFAULT
UNNAMED_FUNCTION	00	ram	36B1	cross_page_jump	3	DEFAULT
UNNAMED_FUNCTION	00	ram	36B7	cross_page_jump	3	DEFAULT
UNNAMED_FUNCTION	00	ram	36BD	cross_page_jump	3	DEFAULT
UNNAMED_FUNCTION	00	ram	36D5	cross_page_jump	3	DEFAULT
UNNAMED_FUNCTION	00	ram	36E1	cross_page_jump	3	DEFAULT
UNNAMED_FUNCTION	00	ram	36E7	cross_page_jump	3	DEFAULT
UNNAMED_FUNCTION	00	ram	36ED	cross_page_jump	3	DEFAULT
UNNAMED_FUNCTION	00	ram	36F9	cross_page_jump	3	DEFAULT
UNNAMED_FUNCTION	00	ram	36FF	cross_page_jump	3	DEFAULT
UNNAMED_FUNCTION	00	ram	3711	cross_page_jump	3	DEFAULT
UNNAMED_FUNCTION	00	ram	3717	cross_page_jump	3	DEFAULT
UNNAMED_FUNCTION	00	ram	372F	cross_page_jump	3	DEFAULT
UNNAMED_FUNCTION	00	ram	3735	cross_page_jump	3	DEFAULT
UNNAMED_FUNCTION	00	ram	373B	cross_page_jump	3	DEFAULT
UNNAMED_FUNCTION	00	ram	3741	cross_page_jump	3	DEFAULT
UNNAMED_FUNCTION	00	ram	3747	cross_page_jump	3	DEFAULT
UNNAMED_FUNCTION	00	ram	374D	cross_page_jump	3	DEFAULT
UNNAMED_FUNCTION	00	ram	3783	cross_page_jump	3	DEFAULT
UNNAMED_FUNCTION	00	ram	379B	cross_page_jump	3	DEFAULT
UNNAMED_FUNCTION	00	ram	37A1	cross_page_jump	3	DEFAULT
UNNAMED_FUNCTION	00	ram	37B9	cross_page_jump	3	DEFAULT
UNNAMED_FUNCTION	00	ram	37BF	cross_page_jump	3	DEFAULT
UNNAMED_FUNCTION	00	ram	37F5	cross_page_jump	3	DEFAULT
UNNAMED_FUNCTION	00	ram	37FB	cross_page_jump	3	DEFAULT
UNNAMED_FUNCTION	00	ram	3801	cross_page_jump	3	DEFAULT
UNNAMED_FUNCTION	00	ram	3807	cross_page_jump	3	DEFAULT
UNNAMED_FUNCTION	00	ram	380D	cross_page_jump	3	DEFAULT
UNNAMED_FUNCTION	00	ram	3813	cross_page_jump	3	DEFAULT
UNNAMED_FUNCTION	00	ram	3819	cross_page_jump	3	DEFAULT
UNNAMED_FUNCTION	00	ram	3825	cross_page_jump	3	DEFAULT
UNNAMED_FUNCTION	00	ram	382B	cross_page_jump	3	DEFAULT
UNNAMED_FUNCTION	00	ram	3831	cross_page_jump	3	DEFAULT
UNNAMED_FUNCTION	00	ram	3837	cross_page_jump	3	DEFAULT
UNNAMED_FUNCTION	00	ram	383D	cross_page_jump	3	DEFAULT
UNNAMED_FUNCTION	00	ram	3843	cross_page_jump	3	DEFAULT
UNNAMED_FUNCTION	00	ram	3849	cross_page_jump	3	DEFAULT
UNNAMED_FUNCTION	00	ram	384F	cross_page_jump	3	DEFAULT
UNNAMED_FUNCTION	00	ram	3855	cross_page_jump	3	DEFAULT
UNNAMED_FUNCTION	00	ram	385B	cross_page_jump	3	DEFAULT
UNNAMED_FUNCTION	00	ram	3861	cross_page_jump	3	DEFAULT
UNNAMED_FUNCTION	00	ram	3867	cross_page_jump	3	DEFAULT
UNNAMED_FUNCTION	00	ram	386D	cross_page_jump	3	DEFAULT
UNNAMED_FUNCTION	00	ram	3873	cross_page_jump	3	DEFAULT
UNNAMED_FUNCTION	00	ram	387F	cross_page_jump	3	DEFAULT
UNNAMED_FUNCTION	00	ram	3885	cross_page_jump	3	DEFAULT
UNNAMED_FUNCTION	00	ram	388B	cross_page_jump	3	DEFAULT
UNNAMED_FUNCTION	00	ram	3891	cross_page_jump	3	DEFAULT
UNNAMED_FUNCTION	00	ram	3897	cross_page_jump	3	DEFAULT
UNNAMED_FUNCTION	00	ram	389D	cross_page_jump	3	DEFAULT
UNNAMED_FUNCTION	00	ram	38A9	cross_page_jump	3	DEFAULT
UNNAMED_FUNCTION	00	ram	38B5	cross_page_jump	3	DEFAULT
UNNAMED_FUNCTION	00	ram	38BB	cross_page_jump	3	DEFAULT
UNNAMED_FUNCTION	00	ram	38C1	cross_page_jump	3	DEFAULT
UNNAMED_FUNCTION	00	ram	38CD	cross_page_jump	3	DEFAULT
UNNAMED_FUNCTION	00	ram	38D3	cross_page_jump	3	DEFAULT
UNNAMED_FUNCTION	00	ram	38D9	cross_page_jump	3	DEFAULT
UNNAMED_FUNCTION	00	ram	38DF	cross_page_jump	3	DEFAULT
UNNAMED_FUNCTION	00	ram	38E5	cross_page_jump	3	DEFAULT
UNNAMED_FUNCTION	00	ram	38F1	cross_page_jump	3	DEFAULT
UNNAMED_FUNCTION	00	ram	38F7	cross_page_jump	3	DEFAULT
UNNAMED_FUNCTION	00	ram	38FD	cross_page_jump	3	DEFAULT
UNNAMED_FUNCTION	00	ram	3903	cross_page_jump	3	DEFAULT
UNNAMED_FUNCTION	00	ram	3909	cross_page_jump	3	DEFAULT
UNNAMED_FUNCTION	00	ram	390F	cross_page_jump	3	DEFAULT
UNNAMED_FUNCTION	00	ram	3915	cross_page_jump	3	DEFAULT
UNNAMED_FUNCTION	00	ram	391B	cross_page_jump	3	DEFAULT
UNNAMED_FUNCTION	00	ram	3921	cross_page_jump	3	DEFAULT
UNNAMED_FUNCTION	00	ram	3927	cross_page_jump	3	DEFAULT
UNNAMED_FUNCTION	00	ram	392D	cross_page_jump	3	DEFAULT
UNNAMED_FUNCTION	00	ram	3933	cross_page_jump	3	DEFAULT
UNNAMED_FUNCTION	00	ram	3939	cross_page_jump	3	DEFAULT
UNNAMED_FUNCTION	00	ram	39E1	cross_page_jump	3	DEFAULT
UNNAMED_FUNCTION	00	ram	39E7	cross_page_jump	3	DEFAULT
UNNAMED_FUNCTION	00	ram	39ED	cross_page_jump	3	DEFAULT
UNNAMED_FUNCTION	00	ram	39F3	cross_page_jump	3	DEFAULT
UNNAMED_FUNCTION	00	ram	39F9	cross_page_jump	3	DEFAULT
UNNAMED_FUNCTION	00	ram	39FF	cross_page_jump	3	DEFAULT
UNNAMED_FUNCTION	00	ram	3A05	cross_page_jump	3	DEFAULT
UNNAMED_FUNCTION	00	ram	3A17	cross_page_jump	3	DEFAULT
UNNAMED_FUNCTION	00	ram	3A1D	cross_page_jump	3	DEFAULT
UNNAMED_FUNCTION	00	ram	3A23	cross_page_jump	3	DEFAULT
UNNAMED_FUNCTION	00	ram	3A29	cross_page_jump	3	DEFAULT
UNNAMED_FUNCTION	00	ram	3A2F	cross_page_jump	3	DEFAULT
UNNAMED_FUNCTION	00	ram	3A35	cross_page_jump	3	DEFAULT
UNNAMED_FUNCTION	00	ram	3A41	cross_page_jump	3	DEFAULT
UNNAMED_FUNCTION	00	ram	3A47	cross_page_jump	3	DEFAULT
UNNAMED_FUNCTION	00	ram	3A4D	cross_page_jump	3	DEFAULT
UNNAMED_FUNCTION	00	ram	3A53	cross_page_jump	3	DEFAULT
UNNAMED_FUNCTION	00	ram	3A59	cross_page_jump	3	DEFAULT
UNNAMED_FUNCTION	00	ram	3A5F	cross_page_jump	3	DEFAULT
UNNAMED_FUNCTION	00	ram	3A65	cross_page_jump	3	DEFAULT
UNNAMED_FUNCTION	00	ram	3A6B	cross_page_jump	3	DEFAULT
UNNAMED_FUNCTION	00	ram	3A7D	cross_page_jump	3	DEFAULT
UNNAMED_FUNCTION	00	ram	3A89	cross_page_jump	3	DEFAULT
UNNAMED_FUNCTION	00	ram	3A95	cross_page_jump	3	DEFAULT
UNNAMED_FUNCTION	00	ram	3A9B	cross_page_jump	3	DEFAULT
UNNAMED_FUNCTION	00	ram	3AA1	cross_page_jump	3	DEFAULT
UNNAMED_FUNCTION	00	ram	3AA7	cross_page_jump	3	DEFAULT
UNNAMED_FUNCTION	00	ram	3ABF	cross_page_jump	3	DEFAULT
UNNAMED_FUNCTION	00	ram	3AC5	cross_page_jump	3	DEFAULT
UNNAMED_FUNCTION	00	ram	3ACB	cross_page_jump	3	DEFAULT
UNNAMED_FUNCTION	00	ram	3AD1	cross_page_jump	3	DEFAULT
UNNAMED_FUNCTION	00	ram	3AD7	cross_page_jump	3	DEFAULT
UNNAMED_FUNCTION	00	ram	3ADD	cross_page_jump	3	DEFAULT
UNNAMED_FUNCTION	00	ram	3AE3	cross_page_jump	3	DEFAULT
UNNAMED_FUNCTION	00	ram	3AE9	cross_page_jump	3	DEFAULT
UNNAMED_FUNCTION	00	ram	3AEF	cross_page_jump	3	DEFAULT
UNNAMED_FUNCTION	00	ram	3AF5	cross_page_jump	3	DEFAULT
UNNAMED_FUNCTION	00	ram	3AFB	cross_page_jump	3	DEFAULT
UNNAMED_FUNCTION	00	ram	3B01	cross_page_jump	3	DEFAULT
UNNAMED_FUNCTION	00	ram	3B07	cross_page_jump	3	DEFAULT
UNNAMED_FUNCTION	00	ram	3B0D	cross_page_jump	3	DEFAULT
UNNAMED_FUNCTION	00	ram	3B13	cross_page_jump	3	DEFAULT
UNNAMED_FUNCTION	00	ram	3B19	cross_page_jump	3	DEFAULT
UNNAMED_FUNCTION	00	ram	3B1F	cross_page_jump	3	DEFAULT
UNNAMED_FUNCTION	00	ram	3B2B	cross_page_jump	3	DEFAULT
UNNAMED_FUNCTION	00	ram	3B31	cross_page_jump	3	DEFAULT
UNNAMED_FUNCTION	00	ram	3B37	cross_page_jump	3	DEFAULT
UNNAMED_FUNCTION	00	ram	3B3D	cross_page_jump	3	DEFAULT
UNNAMED_FUNCTION	00	ram	3B43	cross_page_jump	3	DEFAULT
UNNAMED_FUNCTION	00	ram	3B49	cross_page_jump	3	DEFAULT
UNNAMED_FUNCTION	00	ram	3B4F	cross_page_jump	3	DEFAULT
UNNAMED_FUNCTION	00	ram	3B55	cross_page_jump	3	DEFAULT
UNNAMED_FUNCTION	00	ram	3B5B	cross_page_jump	3	DEFAULT
UNNAMED_FUNCTION	00	ram	3B61	cross_page_jump	3	DEFAULT
UNNAMED_FUNCTION	00	ram	3B67	cross_page_jump	3	DEFAULT
UNNAMED_FUNCTION	00	ram	3B6D	cross_page_jump	3	DEFAULT
UNNAMED_FUNCTION	00	ram	3B73	cross_page_jump	3	DEFAULT
UNNAMED_FUNCTION	00	ram	3B79	cross_page_jump	3	DEFAULT
UNNAMED_FUNCTION	00	ram	3B7F	cross_page_jump	3	DEFAULT
UNNAMED_FUNCTION	00	ram	3B85	cross_page_jump	3	DEFAULT
UNNAMED_FUNCTION	00	ram	3B8B	cross_page_jump	3	DEFAULT
UNNAMED_FUNCTION	00	ram	3B91	cross_page_jump	3	DEFAULT
UNNAMED_FUNCTION	00	ram	3B97	cross_page_jump	3	DEFAULT
UNNAMED_FUNCTION	00	ram	3B9D	cross_page_jump	3	DEFAULT
UNNAMED_FUNCTION	00	ram	3BA3	cross_page_jump	3	DEFAULT
UNNAMED_FUNCTION	00	ram	3BA9	cross_page_jump	3	DEFAULT
UNNAMED_FUNCTION	00	ram	3BAF	cross_page_jump	3	DEFAULT
UNNAMED_FUNCTION	00	ram	3BB5	cross_page_jump	3	DEFAULT
UNNAMED_FUNCTION	00	ram	3BBB	cross_page_jump	3	DEFAULT
UNNAMED_FUNCTION	00	ram	3BC1	cross_page_jump	3	DEFAULT
UNNAMED_FUNCTION	00	ram	3BC7	cross_page_jump	3	DEFAULT
UNNAMED_FUNCTION	00	ram	3BCD	cross_page_jump	3	DEFAULT
UNNAMED_FUNCTION	00	ram	3BEB	cross_page_jump	3	DEFAULT
UNNAMED_FUNCTION	00	ram	3BF1	cross_page_jump	3	DEFAULT
UNNAMED_FUNCTION	00	ram	3BF7	cross_page_jump	3	DEFAULT
UNNAMED_FUNCTION	00	ram	3C03	cross_page_jump	3	DEFAULT
UNNAMED_FUNCTION	00	ram	3C09	cross_page_jump	3	DEFAULT
UNNAMED_FUNCTION	00	ram	3C0F	cross_page_jump	3	DEFAULT
UNNAMED_FUNCTION	00	ram	3C1B	cross_page_jump	3	DEFAULT
UNNAMED_FUNCTION	00	ram	3C21	cross_page_jump	3	DEFAULT
UNNAMED_FUNCTION	00	ram	3C27	cross_page_jump	3	DEFAULT
UNNAMED_FUNCTION	00	ram	3C2D	cross_page_jump	3	DEFAULT
UNNAMED_FUNCTION	00	ram	3C39	cross_page_jump	3	DEFAULT
UNNAMED_FUNCTION	00	ram	3C45	cross_page_jump	3	DEFAULT
UNNAMED_FUNCTION	00	ram	3C4B	cross_page_jump	3	DEFAULT
UNNAMED_FUNCTION	00	ram	3C51	cross_page_jump	3	DEFAULT
UNNAMED_FUNCTION	00	ram	3C57	cross_page_jump	3	DEFAULT
UNNAMED_FUNCTION	00	ram	3C5D	cross_page_jump	3	DEFAULT
UNNAMED_FUNCTION	00	ram	3C63	cross_page_jump	3	DEFAULT
UNNAMED_FUNCTION	00	ram	3C69	cross_page_jump	3	DEFAULT
UNNAMED_FUNCTION	00	ram	3C6F	cross_page_jump	3	DEFAULT
UNNAMED_FUNCTION	00	ram	3C7B	cross_page_jump	3	DEFAULT
UNNAMED_FUNCTION	00	ram	3C81	cross_page_jump	3	DEFAULT
UNNAMED_FUNCTION	00	ram	3C8D	cross_page_jump	3	DEFAULT
UNNAMED_FUNCTION	00	ram	3C93	cross_page_jump	3	DEFAULT
UNNAMED_FUNCTION	00	ram	3C99	cross_page_jump	3	DEFAULT
UNNAMED_FUNCTION	00	ram	3C9F	cross_page_jump	3	DEFAULT
UNNAMED_FUNCTION	00	ram	3CA5	cross_page_jump	3	DEFAULT
UNNAMED_FUNCTION	00	ram	3CAB	cross_page_jump	3	DEFAULT
UNNAMED_FUNCTION	00	ram	3CB1	cross_page_jump	3	DEFAULT
UNNAMED_FUNCTION	00	ram	3CB7	cross_page_jump	3	DEFAULT
UNNAMED_FUNCTION	00	ram	3CBD	cross_page_jump	3	DEFAULT
UNNAMED_FUNCTION	00	ram	3CC3	cross_page_jump	3	DEFAULT
UNNAMED_FUNCTION	00	ram	3CC9	cross_page_jump	3	DEFAULT
UNNAMED_FUNCTION	00	ram	3CCF	cross_page_jump	3	DEFAULT
UNNAMED_FUNCTION	00	ram	3CD5	cross_page_jump	3	DEFAULT
UNNAMED_FUNCTION	00	ram	3CDB	cross_page_jump	3	DEFAULT
UNNAMED_FUNCTION	00	ram	3CE1	cross_page_jump	3	DEFAULT
UNNAMED_FUNCTION	00	ram	3CE7	cross_page_jump	3	DEFAULT
UNNAMED_FUNCTION	00	ram	3CED	cross_page_jump	3	DEFAULT
UNNAMED_FUNCTION	00	ram	3CF9	cross_page_jump	3	DEFAULT
UNNAMED_FUNCTION	00	ram	3CFF	cross_page_jump	3	DEFAULT
UNNAMED_FUNCTION	00	ram	3D0B	set_page_from_entry	3	DEFAULT
UNNAMED_FUNCTION	00	ram	3D11	cross_page_jump	3	DEFAULT
UNNAMED_FUNCTION	00	ram	3D1D	set_page_from_entry	3	DEFAULT
UNNAMED_FUNCTION	00	ram	3D23	cross_page_jump	3	DEFAULT
UNNAMED_FUNCTION	00	ram	3D29	cross_page_jump	3	DEFAULT
UNNAMED_FUNCTION	00	ram	3D2F	cross_page_jump	3	DEFAULT
UNNAMED_FUNCTION	00	ram	3D47	cross_page_jump	3	DEFAULT
UNNAMED_FUNCTION	00	ram	3D4D	cross_page_jump	3	DEFAULT
UNNAMED_FUNCTION	00	ram	3D53	cross_page_jump	3	DEFAULT
UNNAMED_FUNCTION	00	ram	3D59	cross_page_jump	3	DEFAULT
UNNAMED_FUNCTION	00	ram	3D65	cross_page_jump	3	DEFAULT
UNNAMED_FUNCTION	00	ram	3D6B	cross_page_jump	3	DEFAULT
UNNAMED_FUNCTION	00	ram	3D71	cross_page_jump	3	DEFAULT
UNNAMED_FUNCTION	00	ram	3D77	cross_page_jump	3	DEFAULT
UNNAMED_FUNCTION	00	ram	3D7D	cross_page_jump	3	DEFAULT
UNNAMED_FUNCTION	00	ram	3D83	cross_page_jump	3	DEFAULT
UNNAMED_FUNCTION	00	ram	3D89	cross_page_jump	3	DEFAULT
UNNAMED_FUNCTION	00	ram	3D8F	cross_page_jump	3	DEFAULT
UNNAMED_FUNCTION	00	ram	3D95	cross_page_jump	3	DEFAULT
UNNAMED_FUNCTION	00	ram	3D9B	cross_page_jump	3	DEFAULT
UNNAMED_FUNCTION	00	ram	3DB9	cross_page_jump	3	DEFAULT
UNNAMED_FUNCTION	00	ram	3DBF	set_page_from_entry	3	DEFAULT
UNNAMED_FUNCTION	00	ram	3DC5	cross_page_jump	3	DEFAULT
UNNAMED_FUNCTION	00	ram	3DCB	cross_page_jump	3	DEFAULT
UNNAMED_FUNCTION	00	ram	3DD1	cross_page_jump	3	DEFAULT
UNNAMED_FUNCTION	00	ram	3DD7	cross_page_jump	3	DEFAULT
UNNAMED_FUNCTION	00	ram	3DDD	cross_page_jump	3	DEFAULT
UNNAMED_FUNCTION	00	ram	3DE3	cross_page_jump	3	DEFAULT
UNNAMED_FUNCTION	00	ram	3DE9	cross_page_jump	3	DEFAULT
UNNAMED_FUNCTION	00	ram	3DF5	cross_page_jump	3	DEFAULT
UNNAMED_FUNCTION	00	ram	3DFB	cross_page_jump	3	DEFAULT
UNNAMED_FUNCTION	00	ram	3E01	cross_page_jump	3	DEFAULT
UNNAMED_FUNCTION	00	ram	3E07	cross_page_jump	3	DEFAULT
UNNAMED_FUNCTION	00	ram	3E0D	cross_page_jump	3	DEFAULT
UNNAMED_FUNCTION	00	ram	3E13	cross_page_jump	3	DEFAULT
UNNAMED_FUNCTION	00	ram	3E1F	cross_page_jump	3	DEFAULT
UNNAMED_FUNCTION	00	ram	3E25	cross_page_jump	3	DEFAULT
UNNAMED_FUNCTION	00	ram	3E2B	cross_page_jump	3	DEFAULT
UNNAMED_FUNCTION	00	ram	3E31	cross_page_jump	3	DEFAULT
UNNAMED_FUNCTION	00	ram	3E37	cross_page_jump	3	DEFAULT
UNNAMED_FUNCTION	00	ram	3E3D	cross_page_jump	3	DEFAULT
UNNAMED_FUNCTION	00	ram	3E49	cross_page_jump	3	DEFAULT
UNNAMED_FUNCTION	00	ram	3E55	cross_page_jump	3	DEFAULT
UNNAMED_FUNCTION	00	ram	3E5B	cross_page_jump	3	DEFAULT
UNNAMED_FUNCTION	00	ram	3E61	cross_page_jump	3	DEFAULT
UNNAMED_FUNCTION	00	ram	3E67	cross_page_jump	3	DEFAULT
UNNAMED_FUNCTION	00	ram	3E6D	cross_page_jump	3	DEFAULT
UNNAMED_FUNCTION	00	ram	3E73	cross_page_jump	3	DEFAULT
UNNAMED_FUNCTION	00	ram	3E79	cross_page_jump	3	DEFAULT
UNNAMED_FUNCTION	00	ram	3E7F	cross_page_jump	3	DEFAULT
UNNAMED_FUNCTION	00	ram	3E85	cross_page_jump	3	DEFAULT
UNNAMED_FUNCTION	00	ram	3E8B	cross_page_jump	3	DEFAULT
UNNAMED_FUNCTION	00	ram	3E97	cross_page_jump	3	DEFAULT
UNNAMED_FUNCTION	00	ram	3E9D	cross_page_jump	3	DEFAULT
UNNAMED_FUNCTION	00	ram	3EA3	cross_page_jump	3	DEFAULT
UNNAMED_FUNCTION	00	ram	3EB5	cross_page_jump	3	DEFAULT
UNNAMED_FUNCTION	00	ram	3EBB	cross_page_jump	3	DEFAULT
UNNAMED_FUNCTION	00	ram	3EC1	cross_page_jump	3	DEFAULT
UNNAMED_FUNCTION	00	ram	3EC7	cross_page_jump	3	DEFAULT
UNNAMED_FUNCTION	00	ram	3ECD	cross_page_jump	3	DEFAULT
UNNAMED_FUNCTION	00	ram	3ED9	cross_page_jump	3	DEFAULT
UNNAMED_FUNCTION	00	ram	3EDF	cross_page_jump	3	DEFAULT
UNNAMED_FUNCTION	00	ram	3EEB	cross_page_jump	3	DEFAULT
UNNAMED_FUNCTION	00	ram	3EF1	cross_page_jump	3	DEFAULT
UNNAMED_FUNCTION	00	ram	3EF7	cross_page_jump	3	DEFAULT
UNNAMED_FUNCTION	00	ram	3EFD	cross_page_jump	3	DEFAULT
UNNAMED_FUNCTION	00	ram	3F03	cross_page_jump	3	DEFAULT
UNNAMED_FUNCTION	00	ram	3F09	cross_page_jump	3	DEFAULT
UNNAMED_FUNCTION	00	ram	3F15	cross_page_jump	3	DEFAULT
UNNAMED_FUNCTION	00	ram	3F1B	cross_page_jump	3	DEFAULT
UNNAMED_FUNCTION	00	ram	3F21	cross_page_jump	3	DEFAULT
UNNAMED_FUNCTION	00	ram	3F27	cross_page_jump	3	DEFAULT
UNNAMED_FUNCTION	00	ram	3F2D	cross_page_jump	3	DEFAULT
UNNAMED_FUNCTION	00	ram	3F33	cross_page_jump	3	DEFAULT
UNNAMED_FUNCTION	00	ram	3F39	cross_page_jump	3	DEFAULT
UNNAMED_FUNCTION	00	ram	3F3F	cross_page_jump	3	DEFAULT
UNNAMED_FUNCTION	00	ram	3F45	cross_page_jump	3	DEFAULT
UNNAMED_FUNCTION	00	ram	3F4B	cross_page_jump	3	DEFAULT
UNNAMED_FUNCTION	00	ram	3F51	cross_page_jump	3	DEFAULT
UNNAMED_FUNCTION	00	ram	3F57	cross_page_jump	3	DEFAULT
UNNAMED_FUNCTION	00	ram	3F5D	cross_page_jump	3	DEFAULT
UNNAMED_FUNCTION	00	ram	3F63	cross_page_jump	3	DEFAULT
UNNAMED_FUNCTION	00	ram	3F69	cross_page_jump	3	DEFAULT
UNNAMED_FUNCTION	00	ram	3F75	cross_page_jump	3	DEFAULT
UNNAMED_FUNCTION	00	ram	3F7B	cross_page_jump	3	DEFAULT
UNNAMED_FUNCTION	00	ram	3F8D	cross_page_jump	3	DEFAULT
UNNAMED_FUNCTION	00	ram	3F93	cross_page_jump	3	DEFAULT
UNNAMED_FUNCTION	00	ram	3F99	cross_page_jump	3	DEFAULT
UNNAMED_FUNCTION	00	ram	3F9F	cross_page_jump	3	DEFAULT
UNNAMED_FUNCTION	00	ram	3FA5	cross_page_jump	3	DEFAULT
UNNAMED_FUNCTION	00	ram	3FAB	cross_page_jump	3	DEFAULT
UNNAMED_FUNCTION	00	ram	3FB1	cross_page_jump	3	DEFAULT
UNNAMED_FUNCTION	00	ram	3FB7	cross_page_jump	3	DEFAULT
UNNAMED_FUNCTION	00	ram	3FBD	cross_page_jump	3	DEFAULT
UNNAMED_FUNCTION	00	ram	3FC3	cross_page_jump	3	DEFAULT
UNNAMED_FUNCTION	00	ram	3FC9	cross_page_jump	3	DEFAULT
UNNAMED_FUNCTION	00	ram	3FCF	cross_page_jump	3	DEFAULT
UNNAMED_FUNCTION	00	ram	3FD5	cross_page_jump	3	DEFAULT
UNNAMED_FUNCTION	00	ram	3FDB	cross_page_jump	3	DEFAULT
UNNAMED_FUNCTION	00	ram	3FE1	cross_page_jump	3	DEFAULT
UNNAMED_FUNCTION	01	page_01	5EB7	FUN_page_01__5eb7	3	DEFAULT
UNNAMED_FUNCTION	01	page_01	5FBF	FUN_page_01__5fbf	36	DEFAULT
UNNAMED_FUNCTION	01	page_01	6052	FUN_page_01__6052	36	DEFAULT
UNNAMED_FUNCTION	01	page_01	67DB	FUN_page_01__67db	125	DEFAULT
UNNAMED_FUNCTION	01	page_01	6CC1	FUN_page_01__6cc1	20	DEFAULT
UNNAMED_FUNCTION	01	page_01	7852	FUN_page_01__7852	33	DEFAULT
UNNAMED_FUNCTION	01	page_01	78A9	FUN_page_01__78a9	212	DEFAULT
UNNAMED_FUNCTION	01	page_01	7991	FUN_page_01__7991	6	DEFAULT
UNNAMED_FUNCTION	01	page_01	79FD	FUN_page_01__79fd	56	DEFAULT
UNNAMED_FUNCTION	01	page_01	7A43	FUN_page_01__7a43	7	DEFAULT
UNNAMED_FUNCTION	01	page_01	7A4A	FUN_page_01__7a4a	53	DEFAULT
UNNAMED_FUNCTION	01	page_01	7AA8	FUN_page_01__7aa8	47	DEFAULT
UNNAMED_FUNCTION	01	page_01	7AD7	FUN_page_01__7ad7	28	DEFAULT
UNNAMED_FUNCTION	01	page_01	7B06	FUN_page_01__7b06	58	DEFAULT
UNNAMED_FUNCTION	01	page_01	7B40	FUN_page_01__7b40	45	DEFAULT
UNNAMED_FUNCTION	01	page_01	7B83	FUN_page_01__7b83	41	DEFAULT
UNNAMED_FUNCTION	01	page_01	7BAE	FUN_page_01__7bae	13	DEFAULT
UNNAMED_FUNCTION	01	page_01	7BBB	FUN_page_01__7bbb	11	DEFAULT
UNNAMED_FUNCTION	01	page_01	7BC6	FUN_page_01__7bc6	11	DEFAULT
UNNAMED_FUNCTION	02	page_02	404D	FUN_page_02__404d	4	DEFAULT
UNNAMED_FUNCTION	02	page_02	479B	FUN_page_02__479b	4	DEFAULT
UNNAMED_FUNCTION	02	page_02	47BD	FUN_page_02__47bd	4	DEFAULT
UNNAMED_FUNCTION	02	page_02	4846	FUN_page_02__4846	13	DEFAULT
UNNAMED_FUNCTION	02	page_02	4B6E	_ErrDomain	3	DEFAULT
UNNAMED_FUNCTION	02	page_02	4CFB	_ErrDomain	3	DEFAULT
UNNAMED_FUNCTION	02	page_02	4DA4	FUN_page_02__4da4	10	DEFAULT
UNNAMED_FUNCTION	02	page_02	4F5C	FUN_page_02__4f5c	12	DEFAULT
UNNAMED_FUNCTION	02	page_02	4F68	FUN_page_02__4f68	12	DEFAULT
UNNAMED_FUNCTION	02	page_02	4F7C	_JErrorNo	3	DEFAULT
UNNAMED_FUNCTION	02	page_02	52CB	cross_page_jump	3	DEFAULT
UNNAMED_FUNCTION	02	page_02	52E8	cross_page_jump	3	DEFAULT
UNNAMED_FUNCTION	02	page_02	54DC	RST5	3	DEFAULT
UNNAMED_FUNCTION	02	page_02	54E6	RST5	1	DEFAULT
UNNAMED_FUNCTION	02	page_02	552D	one_not_real_c00	3	DEFAULT
UNNAMED_FUNCTION	02	page_02	579F	cmd_type_dispatch	3	DEFAULT
UNNAMED_FUNCTION	02	page_02	5995	_CkOP1Real	3	DEFAULT
UNNAMED_FUNCTION	02	page_02	59DA	_SETMAT1	3	DEFAULT
UNNAMED_FUNCTION	02	page_02	5A0A	_ErrDataType	3	DEFAULT
UNNAMED_FUNCTION	02	page_02	5A4E	_SETMAT1	3	DEFAULT
UNNAMED_FUNCTION	02	page_02	5A83	RST2	3	DEFAULT
UNNAMED_FUNCTION	02	page_02	5CEB	RST2	3	DEFAULT
UNNAMED_FUNCTION	02	page_02	5D09	RST2	3	DEFAULT
UNNAMED_FUNCTION	02	page_02	5D7E	RST2	3	DEFAULT
UNNAMED_FUNCTION	02	page_02	5D81	FUN_page_02__5d81	23	DEFAULT
UNNAMED_FUNCTION	02	page_02	606C	_CkOP1Real	3	DEFAULT
UNNAMED_FUNCTION	02	page_02	60C8	_ErrDataType	3	DEFAULT
UNNAMED_FUNCTION	02	page_02	60E7	pop_clear_split	2	DEFAULT
UNNAMED_FUNCTION	02	page_02	6101	pop_clear_split	3	DEFAULT
UNNAMED_FUNCTION	02	page_02	6213	_JErrorNo	3	DEFAULT
UNNAMED_FUNCTION	02	page_02	624D	_ErrDataType	3	DEFAULT
UNNAMED_FUNCTION	02	page_02	630D	FUN_page_02__630d	8	DEFAULT
UNNAMED_FUNCTION	02	page_02	631E	stat_mtx_index	3	DEFAULT
UNNAMED_FUNCTION	02	page_02	65F3	_EOP1NotReal	3	DEFAULT
UNNAMED_FUNCTION	02	page_02	6608	ck_posno0int	2	DEFAULT
UNNAMED_FUNCTION	02	page_02	6823	_JErrorNo	3	DEFAULT
UNNAMED_FUNCTION	02	page_02	69A0	_ErrDataType	3	DEFAULT
UNNAMED_FUNCTION	02	page_02	69A3	_CkOP1Real	3	DEFAULT
UNNAMED_FUNCTION	02	page_02	69B4	_ErrDimension	3	DEFAULT
UNNAMED_FUNCTION	02	page_02	69E0	_SET2MVLPTRS	3	DEFAULT
UNNAMED_FUNCTION	02	page_02	6A08	_EOP1NotReal	3	DEFAULT
UNNAMED_FUNCTION	02	page_02	6A12	RST5	1	DEFAULT
UNNAMED_FUNCTION	02	page_02	6A41	cross_page_jump	3	DEFAULT
UNNAMED_FUNCTION	02	page_02	6CE1	FUN_page_02__6ce1	6	DEFAULT
UNNAMED_FUNCTION	02	page_02	6D92	j_op1op3_set_cplx_tail	2	DEFAULT
UNNAMED_FUNCTION	02	page_02	6E3B	FUN_page_02__6e3b	194	DEFAULT
UNNAMED_FUNCTION	02	page_02	76FB	FUN_page_02__76fb	78	DEFAULT
UNNAMED_FUNCTION	02	page_02	7961	_ErrDomain	3	DEFAULT
UNNAMED_FUNCTION	02	page_02	7ED4	_ErrIncrement	3	DEFAULT
UNNAMED_FUNCTION	03	page_03	4026	FUN_page_03__4026	68	DEFAULT
UNNAMED_FUNCTION	03	page_03	41B8	FUN_page_03__41b8	35	DEFAULT
UNNAMED_FUNCTION	03	page_03	4216	FUN_page_03__4216	59	DEFAULT
UNNAMED_FUNCTION	03	page_03	4242	FUN_page_03__4242	27	DEFAULT
UNNAMED_FUNCTION	03	page_03	4276	FUN_page_03__4276	13	DEFAULT
UNNAMED_FUNCTION	03	page_03	4298	FUN_page_03__4298	5	DEFAULT
UNNAMED_FUNCTION	03	page_03	43C3	FUN_page_03__43c3	2	DEFAULT
UNNAMED_FUNCTION	03	page_03	43C5	FUN_page_03__43c5	13	DEFAULT
UNNAMED_FUNCTION	03	page_03	43D2	FUN_page_03__43d2	12	DEFAULT
UNNAMED_FUNCTION	03	page_03	459B	FUN_page_03__459b	5	DEFAULT
UNNAMED_FUNCTION	03	page_03	46A1	FUN_page_03__46a1	19	DEFAULT
UNNAMED_FUNCTION	03	page_03	46B5	FUN_page_03__46b5	9	DEFAULT
UNNAMED_FUNCTION	03	page_03	482C	FUN_page_03__482c	25	DEFAULT
UNNAMED_FUNCTION	03	page_03	4891	FUN_page_03__4891	7	DEFAULT
UNNAMED_FUNCTION	03	page_03	489F	cross_page_jump	3	DEFAULT
UNNAMED_FUNCTION	03	page_03	49EF	FUN_page_03__49ef	3	DEFAULT
UNNAMED_FUNCTION	03	page_03	4A6D	FUN_page_03__4a6d	19	DEFAULT
UNNAMED_FUNCTION	03	page_03	4B77	_JErrorNo	3	DEFAULT
UNNAMED_FUNCTION	03	page_03	4B7A	FUN_page_03__4b7a	15	DEFAULT
UNNAMED_FUNCTION	03	page_03	4BA8	FUN_page_03__4ba8	18	DEFAULT
UNNAMED_FUNCTION	03	page_03	4C34	FUN_page_03__4c34	7	DEFAULT
UNNAMED_FUNCTION	03	page_03	552C	FUN_page_03__552c	3	DEFAULT
UNNAMED_FUNCTION	03	page_03	5593	FUN_page_03__5593	45	DEFAULT
UNNAMED_FUNCTION	03	page_03	55DA	FUN_page_03__55da	20	DEFAULT
UNNAMED_FUNCTION	03	page_03	5949	FUN_page_03__5949	42	DEFAULT
UNNAMED_FUNCTION	03	page_03	5C30	_JError	3	DEFAULT
UNNAMED_FUNCTION	03	page_03	5C90	FUN_page_03__5c90	119	DEFAULT
UNNAMED_FUNCTION	03	page_03	5D07	FUN_page_03__5d07	6	DEFAULT
UNNAMED_FUNCTION	03	page_03	5D0D	FUN_page_03__5d0d	82	DEFAULT
UNNAMED_FUNCTION	03	page_03	5D5F	FUN_page_03__5d5f	3	DEFAULT
UNNAMED_FUNCTION	03	page_03	5D62	FUN_page_03__5d62	5	DEFAULT
UNNAMED_FUNCTION	03	page_03	5D67	FUN_page_03__5d67	8	DEFAULT
UNNAMED_FUNCTION	03	page_03	69B7	FUN_page_03__69b7	11	DEFAULT
UNNAMED_FUNCTION	03	page_03	69CC	FUN_page_03__69cc	10	DEFAULT
UNNAMED_FUNCTION	03	page_03	69D6	FUN_page_03__69d6	19	DEFAULT
UNNAMED_FUNCTION	03	page_03	6BAD	cross_page_jump	3	DEFAULT
UNNAMED_FUNCTION	03	page_03	6D4F	FUN_page_03__6d4f	5	DEFAULT
UNNAMED_FUNCTION	03	page_03	6D54	FUN_page_03__6d54	5	DEFAULT
UNNAMED_FUNCTION	03	page_03	6D59	FUN_page_03__6d59	5	DEFAULT
UNNAMED_FUNCTION	03	page_03	6D5E	FUN_page_03__6d5e	9	DEFAULT
UNNAMED_FUNCTION	04	page_04	4017	FUN_page_04__4017	14	DEFAULT
UNNAMED_FUNCTION	04	page_04	4402	FUN_page_04__4402	14	DEFAULT
UNNAMED_FUNCTION	04	page_04	4416	FUN_page_04__4416	6	DEFAULT
UNNAMED_FUNCTION	04	page_04	4469	FUN_page_04__4469	7	DEFAULT
UNNAMED_FUNCTION	04	page_04	4593	cross_page_jump	3	DEFAULT
UNNAMED_FUNCTION	04	page_04	46DB	FUN_page_04__46db	7	DEFAULT
UNNAMED_FUNCTION	04	page_04	48B5	FUN_page_04__48b5	10	DEFAULT
UNNAMED_FUNCTION	04	page_04	48CF	FUN_page_04__48cf	18	DEFAULT
UNNAMED_FUNCTION	04	page_04	48E7	FUN_page_04__48e7	13	DEFAULT
UNNAMED_FUNCTION	04	page_04	493F	FUN_page_04__493f	338	DEFAULT
UNNAMED_FUNCTION	04	page_04	4A72	FUN_page_04__4a72	10	DEFAULT
UNNAMED_FUNCTION	04	page_04	4E1A	FUN_page_04__4e1a	6	DEFAULT
UNNAMED_FUNCTION	04	page_04	4EB4	FUN_page_04__4eb4	29	DEFAULT
UNNAMED_FUNCTION	04	page_04	4EE6	FUN_page_04__4ee6	5	DEFAULT
UNNAMED_FUNCTION	04	page_04	4EF5	FUN_page_04__4ef5	3	DEFAULT
UNNAMED_FUNCTION	04	page_04	4FFA	FUN_page_04__4ffa	4	DEFAULT
UNNAMED_FUNCTION	04	page_04	5003	FUN_page_04__5003	4	DEFAULT
UNNAMED_FUNCTION	04	page_04	501E	FUN_page_04__501e	4	DEFAULT
UNNAMED_FUNCTION	04	page_04	5027	FUN_page_04__5027	4	DEFAULT
UNNAMED_FUNCTION	04	page_04	5030	FUN_page_04__5030	4	DEFAULT
UNNAMED_FUNCTION	04	page_04	5048	FUN_page_04__5048	8	DEFAULT
UNNAMED_FUNCTION	04	page_04	506C	FUN_page_04__506c	8	DEFAULT
UNNAMED_FUNCTION	04	page_04	5074	FUN_page_04__5074	15	DEFAULT
UNNAMED_FUNCTION	04	page_04	5083	FUN_page_04__5083	128	DEFAULT
UNNAMED_FUNCTION	04	page_04	50A2	FUN_page_04__50a2	10	DEFAULT
UNNAMED_FUNCTION	04	page_04	50AC	FUN_page_04__50ac	28	DEFAULT
UNNAMED_FUNCTION	04	page_04	50C8	cross_page_jump	3	DEFAULT
UNNAMED_FUNCTION	04	page_04	50EA	FUN_page_04__50ea	73	DEFAULT
UNNAMED_FUNCTION	04	page_04	5137	FUN_page_04__5137	18	DEFAULT
UNNAMED_FUNCTION	04	page_04	516A	FUN_page_04__516a	5	DEFAULT
UNNAMED_FUNCTION	04	page_04	518B	FUN_page_04__518b	42	DEFAULT
UNNAMED_FUNCTION	04	page_04	51C5	FUN_page_04__51c5	13	DEFAULT
UNNAMED_FUNCTION	04	page_04	51D3	FUN_page_04__51d3	31	DEFAULT
UNNAMED_FUNCTION	04	page_04	522B	thunk_FUN_page_04__5465	3	DEFAULT
UNNAMED_FUNCTION	04	page_04	5258	FUN_page_04__5258	5	DEFAULT
UNNAMED_FUNCTION	04	page_04	525D	FUN_page_04__525d	55	DEFAULT
UNNAMED_FUNCTION	04	page_04	52E0	FUN_page_04__52e0	216	DEFAULT
UNNAMED_FUNCTION	04	page_04	5308	FUN_page_04__5308	11	DEFAULT
UNNAMED_FUNCTION	04	page_04	5313	FUN_page_04__5313	4	DEFAULT
UNNAMED_FUNCTION	04	page_04	543F	FUN_page_04__543f	11	DEFAULT
UNNAMED_FUNCTION	04	page_04	5465	FUN_page_04__5465	74	DEFAULT
UNNAMED_FUNCTION	04	page_04	55DB	FUN_page_04__55db	13	DEFAULT
UNNAMED_FUNCTION	04	page_04	55E8	FUN_page_04__55e8	15	DEFAULT
UNNAMED_FUNCTION	04	page_04	57BF	FUN_page_04__57bf	18	DEFAULT
UNNAMED_FUNCTION	04	page_04	58A9	FUN_page_04__58a9	6	DEFAULT
UNNAMED_FUNCTION	04	page_04	58AF	thunk_FUN_ram_2735	3	DEFAULT
UNNAMED_FUNCTION	04	page_04	58B2	FUN_page_04__58b2	4	DEFAULT
UNNAMED_FUNCTION	04	page_04	59D1	FUN_page_04__59d1	6	DEFAULT
UNNAMED_FUNCTION	04	page_04	5C68	FUN_page_04__5c68	9	DEFAULT
UNNAMED_FUNCTION	04	page_04	5CD0	FUN_page_04__5cd0	3	DEFAULT
UNNAMED_FUNCTION	04	page_04	5D30	FUN_page_04__5d30	24	DEFAULT
UNNAMED_FUNCTION	04	page_04	5D7A	FUN_page_04__5d7a	25	DEFAULT
UNNAMED_FUNCTION	04	page_04	5E11	FUN_page_04__5e11	4	DEFAULT
UNNAMED_FUNCTION	04	page_04	5E48	FUN_page_04__5e48	7	DEFAULT
UNNAMED_FUNCTION	04	page_04	5E6E	FUN_page_04__5e6e	20	DEFAULT
UNNAMED_FUNCTION	04	page_04	5EF3	FUN_page_04__5ef3	24	DEFAULT
UNNAMED_FUNCTION	04	page_04	5FD4	FUN_page_04__5fd4	9	DEFAULT
UNNAMED_FUNCTION	04	page_04	63E7	FUN_page_04__63e7	15	DEFAULT
UNNAMED_FUNCTION	04	page_04	63F6	FUN_page_04__63f6	15	DEFAULT
UNNAMED_FUNCTION	04	page_04	6405	FUN_page_04__6405	16	DEFAULT
UNNAMED_FUNCTION	04	page_04	6415	FUN_page_04__6415	53	DEFAULT
UNNAMED_FUNCTION	04	page_04	653F	FUN_page_04__653f	56	DEFAULT
UNNAMED_FUNCTION	04	page_04	656E	FUN_page_04__656e	46	DEFAULT
UNNAMED_FUNCTION	04	page_04	65D8	FUN_page_04__65d8	4	DEFAULT
UNNAMED_FUNCTION	04	page_04	662D	FUN_page_04__662d	25	DEFAULT
UNNAMED_FUNCTION	04	page_04	66AD	FUN_page_04__66ad	5	DEFAULT
UNNAMED_FUNCTION	04	page_04	6730	FUN_page_04__6730	5	DEFAULT
UNNAMED_FUNCTION	04	page_04	6735	FUN_page_04__6735	9	DEFAULT
UNNAMED_FUNCTION	04	page_04	673E	RST5	1	DEFAULT
UNNAMED_FUNCTION	04	page_04	6749	thunk_FUN_ram_2739	3	DEFAULT
UNNAMED_FUNCTION	04	page_04	674C	FUN_page_04__674c	15	DEFAULT
UNNAMED_FUNCTION	04	page_04	6986	FUN_page_04__6986	9	DEFAULT
UNNAMED_FUNCTION	04	page_04	6DD0	_JErrorNo	3	DEFAULT
UNNAMED_FUNCTION	04	page_04	6E15	thunk_FUN_ram_2735	3	DEFAULT
UNNAMED_FUNCTION	04	page_04	6F0F	_JErrorNo	3	DEFAULT
UNNAMED_FUNCTION	04	page_04	6F12	cross_page_jump	3	DEFAULT
UNNAMED_FUNCTION	04	page_04	742A	FUN_page_04__742a	40	DEFAULT
UNNAMED_FUNCTION	04	page_04	7452	FUN_page_04__7452	45	DEFAULT
UNNAMED_FUNCTION	04	page_04	7489	FUN_page_04__7489	7	DEFAULT
UNNAMED_FUNCTION	04	page_04	74C6	FUN_page_04__74c6	2	DEFAULT
UNNAMED_FUNCTION	04	page_04	74F1	FUN_page_04__74f1	2	DEFAULT
UNNAMED_FUNCTION	04	page_04	750C	FUN_page_04__750c	5	DEFAULT
UNNAMED_FUNCTION	04	page_04	7516	FUN_page_04__7516	8	DEFAULT
UNNAMED_FUNCTION	04	page_04	7554	FUN_page_04__7554	7	DEFAULT
UNNAMED_FUNCTION	04	page_04	759A	FUN_page_04__759a	4	DEFAULT
UNNAMED_FUNCTION	04	page_04	759E	_CkOP1Real	3	DEFAULT
UNNAMED_FUNCTION	04	page_04	75A9	FUN_page_04__75a9	7	DEFAULT
UNNAMED_FUNCTION	04	page_04	75D6	FUN_page_04__75d6	13	DEFAULT
UNNAMED_FUNCTION	04	page_04	75F6	cross_page_jump	3	DEFAULT
UNNAMED_FUNCTION	04	page_04	7602	cross_page_jump	3	DEFAULT
UNNAMED_FUNCTION	04	page_04	7634	cross_page_jump	3	DEFAULT
UNNAMED_FUNCTION	04	page_04	764D	_DispXEqualsNum	3	DEFAULT
UNNAMED_FUNCTION	04	page_04	7658	cross_page_jump	3	DEFAULT
UNNAMED_FUNCTION	04	page_04	7661	FUN_page_04__7661	15	DEFAULT
UNNAMED_FUNCTION	04	page_04	780C	cross_page_jump	3	DEFAULT
UNNAMED_FUNCTION	04	page_04	786D	FUN_page_04__786d	5	DEFAULT
UNNAMED_FUNCTION	04	page_04	7BD2	FUN_page_04__7bd2	6	DEFAULT
UNNAMED_FUNCTION	04	page_04	7D5E	FUN_page_04__7d5e	12	DEFAULT
UNNAMED_FUNCTION	05	page_05	404B	_ErrMemory	3	DEFAULT
UNNAMED_FUNCTION	05	page_05	42D7	FUN_page_05__42d7	46	DEFAULT
UNNAMED_FUNCTION	05	page_05	46A4	FUN_page_05__46a4	6	DEFAULT
UNNAMED_FUNCTION	05	page_05	4708	FUN_page_05__4708	32	DEFAULT
UNNAMED_FUNCTION	05	page_05	4747	FUN_page_05__4747	30	DEFAULT
UNNAMED_FUNCTION	05	page_05	47D8	FUN_page_05__47d8	75	DEFAULT
UNNAMED_FUNCTION	05	page_05	4843	FUN_page_05__4843	22	DEFAULT
UNNAMED_FUNCTION	05	page_05	4864	FUN_page_05__4864	10	DEFAULT
UNNAMED_FUNCTION	05	page_05	486E	cross_page_jump	3	DEFAULT
UNNAMED_FUNCTION	05	page_05	4898	FUN_page_05__4898	6	DEFAULT
UNNAMED_FUNCTION	05	page_05	4904	FUN_page_05__4904	6	DEFAULT
UNNAMED_FUNCTION	05	page_05	4AFD	cross_page_jump	3	DEFAULT
UNNAMED_FUNCTION	05	page_05	4D23	FUN_page_05__4d23	59	DEFAULT
UNNAMED_FUNCTION	05	page_05	5137	FUN_page_05__5137	44	DEFAULT
UNNAMED_FUNCTION	05	page_05	5166	FUN_page_05__5166	11	DEFAULT
UNNAMED_FUNCTION	05	page_05	5187	FUN_page_05__5187	16	DEFAULT
UNNAMED_FUNCTION	05	page_05	5197	FUN_page_05__5197	10	DEFAULT
UNNAMED_FUNCTION	05	page_05	51D4	FUN_page_05__51d4	15	DEFAULT
UNNAMED_FUNCTION	05	page_05	51E8	FUN_page_05__51e8	14	DEFAULT
UNNAMED_FUNCTION	05	page_05	5387	FUN_page_05__5387	13	DEFAULT
UNNAMED_FUNCTION	05	page_05	53EE	FUN_page_05__53ee	6	DEFAULT
UNNAMED_FUNCTION	05	page_05	541F	FUN_page_05__541f	5	DEFAULT
UNNAMED_FUNCTION	05	page_05	5424	FUN_page_05__5424	5	DEFAULT
UNNAMED_FUNCTION	05	page_05	5431	FUN_page_05__5431	16	DEFAULT
UNNAMED_FUNCTION	05	page_05	5468	FUN_page_05__5468	4	DEFAULT
UNNAMED_FUNCTION	05	page_05	54DF	FUN_page_05__54df	6	DEFAULT
UNNAMED_FUNCTION	05	page_05	5516	FUN_page_05__5516	3	DEFAULT
UNNAMED_FUNCTION	05	page_05	552B	FUN_page_05__552b	49	DEFAULT
UNNAMED_FUNCTION	05	page_05	555E	FUN_page_05__555e	3	DEFAULT
UNNAMED_FUNCTION	05	page_05	5567	FUN_page_05__5567	5	DEFAULT
UNNAMED_FUNCTION	05	page_05	5598	_PromptMoveBackLeft	3	DEFAULT
UNNAMED_FUNCTION	05	page_05	5636	FUN_page_05__5636	14	DEFAULT
UNNAMED_FUNCTION	05	page_05	568F	FUN_page_05__568f	6	DEFAULT
UNNAMED_FUNCTION	05	page_05	5753	FUN_page_05__5753	49	DEFAULT
UNNAMED_FUNCTION	05	page_05	5886	FUN_page_05__5886	12	DEFAULT
UNNAMED_FUNCTION	05	page_05	5892	FUN_page_05__5892	45	DEFAULT
UNNAMED_FUNCTION	05	page_05	5A54	FUN_page_05__5a54	4	DEFAULT
UNNAMED_FUNCTION	05	page_05	5A89	_JErrorNo	3	DEFAULT
UNNAMED_FUNCTION	05	page_05	5B12	FUN_page_05__5b12	13	DEFAULT
UNNAMED_FUNCTION	05	page_05	5B8B	FUN_page_05__5b8b	19	DEFAULT
UNNAMED_FUNCTION	05	page_05	5BE0	FUN_page_05__5be0	22	DEFAULT
UNNAMED_FUNCTION	05	page_05	5BF6	FUN_page_05__5bf6	11	DEFAULT
UNNAMED_FUNCTION	05	page_05	5C04	FUN_page_05__5c04	33	DEFAULT
UNNAMED_FUNCTION	05	page_05	5CAC	FUN_page_05__5cac	18	DEFAULT
UNNAMED_FUNCTION	05	page_05	5DFE	FUN_page_05__5dfe	10	DEFAULT
UNNAMED_FUNCTION	05	page_05	5ECA	_JErrorNo	3	DEFAULT
UNNAMED_FUNCTION	05	page_05	5F51	FUN_page_05__5f51	18	DEFAULT
UNNAMED_FUNCTION	05	page_05	5F64	FUN_page_05__5f64	32	DEFAULT
UNNAMED_FUNCTION	05	page_05	5F95	FUN_page_05__5f95	3	DEFAULT
UNNAMED_FUNCTION	05	page_05	5F99	FUN_page_05__5f99	5	DEFAULT
UNNAMED_FUNCTION	05	page_05	604C	FUN_page_05__604c	26	DEFAULT
UNNAMED_FUNCTION	05	page_05	6157	FUN_page_05__6157	51	DEFAULT
UNNAMED_FUNCTION	05	page_05	618D	FUN_page_05__618d	7	DEFAULT
UNNAMED_FUNCTION	05	page_05	62F3	_JErrorNo	3	DEFAULT
UNNAMED_FUNCTION	05	page_05	62FD	FUN_page_05__62fd	14	DEFAULT
UNNAMED_FUNCTION	05	page_05	6319	FUN_page_05__6319	14	DEFAULT
UNNAMED_FUNCTION	05	page_05	6353	FUN_page_05__6353	6	DEFAULT
UNNAMED_FUNCTION	05	page_05	6379	FUN_page_05__6379	24	DEFAULT
UNNAMED_FUNCTION	05	page_05	647E	_CkOP1Real	3	DEFAULT
UNNAMED_FUNCTION	05	page_05	65A8	FUN_page_05__65a8	16	DEFAULT
UNNAMED_FUNCTION	05	page_05	65E4	FUN_page_05__65e4	8	DEFAULT
UNNAMED_FUNCTION	05	page_05	65EC	FUN_page_05__65ec	5	DEFAULT
UNNAMED_FUNCTION	05	page_05	65F5	FUN_page_05__65f5	166	DEFAULT
UNNAMED_FUNCTION	05	page_05	6926	cross_page_jump	3	DEFAULT
UNNAMED_FUNCTION	05	page_05	6A8D	cross_page_jump	3	DEFAULT
UNNAMED_FUNCTION	05	page_05	6AB5	cross_page_jump	3	DEFAULT
UNNAMED_FUNCTION	05	page_05	6B06	FUN_page_05__6b06	57	DEFAULT
UNNAMED_FUNCTION	05	page_05	6B3F	FUN_page_05__6b3f	22	DEFAULT
UNNAMED_FUNCTION	05	page_05	6D62	FUN_page_05__6d62	5	DEFAULT
UNNAMED_FUNCTION	05	page_05	6D72	FUN_page_05__6d72	15	DEFAULT
UNNAMED_FUNCTION	05	page_05	6DE1	FUN_page_05__6de1	3	DEFAULT
UNNAMED_FUNCTION	05	page_05	6DE8	FUN_page_05__6de8	37	DEFAULT
UNNAMED_FUNCTION	05	page_05	6E20	FUN_page_05__6e20	5	DEFAULT
UNNAMED_FUNCTION	05	page_05	6E29	FUN_page_05__6e29	43	DEFAULT
UNNAMED_FUNCTION	05	page_05	72FA	FUN_page_05__72fa	4	DEFAULT
UNNAMED_FUNCTION	05	page_05	7303	FUN_page_05__7303	4	DEFAULT
UNNAMED_FUNCTION	05	page_05	730A	FUN_page_05__730a	17	DEFAULT
UNNAMED_FUNCTION	05	page_05	73B7	FUN_page_05__73b7	6	DEFAULT
UNNAMED_FUNCTION	05	page_05	7493	FUN_page_05__7493	26	DEFAULT
UNNAMED_FUNCTION	05	page_05	759C	FUN_page_05__759c	34	DEFAULT
UNNAMED_FUNCTION	05	page_05	7862	FUN_page_05__7862	4	DEFAULT
UNNAMED_FUNCTION	05	page_05	78A6	cross_page_jump	3	DEFAULT
UNNAMED_FUNCTION	05	page_05	78F9	FUN_page_05__78f9	51	DEFAULT
UNNAMED_FUNCTION	05	page_05	7937	FUN_page_05__7937	7	DEFAULT
UNNAMED_FUNCTION	05	page_05	793E	FUN_page_05__793e	8	DEFAULT
UNNAMED_FUNCTION	05	page_05	794A	FUN_page_05__794a	74	DEFAULT
UNNAMED_FUNCTION	05	page_05	7B92	FUN_page_05__7b92	10	DEFAULT
UNNAMED_FUNCTION	05	page_05	7BDA	FUN_page_05__7bda	17	DEFAULT
UNNAMED_FUNCTION	05	page_05	7D55	FUN_page_05__7d55	10	DEFAULT
UNNAMED_FUNCTION	06	page_06	40A4	FUN_page_06__40a4	3	DEFAULT
UNNAMED_FUNCTION	06	page_06	42DA	FUN_page_06__42da	18	DEFAULT
UNNAMED_FUNCTION	06	page_06	431E	FUN_page_06__431e	35	DEFAULT
UNNAMED_FUNCTION	06	page_06	4389	FUN_page_06__4389	10	DEFAULT
UNNAMED_FUNCTION	06	page_06	439C	FUN_page_06__439c	9	DEFAULT
UNNAMED_FUNCTION	06	page_06	43C1	cross_page_jump	3	DEFAULT
UNNAMED_FUNCTION	06	page_06	44AA	FUN_page_06__44aa	21	DEFAULT
UNNAMED_FUNCTION	06	page_06	4742	cross_page_jump	3	DEFAULT
UNNAMED_FUNCTION	06	page_06	4C8D	cross_page_jump	3	DEFAULT
UNNAMED_FUNCTION	06	page_06	4DD1	FUN_page_06__4dd1	5	DEFAULT
UNNAMED_FUNCTION	06	page_06	4DD6	FUN_page_06__4dd6	5	DEFAULT
UNNAMED_FUNCTION	06	page_06	4DDB	FUN_page_06__4ddb	13	DEFAULT
UNNAMED_FUNCTION	06	page_06	4F18	FUN_page_06__4f18	17	DEFAULT
UNNAMED_FUNCTION	06	page_06	4F29	FUN_page_06__4f29	5	DEFAULT
UNNAMED_FUNCTION	06	page_06	51BB	FUN_page_06__51bb	75	DEFAULT
UNNAMED_FUNCTION	06	page_06	51E5	FUN_page_06__51e5	5	DEFAULT
UNNAMED_FUNCTION	06	page_06	5230	FUN_page_06__5230	58	DEFAULT
UNNAMED_FUNCTION	06	page_06	52DD	FUN_page_06__52dd	8	DEFAULT
UNNAMED_FUNCTION	06	page_06	52EC	FUN_page_06__52ec	25	DEFAULT
UNNAMED_FUNCTION	06	page_06	5305	FUN_page_06__5305	51	DEFAULT
UNNAMED_FUNCTION	06	page_06	538D	FUN_page_06__538d	11	DEFAULT
UNNAMED_FUNCTION	06	page_06	5398	FUN_page_06__5398	27	DEFAULT
UNNAMED_FUNCTION	06	page_06	53B8	FUN_page_06__53b8	20	DEFAULT
UNNAMED_FUNCTION	06	page_06	53CC	FUN_page_06__53cc	8	DEFAULT
UNNAMED_FUNCTION	06	page_06	53D4	FUN_page_06__53d4	13	DEFAULT
UNNAMED_FUNCTION	06	page_06	53E2	FUN_page_06__53e2	6	DEFAULT
UNNAMED_FUNCTION	06	page_06	544E	FUN_page_06__544e	6	DEFAULT
UNNAMED_FUNCTION	06	page_06	54A2	cross_page_jump	3	DEFAULT
UNNAMED_FUNCTION	06	page_06	5570	FUN_page_06__5570	16	DEFAULT
UNNAMED_FUNCTION	06	page_06	5706	FUN_page_06__5706	5	DEFAULT
UNNAMED_FUNCTION	06	page_06	57AD	FUN_page_06__57ad	5	DEFAULT
UNNAMED_FUNCTION	06	page_06	59D7	FUN_page_06__59d7	227	DEFAULT
UNNAMED_FUNCTION	06	page_06	5CF8	thunk_FUN_page_06__5d56	3	DEFAULT
UNNAMED_FUNCTION	06	page_06	5D56	FUN_page_06__5d56	9	DEFAULT
UNNAMED_FUNCTION	06	page_06	5D7B	_ErrDimension	3	DEFAULT
UNNAMED_FUNCTION	06	page_06	5DA2	FUN_page_06__5da2	26	DEFAULT
UNNAMED_FUNCTION	06	page_06	5DBC	FUN_page_06__5dbc	8	DEFAULT
UNNAMED_FUNCTION	06	page_06	5DC5	FUN_page_06__5dc5	18	DEFAULT
UNNAMED_FUNCTION	06	page_06	5DDC	FUN_page_06__5ddc	17	DEFAULT
UNNAMED_FUNCTION	06	page_06	5E45	FUN_page_06__5e45	11	DEFAULT
UNNAMED_FUNCTION	06	page_06	5E50	FUN_page_06__5e50	21	DEFAULT
UNNAMED_FUNCTION	06	page_06	5EF4	FUN_page_06__5ef4	23	DEFAULT
UNNAMED_FUNCTION	06	page_06	5F0F	FUN_page_06__5f0f	17	DEFAULT
UNNAMED_FUNCTION	06	page_06	600F	FUN_page_06__600f	5	DEFAULT
UNNAMED_FUNCTION	06	page_06	601E	FUN_page_06__601e	6	DEFAULT
UNNAMED_FUNCTION	06	page_06	6058	FUN_page_06__6058	33	DEFAULT
UNNAMED_FUNCTION	06	page_06	6079	FUN_page_06__6079	5	DEFAULT
UNNAMED_FUNCTION	06	page_06	6081	FUN_page_06__6081	33	DEFAULT
UNNAMED_FUNCTION	06	page_06	652F	_JErrorNo	3	DEFAULT
UNNAMED_FUNCTION	06	page_06	696A	_ErrDataType	3	DEFAULT
UNNAMED_FUNCTION	06	page_06	6B72	FUN_page_06__6b72	6	DEFAULT
UNNAMED_FUNCTION	06	page_06	6B89	FUN_page_06__6b89	7	DEFAULT
UNNAMED_FUNCTION	06	page_06	6C2C	FUN_page_06__6c2c	5	DEFAULT
UNNAMED_FUNCTION	06	page_06	6C35	FUN_page_06__6c35	5	DEFAULT
UNNAMED_FUNCTION	06	page_06	6D48	FUN_page_06__6d48	5	DEFAULT
UNNAMED_FUNCTION	06	page_06	6D4D	FUN_page_06__6d4d	5	DEFAULT
UNNAMED_FUNCTION	06	page_06	71AA	FUN_page_06__71aa	17	DEFAULT
UNNAMED_FUNCTION	06	page_06	721A	FUN_page_06__721a	8	DEFAULT
UNNAMED_FUNCTION	06	page_06	738E	cross_page_jump	3	DEFAULT
UNNAMED_FUNCTION	06	page_06	739B	FUN_page_06__739b	22	DEFAULT
UNNAMED_FUNCTION	06	page_06	73C8	FUN_page_06__73c8	9	DEFAULT
UNNAMED_FUNCTION	06	page_06	73D1	FUN_page_06__73d1	18	DEFAULT
UNNAMED_FUNCTION	06	page_06	74FB	FUN_page_06__74fb	7	DEFAULT
UNNAMED_FUNCTION	06	page_06	7552	FUN_page_06__7552	3	DEFAULT
UNNAMED_FUNCTION	06	page_06	7590	FUN_page_06__7590	31	DEFAULT
UNNAMED_FUNCTION	06	page_06	75F2	FUN_page_06__75f2	9	DEFAULT
UNNAMED_FUNCTION	06	page_06	75FE	FUN_page_06__75fe	5	DEFAULT
UNNAMED_FUNCTION	06	page_06	77E3	cross_page_jump	3	DEFAULT
UNNAMED_FUNCTION	06	page_06	792F	FUN_page_06__792f	8	DEFAULT
UNNAMED_FUNCTION	06	page_06	79A9	FUN_page_06__79a9	6	DEFAULT
UNNAMED_FUNCTION	06	page_06	7A14	FUN_page_06__7a14	22	DEFAULT
UNNAMED_FUNCTION	06	page_06	7A2A	FUN_page_06__7a2a	50	DEFAULT
UNNAMED_FUNCTION	06	page_06	7AA5	FUN_page_06__7aa5	5	DEFAULT
UNNAMED_FUNCTION	06	page_06	7AAA	FUN_page_06__7aaa	8	DEFAULT
UNNAMED_FUNCTION	06	page_06	7AE3	FUN_page_06__7ae3	6	DEFAULT
UNNAMED_FUNCTION	06	page_06	7AF3	FUN_page_06__7af3	11	DEFAULT
UNNAMED_FUNCTION	06	page_06	7B3E	FUN_page_06__7b3e	3	DEFAULT
UNNAMED_FUNCTION	07	page_07	55CE	_JErrorNo	3	DEFAULT
UNNAMED_FUNCTION	07	page_07	5714	thunk_FUN_ram_26e4	3	DEFAULT
UNNAMED_FUNCTION	07	page_07	57FD	FUN_page_07__57fd	3	DEFAULT
UNNAMED_FUNCTION	07	page_07	581A	_JErrorNo	3	DEFAULT
UNNAMED_FUNCTION	07	page_07	59E2	_JErrorNo	3	DEFAULT
UNNAMED_FUNCTION	07	page_07	5A26	FUN_page_07__5a26	22	DEFAULT
UNNAMED_FUNCTION	07	page_07	5A57	FUN_page_07__5a57	77	DEFAULT
UNNAMED_FUNCTION	07	page_07	5AA4	FUN_page_07__5aa4	22	DEFAULT
UNNAMED_FUNCTION	07	page_07	5B30	FUN_page_07__5b30	10	DEFAULT
UNNAMED_FUNCTION	07	page_07	5B4D	FUN_page_07__5b4d	56	DEFAULT
UNNAMED_FUNCTION	07	page_07	5D2E	FUN_page_07__5d2e	75	DEFAULT
UNNAMED_FUNCTION	07	page_07	5DCA	FUN_page_07__5dca	24	DEFAULT
UNNAMED_FUNCTION	07	page_07	61B1	thunk_FUN_ram_2785	3	DEFAULT
UNNAMED_FUNCTION	07	page_07	6412	_ErrTolTooSmall	3	DEFAULT
UNNAMED_FUNCTION	07	page_07	6679	_JErrorNo	3	DEFAULT
UNNAMED_FUNCTION	07	page_07	6FBD	_JErrorNo	3	DEFAULT
UNNAMED_FUNCTION	07	page_07	73D5	cross_page_jump	3	DEFAULT
UNNAMED_FUNCTION	07	page_07	74C6	FUN_page_07__74c6	8	DEFAULT
UNNAMED_FUNCTION	07	page_07	7AC3	FUN_page_07__7ac3	36	DEFAULT
UNNAMED_FUNCTION	07	page_07	7C93	FUN_page_07__7c93	25	DEFAULT
UNNAMED_FUNCTION	2F	page_2F	40D5	FUN_page_2F__40d5	5	DEFAULT
UNNAMED_FUNCTION	2F	page_2F	40E7	FUN_page_2F__40e7	44	DEFAULT
UNNAMED_FUNCTION	2F	page_2F	4113	FUN_page_2F__4113	24	DEFAULT
UNNAMED_FUNCTION	2F	page_2F	41B0	FUN_page_2F__41b0	29	DEFAULT
UNNAMED_FUNCTION	2F	page_2F	41CD	FUN_page_2F__41cd	6	DEFAULT
UNNAMED_FUNCTION	2F	page_2F	41D3	FUN_page_2F__41d3	104	DEFAULT
UNNAMED_FUNCTION	2F	page_2F	423B	FUN_page_2F__423b	78	DEFAULT
UNNAMED_FUNCTION	2F	page_2F	4289	FUN_page_2F__4289	22	DEFAULT
UNNAMED_FUNCTION	2F	page_2F	429F	FUN_page_2F__429f	11	DEFAULT
UNNAMED_FUNCTION	2F	page_2F	42AA	FUN_page_2F__42aa	162	DEFAULT
UNNAMED_FUNCTION	2F	page_2F	434C	FUN_page_2F__434c	48	DEFAULT
UNNAMED_FUNCTION	2F	page_2F	437C	FUN_page_2F__437c	385	DEFAULT
UNNAMED_FUNCTION	2F	page_2F	44ED	FUN_page_2F__44ed	33	DEFAULT
UNNAMED_FUNCTION	2F	page_2F	450E	FUN_page_2F__450e	65	DEFAULT
UNNAMED_FUNCTION	2F	page_2F	4558	FUN_page_2F__4558	14	DEFAULT
UNNAMED_FUNCTION	2F	page_2F	4566	FUN_page_2F__4566	15	DEFAULT
UNNAMED_FUNCTION	2F	page_2F	4579	FUN_page_2F__4579	5	DEFAULT
UNNAMED_FUNCTION	2F	page_2F	457E	FUN_page_2F__457e	13	DEFAULT
UNNAMED_FUNCTION	2F	page_2F	458B	FUN_page_2F__458b	13	DEFAULT
UNNAMED_FUNCTION	2F	page_2F	4598	FUN_page_2F__4598	8	DEFAULT
UNNAMED_FUNCTION	2F	page_2F	45A0	FUN_page_2F__45a0	31	DEFAULT
UNNAMED_FUNCTION	2F	page_2F	45BF	FUN_page_2F__45bf	10	DEFAULT
UNNAMED_FUNCTION	2F	page_2F	45C9	FUN_page_2F__45c9	8	DEFAULT
UNNAMED_FUNCTION	2F	page_2F	45D1	FUN_page_2F__45d1	35	DEFAULT
UNNAMED_FUNCTION	2F	page_2F	45F4	FUN_page_2F__45f4	12	DEFAULT
UNNAMED_FUNCTION	2F	page_2F	4600	FUN_page_2F__4600	16	DEFAULT
UNNAMED_FUNCTION	2F	page_2F	4610	FUN_page_2F__4610	91	DEFAULT
UNNAMED_FUNCTION	2F	page_2F	466B	FUN_page_2F__466b	34	DEFAULT
UNNAMED_FUNCTION	2F	page_2F	468D	FUN_page_2F__468d	56	DEFAULT
UNNAMED_FUNCTION	2F	page_2F	46CD	FUN_page_2F__46cd	64	DEFAULT
UNNAMED_FUNCTION	2F	page_2F	471D	FUN_page_2F__471d	9	DEFAULT
UNNAMED_FUNCTION	2F	page_2F	4840	FUN_page_2F__4840	15	DEFAULT
UNNAMED_FUNCTION	2F	page_2F	4F69	FUN_page_2F__4f69	6	DEFAULT
UNNAMED_FUNCTION	2F	page_2F	4FB5	FUN_page_2F__4fb5	9	DEFAULT
UNNAMED_FUNCTION	2F	page_2F	4FBE	FUN_page_2F__4fbe	21	DEFAULT
UNNAMED_FUNCTION	2F	page_2F	5023	FUN_page_2F__5023	16	DEFAULT
UNNAMED_FUNCTION	2F	page_2F	5033	FUN_page_2F__5033	28	DEFAULT
UNNAMED_FUNCTION	2F	page_2F	504F	FUN_page_2F__504f	16	DEFAULT
UNNAMED_FUNCTION	2F	page_2F	505F	FUN_page_2F__505f	5	DEFAULT
UNNAMED_FUNCTION	2F	page_2F	5064	FUN_page_2F__5064	7	DEFAULT
UNNAMED_FUNCTION	2F	page_2F	5079	FUN_page_2F__5079	20	DEFAULT
UNNAMED_FUNCTION	2F	page_2F	509C	FUN_page_2F__509c	9	DEFAULT
UNNAMED_FUNCTION	2F	page_2F	50A5	FUN_page_2F__50a5	69	DEFAULT
UNNAMED_FUNCTION	2F	page_2F	512E	FUN_page_2F__512e	30	DEFAULT
UNNAMED_FUNCTION	2F	page_2F	514C	FUN_page_2F__514c	35	DEFAULT
UNNAMED_FUNCTION	2F	page_2F	516F	FUN_page_2F__516f	53	DEFAULT
UNNAMED_FUNCTION	2F	page_2F	51A4	FUN_page_2F__51a4	46	DEFAULT
UNNAMED_FUNCTION	2F	page_2F	51D2	FUN_page_2F__51d2	38	DEFAULT
UNNAMED_FUNCTION	2F	page_2F	521B	FUN_page_2F__521b	5	DEFAULT
UNNAMED_FUNCTION	2F	page_2F	5220	FUN_page_2F__5220	132	DEFAULT
UNNAMED_FUNCTION	2F	page_2F	530E	FUN_page_2F__530e	5	DEFAULT
UNNAMED_FUNCTION	2F	page_2F	5313	FUN_page_2F__5313	4	DEFAULT
UNNAMED_FUNCTION	2F	page_2F	5317	FUN_page_2F__5317	93	DEFAULT
UNNAMED_FUNCTION	2F	page_2F	5591	FUN_page_2F__5591	11	DEFAULT
UNNAMED_FUNCTION	2F	page_2F	57DF	FUN_page_2F__57df	96	DEFAULT
UNNAMED_FUNCTION	2F	page_2F	5882	FUN_page_2F__5882	20	DEFAULT
UNNAMED_FUNCTION	2F	page_2F	5896	FUN_page_2F__5896	15	DEFAULT
UNNAMED_FUNCTION	2F	page_2F	58C8	FUN_page_2F__58c8	8	DEFAULT
UNNAMED_FUNCTION	2F	page_2F	58D0	FUN_page_2F__58d0	75	DEFAULT
UNNAMED_FUNCTION	2F	page_2F	591B	FUN_page_2F__591b	39	DEFAULT
UNNAMED_FUNCTION	2F	page_2F	59C3	FUN_page_2F__59c3	34	DEFAULT
UNNAMED_FUNCTION	2F	page_2F	59E5	FUN_page_2F__59e5	21	DEFAULT
UNNAMED_FUNCTION	2F	page_2F	59FA	FUN_page_2F__59fa	9	DEFAULT
UNNAMED_FUNCTION	2F	page_2F	5A03	FUN_page_2F__5a03	3	DEFAULT
UNNAMED_FUNCTION	2F	page_2F	5A06	FUN_page_2F__5a06	2	DEFAULT
UNNAMED_FUNCTION	2F	page_2F	5A08	FUN_page_2F__5a08	23	DEFAULT
UNNAMED_FUNCTION	2F	page_2F	5A1F	FUN_page_2F__5a1f	365	DEFAULT
UNNAMED_FUNCTION	2F	page_2F	5B8C	FUN_page_2F__5b8c	258	DEFAULT
UNNAMED_FUNCTION	2F	page_2F	5C8E	FUN_page_2F__5c8e	9	DEFAULT
UNNAMED_FUNCTION	2F	page_2F	5C97	FUN_page_2F__5c97	63	DEFAULT
UNNAMED_FUNCTION	2F	page_2F	5CD6	FUN_page_2F__5cd6	1048	DEFAULT
UNNAMED_FUNCTION	2F	page_2F	5DC5	FUN_page_2F__5dc5	23	DEFAULT
UNNAMED_FUNCTION	2F	page_2F	5FB4	FUN_page_2F__5fb4	10	DEFAULT
UNNAMED_FUNCTION	2F	page_2F	610F	FUN_page_2F__610f	17	DEFAULT
UNNAMED_FUNCTION	2F	page_2F	6120	FUN_page_2F__6120	44	DEFAULT
UNNAMED_FUNCTION	2F	page_2F	614C	FUN_page_2F__614c	9	DEFAULT
UNNAMED_FUNCTION	2F	page_2F	6155	FUN_page_2F__6155	9	DEFAULT
UNNAMED_FUNCTION	2F	page_2F	615E	FUN_page_2F__615e	10	DEFAULT
UNNAMED_FUNCTION	2F	page_2F	6168	FUN_page_2F__6168	20	DEFAULT
UNNAMED_FUNCTION	2F	page_2F	62BF	FUN_page_2F__62bf	11	DEFAULT
UNNAMED_FUNCTION	2F	page_2F	62CE	FUN_page_2F__62ce	8	DEFAULT
UNNAMED_FUNCTION	33	page_33	45F4	_ErrDomain	3	DEFAULT
UNNAMED_FUNCTION	33	page_33	4EDC	FUN_page_33__4edc	15	DEFAULT
UNNAMED_FUNCTION	33	page_33	4EEB	FUN_page_33__4eeb	24	DEFAULT
UNNAMED_FUNCTION	33	page_33	5CA9	FUN_page_33__5ca9	8	DEFAULT
UNNAMED_FUNCTION	33	page_33	5CE7	FUN_page_33__5ce7	19	DEFAULT
UNNAMED_FUNCTION	33	page_33	5DC0	_JError	3	DEFAULT
UNNAMED_FUNCTION	33	page_33	5E1E	FUN_page_33__5e1e	26	DEFAULT
UNNAMED_FUNCTION	33	page_33	6083	FUN_page_33__6083	335	DEFAULT
UNNAMED_FUNCTION	33	page_33	642A	FUN_page_33__642a	54	DEFAULT
UNNAMED_FUNCTION	33	page_33	64E2	FUN_page_33__64e2	126	DEFAULT
UNNAMED_FUNCTION	33	page_33	65B6	FUN_page_33__65b6	5	DEFAULT
UNNAMED_FUNCTION	33	page_33	65BB	FUN_page_33__65bb	9	DEFAULT
UNNAMED_FUNCTION	33	page_33	668F	FUN_page_33__668f	27	DEFAULT
UNNAMED_FUNCTION	33	page_33	66BB	FUN_page_33__66bb	101	DEFAULT
UNNAMED_FUNCTION	33	page_33	6728	FUN_page_33__6728	10	DEFAULT
UNNAMED_FUNCTION	33	page_33	6732	FUN_page_33__6732	12	DEFAULT
UNNAMED_FUNCTION	33	page_33	673E	FUN_page_33__673e	13	DEFAULT
UNNAMED_FUNCTION	33	page_33	67FF	FUN_page_33__67ff	150	DEFAULT
UNNAMED_FUNCTION	33	page_33	68AF	FUN_page_33__68af	24	DEFAULT
UNNAMED_FUNCTION	33	page_33	68C7	FUN_page_33__68c7	99	DEFAULT
UNNAMED_FUNCTION	33	page_33	6998	FUN_page_33__6998	1	DEFAULT
UNNAMED_FUNCTION	33	page_33	69CA	FUN_page_33__69ca	18	DEFAULT
UNNAMED_FUNCTION	33	page_33	69F5	FUN_page_33__69f5	295	DEFAULT
UNNAMED_FUNCTION	33	page_33	6B1C	FUN_page_33__6b1c	7	DEFAULT
UNNAMED_FUNCTION	33	page_33	6B38	FUN_page_33__6b38	11	DEFAULT
UNNAMED_FUNCTION	33	page_33	6B43	FUN_page_33__6b43	10	DEFAULT
UNNAMED_FUNCTION	33	page_33	6B4D	FUN_page_33__6b4d	8	DEFAULT
UNNAMED_FUNCTION	33	page_33	6B55	FUN_page_33__6b55	3	DEFAULT
UNNAMED_FUNCTION	33	page_33	6B58	FUN_page_33__6b58	54	DEFAULT
UNNAMED_FUNCTION	33	page_33	6BC7	FUN_page_33__6bc7	3	DEFAULT
UNNAMED_FUNCTION	33	page_33	6BCA	FUN_page_33__6bca	81	DEFAULT
UNNAMED_FUNCTION	33	page_33	6C1B	FUN_page_33__6c1b	13	DEFAULT
UNNAMED_FUNCTION	33	page_33	6C28	FUN_page_33__6c28	9	DEFAULT
UNNAMED_FUNCTION	33	page_33	6C31	FUN_page_33__6c31	20	DEFAULT
UNNAMED_FUNCTION	33	page_33	6C4A	FUN_page_33__6c4a	6	DEFAULT
UNNAMED_FUNCTION	33	page_33	6C6B	FUN_page_33__6c6b	14	DEFAULT
UNNAMED_FUNCTION	33	page_33	6DDD	FUN_page_33__6ddd	21	DEFAULT
UNNAMED_FUNCTION	33	page_33	6FFA	FUN_page_33__6ffa	15	DEFAULT
UNNAMED_FUNCTION	33	page_33	7009	FUN_page_33__7009	23	DEFAULT
UNNAMED_FUNCTION	33	page_33	705E	FUN_page_33__705e	8	DEFAULT
UNNAMED_FUNCTION	33	page_33	7074	FUN_page_33__7074	6	DEFAULT
UNNAMED_FUNCTION	33	page_33	7087	FUN_page_33__7087	16	DEFAULT
UNNAMED_FUNCTION	33	page_33	72D6	FUN_page_33__72d6	3	DEFAULT
UNNAMED_FUNCTION	33	page_33	7447	_JErrorNo	3	DEFAULT
UNNAMED_FUNCTION	33	page_33	744A	FUN_page_33__744a	1	DEFAULT
UNNAMED_FUNCTION	33	page_33	744B	FUN_page_33__744b	34	DEFAULT
UNNAMED_FUNCTION	33	page_33	746D	FUN_page_33__746d	34	DEFAULT
UNNAMED_FUNCTION	33	page_33	74C9	FUN_page_33__74c9	5	DEFAULT
UNNAMED_FUNCTION	33	page_33	7644	_JErrorNo	3	DEFAULT
UNNAMED_FUNCTION	33	page_33	76E1	FUN_page_33__76e1	40	DEFAULT
UNNAMED_FUNCTION	33	page_33	7703	FUN_page_33__7703	25	DEFAULT
UNNAMED_FUNCTION	33	page_33	771C	FUN_page_33__771c	8	DEFAULT
UNNAMED_FUNCTION	33	page_33	7776	FUN_page_33__7776	10	DEFAULT
UNNAMED_FUNCTION	33	page_33	7780	FUN_page_33__7780	5	DEFAULT
UNNAMED_FUNCTION	33	page_33	7799	FUN_page_33__7799	8	DEFAULT
UNNAMED_FUNCTION	34	page_34	5CCA	FUN_page_34__5cca	3	DEFAULT
UNNAMED_FUNCTION	34	page_34	7DC9	_ErrMemory	3	DEFAULT
UNNAMED_FUNCTION	35	page_35	400A	FUN_page_35__400a	3	DEFAULT
UNNAMED_FUNCTION	35	page_35	41B6	FUN_page_35__41b6	4	DEFAULT
UNNAMED_FUNCTION	35	page_35	475D	FUN_page_35__475d	29	DEFAULT
UNNAMED_FUNCTION	35	page_35	477A	FUN_page_35__477a	16	DEFAULT
UNNAMED_FUNCTION	35	page_35	478A	FUN_page_35__478a	8	DEFAULT
UNNAMED_FUNCTION	35	page_35	4864	FUN_page_35__4864	45	DEFAULT
UNNAMED_FUNCTION	35	page_35	4891	FUN_page_35__4891	41	DEFAULT
UNNAMED_FUNCTION	35	page_35	48DE	FUN_page_35__48de	26	DEFAULT
UNNAMED_FUNCTION	35	page_35	4AEE	FUN_page_35__4aee	15	DEFAULT
UNNAMED_FUNCTION	35	page_35	4B2D	FUN_page_35__4b2d	55	DEFAULT
UNNAMED_FUNCTION	35	page_35	4BD6	FUN_page_35__4bd6	44	DEFAULT
UNNAMED_FUNCTION	35	page_35	4C14	FUN_page_35__4c14	18	DEFAULT
UNNAMED_FUNCTION	35	page_35	4CB9	FUN_page_35__4cb9	25	DEFAULT
UNNAMED_FUNCTION	35	page_35	4DCB	FUN_page_35__4dcb	8	DEFAULT
UNNAMED_FUNCTION	35	page_35	5A47	FUN_page_35__5a47	82	DEFAULT
UNNAMED_FUNCTION	35	page_35	5AA7	FUN_page_35__5aa7	92	DEFAULT
UNNAMED_FUNCTION	35	page_35	5B03	FUN_page_35__5b03	13	DEFAULT
UNNAMED_FUNCTION	35	page_35	5B22	FUN_page_35__5b22	7	DEFAULT
UNNAMED_FUNCTION	35	page_35	5B29	FUN_page_35__5b29	6	DEFAULT
UNNAMED_FUNCTION	35	page_35	5B2F	FUN_page_35__5b2f	22	DEFAULT
UNNAMED_FUNCTION	35	page_35	5B45	FUN_page_35__5b45	32	DEFAULT
UNNAMED_FUNCTION	35	page_35	5B65	FUN_page_35__5b65	31	DEFAULT
UNNAMED_FUNCTION	35	page_35	608A	FUN_page_35__608a	9	DEFAULT
UNNAMED_FUNCTION	35	page_35	6488	FUN_page_35__6488	6	DEFAULT
UNNAMED_FUNCTION	35	page_35	679C	_JError	3	DEFAULT
UNNAMED_FUNCTION	35	page_35	679F	RST4	1	DEFAULT
UNNAMED_FUNCTION	35	page_35	68A6	FUN_page_35__68a6	3	DEFAULT
UNNAMED_FUNCTION	35	page_35	6FBE	FUN_page_35__6fbe	3	DEFAULT
UNNAMED_FUNCTION	35	page_35	70FC	FUN_page_35__70fc	6	DEFAULT
UNNAMED_FUNCTION	35	page_35	7351	FUN_page_35__7351	5	DEFAULT
UNNAMED_FUNCTION	35	page_35	7676	_JErrorNo	3	DEFAULT
UNNAMED_FUNCTION	35	page_35	7C71	RST2	1	DEFAULT
UNNAMED_FUNCTION	35	page_35	7D4F	FUN_page_35__7d4f	3	DEFAULT
UNNAMED_FUNCTION	35	page_35	7D52	_PushOP1	3	DEFAULT
UNNAMED_FUNCTION	35	page_35	7D58	FUN_page_35__7d58	18	DEFAULT
UNNAMED_FUNCTION	35	page_35	7E61	_ErrDataType	3	DEFAULT
UNNAMED_FUNCTION	35	page_35	7F7C	_JErrorNo	3	DEFAULT
UNNAMED_FUNCTION	35	page_35	7F7F	RST2	1	DEFAULT
UNNAMED_FUNCTION	35	page_35	7FE6	FUN_page_35__7fe6	3	DEFAULT
UNNAMED_FUNCTION	36	page_36	514C	_JErrorNo	3	DEFAULT
UNNAMED_FUNCTION	36	page_36	6F62	_JError	3	DEFAULT
UNNAMED_FUNCTION	36	page_36	6F81	_JError	3	DEFAULT
UNNAMED_FUNCTION	36	page_36	72F1	FUN_page_36__72f1	3	DEFAULT
UNNAMED_FUNCTION	36	page_36	7B2A	thunk_FUN_ram_2739	3	DEFAULT
UNNAMED_FUNCTION	36	page_36	7C19	FUN_page_36__7c19	8	DEFAULT
UNNAMED_FUNCTION	36	page_36	7C34	FUN_page_36__7c34	5	DEFAULT
UNNAMED_FUNCTION	36	page_36	7C39	FUN_page_36__7c39	38	DEFAULT
UNNAMED_FUNCTION	36	page_36	7CFA	cross_page_jump	3	DEFAULT
UNNAMED_FUNCTION	36	page_36	7D15	FUN_page_36__7d15	10	DEFAULT
UNNAMED_FUNCTION	37	page_37	4028	FUN_page_37__4028	4	DEFAULT
UNNAMED_FUNCTION	37	page_37	40DC	FUN_page_37__40dc	22	DEFAULT
UNNAMED_FUNCTION	37	page_37	40FB	FUN_page_37__40fb	1	DEFAULT
UNNAMED_FUNCTION	37	page_37	40FC	FUN_page_37__40fc	13	DEFAULT
UNNAMED_FUNCTION	37	page_37	4146	FUN_page_37__4146	2	DEFAULT
UNNAMED_FUNCTION	37	page_37	4170	FUN_page_37__4170	10	DEFAULT
UNNAMED_FUNCTION	37	page_37	417D	FUN_page_37__417d	53	DEFAULT
UNNAMED_FUNCTION	37	page_37	425A	FUN_page_37__425a	6	DEFAULT
UNNAMED_FUNCTION	37	page_37	442A	FUN_page_37__442a	18	DEFAULT
UNNAMED_FUNCTION	37	page_37	445A	FUN_page_37__445a	18	DEFAULT
UNNAMED_FUNCTION	37	page_37	446C	FUN_page_37__446c	7	DEFAULT
UNNAMED_FUNCTION	37	page_37	4473	FUN_page_37__4473	7	DEFAULT
UNNAMED_FUNCTION	37	page_37	447A	FUN_page_37__447a	5	DEFAULT
UNNAMED_FUNCTION	37	page_37	447F	FUN_page_37__447f	5	DEFAULT
UNNAMED_FUNCTION	37	page_37	44AE	FUN_page_37__44ae	63	DEFAULT
UNNAMED_FUNCTION	37	page_37	4511	FUN_page_37__4511	40	DEFAULT
UNNAMED_FUNCTION	37	page_37	4881	FUN_page_37__4881	85	DEFAULT
UNNAMED_FUNCTION	37	page_37	495C	FUN_page_37__495c	39	DEFAULT
UNNAMED_FUNCTION	37	page_37	4983	FUN_page_37__4983	2	DEFAULT
UNNAMED_FUNCTION	37	page_37	4985	FUN_page_37__4985	8	DEFAULT
UNNAMED_FUNCTION	37	page_37	498D	FUN_page_37__498d	6	DEFAULT
UNNAMED_FUNCTION	37	page_37	4993	FUN_page_37__4993	2	DEFAULT
UNNAMED_FUNCTION	37	page_37	4995	FUN_page_37__4995	10	DEFAULT
UNNAMED_FUNCTION	37	page_37	499F	FUN_page_37__499f	2	DEFAULT
UNNAMED_FUNCTION	37	page_37	49A1	FUN_page_37__49a1	10	DEFAULT
UNNAMED_FUNCTION	37	page_37	49AB	FUN_page_37__49ab	2	DEFAULT
UNNAMED_FUNCTION	37	page_37	49AD	FUN_page_37__49ad	10	DEFAULT
UNNAMED_FUNCTION	37	page_37	49B7	FUN_page_37__49b7	33	DEFAULT
UNNAMED_FUNCTION	37	page_37	49D8	FUN_page_37__49d8	20	DEFAULT
UNNAMED_FUNCTION	37	page_37	4C50	FUN_page_37__4c50	16	DEFAULT
UNNAMED_FUNCTION	37	page_37	4C69	FUN_page_37__4c69	36	DEFAULT
UNNAMED_FUNCTION	37	page_37	4C96	FUN_page_37__4c96	4	DEFAULT
UNNAMED_FUNCTION	37	page_37	4C9A	FUN_page_37__4c9a	17	DEFAULT
UNNAMED_FUNCTION	37	page_37	4CAB	FUN_page_37__4cab	15	DEFAULT
UNNAMED_FUNCTION	37	page_37	4CBC	FUN_page_37__4cbc	9	DEFAULT
UNNAMED_FUNCTION	37	page_37	4CC5	FUN_page_37__4cc5	25	DEFAULT
UNNAMED_FUNCTION	37	page_37	4CEB	FUN_page_37__4ceb	8	DEFAULT
UNNAMED_FUNCTION	37	page_37	4E6A	cross_page_jump	3	DEFAULT
UNNAMED_FUNCTION	37	page_37	4E7C	FUN_page_37__4e7c	28	DEFAULT
UNNAMED_FUNCTION	37	page_37	4E98	FUN_page_37__4e98	25	DEFAULT
UNNAMED_FUNCTION	37	page_37	4EB4	FUN_page_37__4eb4	27	DEFAULT
UNNAMED_FUNCTION	37	page_37	4ECF	FUN_page_37__4ecf	54	DEFAULT
UNNAMED_FUNCTION	37	page_37	4F06	FUN_page_37__4f06	9	DEFAULT
UNNAMED_FUNCTION	37	page_37	4F67	FUN_page_37__4f67	17	DEFAULT
UNNAMED_FUNCTION	37	page_37	4FAB	FUN_page_37__4fab	19	DEFAULT
UNNAMED_FUNCTION	37	page_37	4FD6	FUN_page_37__4fd6	4	DEFAULT
UNNAMED_FUNCTION	37	page_37	4FDA	cross_page_jump	3	DEFAULT
UNNAMED_FUNCTION	37	page_37	512A	FUN_page_37__512a	3	DEFAULT
UNNAMED_FUNCTION	37	page_37	5180	FUN_page_37__5180	6	DEFAULT
UNNAMED_FUNCTION	37	page_37	5208	FUN_page_37__5208	10	DEFAULT
UNNAMED_FUNCTION	37	page_37	529D	FUN_page_37__529d	24	DEFAULT
UNNAMED_FUNCTION	37	page_37	52B5	FUN_page_37__52b5	51	DEFAULT
UNNAMED_FUNCTION	37	page_37	5309	FUN_page_37__5309	6	DEFAULT
UNNAMED_FUNCTION	37	page_37	530F	FUN_page_37__530f	16	DEFAULT
UNNAMED_FUNCTION	37	page_37	5374	FUN_page_37__5374	15	DEFAULT
UNNAMED_FUNCTION	37	page_37	53C2	_EOP1NotReal	3	DEFAULT
UNNAMED_FUNCTION	37	page_37	53C9	_ErrDomain	3	DEFAULT
UNNAMED_FUNCTION	37	page_37	542D	FUN_page_37__542d	7	DEFAULT
UNNAMED_FUNCTION	37	page_37	5464	FUN_page_37__5464	9	DEFAULT
UNNAMED_FUNCTION	37	page_37	5474	_ErrDomain	3	DEFAULT
UNNAMED_FUNCTION	37	page_37	54D7	FUN_page_37__54d7	27	DEFAULT
UNNAMED_FUNCTION	37	page_37	54F2	FUN_page_37__54f2	25	DEFAULT
UNNAMED_FUNCTION	37	page_37	5557	FUN_page_37__5557	11	DEFAULT
UNNAMED_FUNCTION	37	page_37	5575	cross_page_jump	3	DEFAULT
UNNAMED_FUNCTION	37	page_37	55A4	FUN_page_37__55a4	5	DEFAULT
UNNAMED_FUNCTION	37	page_37	562D	FUN_page_37__562d	40	DEFAULT
UNNAMED_FUNCTION	37	page_37	5655	FUN_page_37__5655	6	DEFAULT
UNNAMED_FUNCTION	37	page_37	565B	FUN_page_37__565b	6	DEFAULT
UNNAMED_FUNCTION	37	page_37	5661	FUN_page_37__5661	14	DEFAULT
UNNAMED_FUNCTION	37	page_37	566F	FUN_page_37__566f	5	DEFAULT
UNNAMED_FUNCTION	37	page_37	5674	FUN_page_37__5674	10	DEFAULT
UNNAMED_FUNCTION	37	page_37	56F9	_ErrDomain	3	DEFAULT
UNNAMED_FUNCTION	37	page_37	57A1	FUN_page_37__57a1	16	DEFAULT
UNNAMED_FUNCTION	37	page_37	57B1	FUN_page_37__57b1	3	DEFAULT
UNNAMED_FUNCTION	37	page_37	57B4	FUN_page_37__57b4	32	DEFAULT
UNNAMED_FUNCTION	37	page_37	57D4	FUN_page_37__57d4	39	DEFAULT
UNNAMED_FUNCTION	37	page_37	57FC	FUN_page_37__57fc	19	DEFAULT
UNNAMED_FUNCTION	37	page_37	580F	FUN_page_37__580f	24	DEFAULT
UNNAMED_FUNCTION	37	page_37	5827	FUN_page_37__5827	25	DEFAULT
UNNAMED_FUNCTION	37	page_37	5840	FUN_page_37__5840	30	DEFAULT
UNNAMED_FUNCTION	37	page_37	585E	FUN_page_37__585e	18	DEFAULT
UNNAMED_FUNCTION	37	page_37	5870	FUN_page_37__5870	3	DEFAULT
UNNAMED_FUNCTION	37	page_37	5873	FUN_page_37__5873	5	DEFAULT
UNNAMED_FUNCTION	37	page_37	5951	FUN_page_37__5951	16	DEFAULT
UNNAMED_FUNCTION	37	page_37	596B	FUN_page_37__596b	5	DEFAULT
UNNAMED_FUNCTION	37	page_37	5987	FUN_page_37__5987	3	DEFAULT
UNNAMED_FUNCTION	37	page_37	598A	FUN_page_37__598a	3	DEFAULT
UNNAMED_FUNCTION	37	page_37	5993	cross_page_jump	3	DEFAULT
UNNAMED_FUNCTION	37	page_37	59C8	FUN_page_37__59c8	3	DEFAULT
UNNAMED_FUNCTION	37	page_37	5A60	FUN_page_37__5a60	13	DEFAULT
UNNAMED_FUNCTION	37	page_37	5A6D	FUN_page_37__5a6d	9	DEFAULT
UNNAMED_FUNCTION	37	page_37	5A8A	FUN_page_37__5a8a	16	DEFAULT
UNNAMED_FUNCTION	37	page_37	5A9A	FUN_page_37__5a9a	11	DEFAULT
UNNAMED_FUNCTION	37	page_37	5AA5	FUN_page_37__5aa5	17	DEFAULT
UNNAMED_FUNCTION	37	page_37	5ABD	FUN_page_37__5abd	9	DEFAULT
UNNAMED_FUNCTION	37	page_37	5AFD	FUN_page_37__5afd	31	DEFAULT
UNNAMED_FUNCTION	37	page_37	5B75	FUN_page_37__5b75	38	DEFAULT
UNNAMED_FUNCTION	37	page_37	5B9B	FUN_page_37__5b9b	5	DEFAULT
UNNAMED_FUNCTION	37	page_37	5BD4	FUN_page_37__5bd4	15	DEFAULT
UNNAMED_FUNCTION	37	page_37	5C17	FUN_page_37__5c17	5	DEFAULT
UNNAMED_FUNCTION	37	page_37	5C1C	FUN_page_37__5c1c	25	DEFAULT
UNNAMED_FUNCTION	37	page_37	5C65	FUN_page_37__5c65	3	DEFAULT
UNNAMED_FUNCTION	37	page_37	5C68	FUN_page_37__5c68	24	DEFAULT
UNNAMED_FUNCTION	37	page_37	5C88	FUN_page_37__5c88	2	DEFAULT
UNNAMED_FUNCTION	37	page_37	5CAC	FUN_page_37__5cac	16	DEFAULT
UNNAMED_FUNCTION	37	page_37	5D0A	FUN_page_37__5d0a	22	DEFAULT
UNNAMED_FUNCTION	37	page_37	5D21	FUN_page_37__5d21	6	DEFAULT
UNNAMED_FUNCTION	37	page_37	5D27	FUN_page_37__5d27	7	DEFAULT
UNNAMED_FUNCTION	37	page_37	5D89	FUN_page_37__5d89	6	DEFAULT
UNNAMED_FUNCTION	37	page_37	5D8F	FUN_page_37__5d8f	11	DEFAULT
UNNAMED_FUNCTION	37	page_37	5D9A	FUN_page_37__5d9a	5	DEFAULT
UNNAMED_FUNCTION	37	page_37	5DB6	FUN_page_37__5db6	11	DEFAULT
UNNAMED_FUNCTION	37	page_37	5E10	FUN_page_37__5e10	4	DEFAULT
UNNAMED_FUNCTION	37	page_37	5E49	FUN_page_37__5e49	21	DEFAULT
UNNAMED_FUNCTION	37	page_37	5E68	FUN_page_37__5e68	7	DEFAULT
UNNAMED_FUNCTION	37	page_37	5F3D	FUN_page_37__5f3d	5	DEFAULT
UNNAMED_FUNCTION	37	page_37	5F5F	FUN_page_37__5f5f	14	DEFAULT
UNNAMED_FUNCTION	37	page_37	5F6D	FUN_page_37__5f6d	13	DEFAULT
UNNAMED_FUNCTION	37	page_37	5F7A	FUN_page_37__5f7a	13	DEFAULT
UNNAMED_FUNCTION	37	page_37	6060	FUN_page_37__6060	5	DEFAULT
UNNAMED_FUNCTION	37	page_37	6065	FUN_page_37__6065	7	DEFAULT
UNNAMED_FUNCTION	37	page_37	606C	FUN_page_37__606c	7	DEFAULT
UNNAMED_FUNCTION	37	page_37	60B6	FUN_page_37__60b6	21	DEFAULT
UNNAMED_FUNCTION	37	page_37	6108	FUN_page_37__6108	76	DEFAULT
UNNAMED_FUNCTION	37	page_37	613C	FUN_page_37__613c	21	DEFAULT
UNNAMED_FUNCTION	37	page_37	61D5	FUN_page_37__61d5	7	DEFAULT
UNNAMED_FUNCTION	37	page_37	61DC	FUN_page_37__61dc	6	DEFAULT
UNNAMED_FUNCTION	37	page_37	61F7	FUN_page_37__61f7	9	DEFAULT
UNNAMED_FUNCTION	37	page_37	629A	FUN_page_37__629a	41	DEFAULT
UNNAMED_FUNCTION	37	page_37	636A	FUN_page_37__636a	17	DEFAULT
UNNAMED_FUNCTION	37	page_37	64C7	FUN_page_37__64c7	10	DEFAULT
UNNAMED_FUNCTION	37	page_37	64DB	FUN_page_37__64db	90	DEFAULT
UNNAMED_FUNCTION	37	page_37	6535	cross_page_jump	3	DEFAULT
UNNAMED_FUNCTION	37	page_37	6B3B	FUN_page_37__6b3b	6	DEFAULT
UNNAMED_FUNCTION	37	page_37	6B42	FUN_page_37__6b42	13	DEFAULT
UNNAMED_FUNCTION	37	page_37	6B66	FUN_page_37__6b66	13	DEFAULT
UNNAMED_FUNCTION	37	page_37	6C90	FUN_page_37__6c90	41	DEFAULT
UNNAMED_FUNCTION	37	page_37	6CD3	FUN_page_37__6cd3	5	DEFAULT
UNNAMED_FUNCTION	37	page_37	6CF9	FUN_page_37__6cf9	5	DEFAULT
UNNAMED_FUNCTION	37	page_37	70A7	FUN_page_37__70a7	52	DEFAULT
UNNAMED_FUNCTION	37	page_37	7127	cross_page_jump	3	DEFAULT
UNNAMED_FUNCTION	38	page_38	40E6	FUN_page_38__40e6	12	DEFAULT
UNNAMED_FUNCTION	38	page_38	40ED	FUN_page_38__40ed	10	DEFAULT
UNNAMED_FUNCTION	38	page_38	40FB	FUN_page_38__40fb	7	DEFAULT
UNNAMED_FUNCTION	38	page_38	4109	RST5	1	DEFAULT
UNNAMED_FUNCTION	38	page_38	4110	_JErrorNo	3	DEFAULT
UNNAMED_FUNCTION	38	page_38	4256	FUN_page_38__4256	15	DEFAULT
UNNAMED_FUNCTION	38	page_38	4337	FUN_page_38__4337	5	DEFAULT
UNNAMED_FUNCTION	38	page_38	4450	FUN_page_38__4450	9	DEFAULT
UNNAMED_FUNCTION	38	page_38	45CD	_STEQARG2	3	DEFAULT
UNNAMED_FUNCTION	38	page_38	45F0	FUN_page_38__45f0	3	DEFAULT
UNNAMED_FUNCTION	38	page_38	4819	parse_advance	3	DEFAULT
UNNAMED_FUNCTION	38	page_38	4839	parse_advance	3	DEFAULT
UNNAMED_FUNCTION	38	page_38	48EA	FUN_page_38__48ea	4	DEFAULT
UNNAMED_FUNCTION	38	page_38	48EE	FUN_page_38__48ee	4	DEFAULT
UNNAMED_FUNCTION	38	page_38	48F2	FUN_page_38__48f2	4	DEFAULT
UNNAMED_FUNCTION	38	page_38	48F6	FUN_page_38__48f6	4	DEFAULT
UNNAMED_FUNCTION	38	page_38	48FA	FUN_page_38__48fa	4	DEFAULT
UNNAMED_FUNCTION	38	page_38	48FE	FUN_page_38__48fe	3	DEFAULT
UNNAMED_FUNCTION	38	page_38	4906	FUN_page_38__4906	9	DEFAULT
UNNAMED_FUNCTION	38	page_38	493A	FUN_page_38__493a	7	DEFAULT
UNNAMED_FUNCTION	38	page_38	4954	thunk_FUN_ram_2739	3	DEFAULT
UNNAMED_FUNCTION	38	page_38	4957	FUN_page_38__4957	10	DEFAULT
UNNAMED_FUNCTION	38	page_38	4961	FUN_page_38__4961	4	DEFAULT
UNNAMED_FUNCTION	38	page_38	4965	FUN_page_38__4965	15	DEFAULT
UNNAMED_FUNCTION	38	page_38	497B	FUN_page_38__497b	3	DEFAULT
UNNAMED_FUNCTION	38	page_38	4984	RST5	1	DEFAULT
UNNAMED_FUNCTION	38	page_38	498F	RST5	1	DEFAULT
UNNAMED_FUNCTION	38	page_38	4998	FUN_page_38__4998	3	DEFAULT
UNNAMED_FUNCTION	38	page_38	499F	FUN_page_38__499f	4	DEFAULT
UNNAMED_FUNCTION	38	page_38	49A3	FUN_page_38__49a3	4	DEFAULT
UNNAMED_FUNCTION	38	page_38	49A7	FUN_page_38__49a7	4	DEFAULT
UNNAMED_FUNCTION	38	page_38	49AB	FUN_page_38__49ab	4	DEFAULT
UNNAMED_FUNCTION	38	page_38	49AF	FUN_page_38__49af	4	DEFAULT
UNNAMED_FUNCTION	38	page_38	49B3	FUN_page_38__49b3	4	DEFAULT
UNNAMED_FUNCTION	38	page_38	49B7	FUN_page_38__49b7	3	DEFAULT
UNNAMED_FUNCTION	38	page_38	49ED	FUN_page_38__49ed	11	DEFAULT
UNNAMED_FUNCTION	38	page_38	49F8	FUN_page_38__49f8	10	DEFAULT
UNNAMED_FUNCTION	38	page_38	4A05	parse_advance	3	DEFAULT
UNNAMED_FUNCTION	38	page_38	4A27	FUN_page_38__4a27	4	DEFAULT
UNNAMED_FUNCTION	38	page_38	4A2B	FUN_page_38__4a2b	4	DEFAULT
UNNAMED_FUNCTION	38	page_38	4A2F	FUN_page_38__4a2f	4	DEFAULT
UNNAMED_FUNCTION	38	page_38	4A33	FUN_page_38__4a33	4	DEFAULT
UNNAMED_FUNCTION	38	page_38	4A37	FUN_page_38__4a37	4	DEFAULT
UNNAMED_FUNCTION	38	page_38	4A3B	FUN_page_38__4a3b	4	DEFAULT
UNNAMED_FUNCTION	38	page_38	4A50	FUN_page_38__4a50	4	DEFAULT
UNNAMED_FUNCTION	38	page_38	4A54	FUN_page_38__4a54	4	DEFAULT
UNNAMED_FUNCTION	38	page_38	4A58	FUN_page_38__4a58	4	DEFAULT
UNNAMED_FUNCTION	38	page_38	4A5C	FUN_page_38__4a5c	4	DEFAULT
UNNAMED_FUNCTION	38	page_38	4A60	FUN_page_38__4a60	4	DEFAULT
UNNAMED_FUNCTION	38	page_38	4A64	FUN_page_38__4a64	2	DEFAULT
UNNAMED_FUNCTION	38	page_38	4A66	FUN_page_38__4a66	6	DEFAULT
UNNAMED_FUNCTION	38	page_38	4AB6	FUN_page_38__4ab6	20	DEFAULT
UNNAMED_FUNCTION	38	page_38	4ACC	FUN_page_38__4acc	13	DEFAULT
UNNAMED_FUNCTION	38	page_38	4AE6	FUN_page_38__4ae6	13	DEFAULT
UNNAMED_FUNCTION	38	page_38	4B32	FUN_page_38__4b32	18	DEFAULT
UNNAMED_FUNCTION	38	page_38	4CF4	_JError	3	DEFAULT
UNNAMED_FUNCTION	38	page_38	4D9F	_JErrorNo	3	DEFAULT
UNNAMED_FUNCTION	38	page_38	4DA2	parse_advance	3	DEFAULT
UNNAMED_FUNCTION	38	page_38	4ED5	FUN_page_38__4ed5	3	DEFAULT
UNNAMED_FUNCTION	38	page_38	4ED8	FUN_page_38__4ed8	11	DEFAULT
UNNAMED_FUNCTION	38	page_38	4F27	FUN_page_38__4f27	11	DEFAULT
UNNAMED_FUNCTION	38	page_38	4F8E	FUN_page_38__4f8e	5	DEFAULT
UNNAMED_FUNCTION	38	page_38	4F97	FUN_page_38__4f97	5	DEFAULT
UNNAMED_FUNCTION	38	page_38	4FA2	FUN_page_38__4fa2	2	DEFAULT
UNNAMED_FUNCTION	38	page_38	4FA4	parse_advance	3	DEFAULT
UNNAMED_FUNCTION	38	page_38	5067	_ErrArgument	3	DEFAULT
UNNAMED_FUNCTION	38	page_38	5089	_JErrorNo	3	DEFAULT
UNNAMED_FUNCTION	38	page_38	52D9	_ErrDomain	3	DEFAULT
UNNAMED_FUNCTION	38	page_38	53A0	_STEQARG	3	DEFAULT
UNNAMED_FUNCTION	38	page_38	53C2	RST5	1	DEFAULT
UNNAMED_FUNCTION	38	page_38	53C9	RST5	1	DEFAULT
UNNAMED_FUNCTION	38	page_38	544D	parse_advance	3	DEFAULT
UNNAMED_FUNCTION	38	page_38	54A8	FUN_page_38__54a8	24	DEFAULT
UNNAMED_FUNCTION	38	page_38	54D7	RST5	1	DEFAULT
UNNAMED_FUNCTION	38	page_38	54DB	_CKFETCHVAR	3	DEFAULT
UNNAMED_FUNCTION	38	page_38	5520	_STEQARG	3	DEFAULT
UNNAMED_FUNCTION	38	page_38	55A2	RST5	1	DEFAULT
UNNAMED_FUNCTION	38	page_38	561C	_CKFETCHVAR	3	DEFAULT
UNNAMED_FUNCTION	38	page_38	5631	_CKFETCHVAR	3	DEFAULT
UNNAMED_FUNCTION	38	page_38	56CA	FUN_page_38__56ca	8	DEFAULT
UNNAMED_FUNCTION	38	page_38	56D2	FUN_page_38__56d2	8	DEFAULT
UNNAMED_FUNCTION	38	page_38	56DA	parse_advance	3	DEFAULT
UNNAMED_FUNCTION	38	page_38	56E0	parse_advance	3	DEFAULT
UNNAMED_FUNCTION	38	page_38	56E8	parse_advance	3	DEFAULT
UNNAMED_FUNCTION	38	page_38	5744	_ErrUndefined	3	DEFAULT
UNNAMED_FUNCTION	38	page_38	5758	FUN_page_38__5758	7	DEFAULT
UNNAMED_FUNCTION	38	page_38	5845	FUN_page_38__5845	3	DEFAULT
UNNAMED_FUNCTION	38	page_38	5957	_JErrorNo	3	DEFAULT
UNNAMED_FUNCTION	38	page_38	5F42	RST2	3	DEFAULT
UNNAMED_FUNCTION	38	page_38	5FFD	FUN_page_38__5ffd	24	DEFAULT
UNNAMED_FUNCTION	38	page_38	6126	_ErrDataType	3	DEFAULT
UNNAMED_FUNCTION	38	page_38	6377	_ErrDomain	3	DEFAULT
UNNAMED_FUNCTION	38	page_38	644A	_ErrDomain	3	DEFAULT
UNNAMED_FUNCTION	38	page_38	672D	_PopRealO1	3	DEFAULT
UNNAMED_FUNCTION	38	page_38	6CB2	matrix_elem_access2	2	DEFAULT
UNNAMED_FUNCTION	38	page_38	6F2D	_CkOP1Real	3	DEFAULT
UNNAMED_FUNCTION	38	page_38	70BE	FUN_page_38__70be	3	DEFAULT
UNNAMED_FUNCTION	38	page_38	710B	_CkOP1Real	3	DEFAULT
UNNAMED_FUNCTION	38	page_38	711F	FUN_page_38__711f	13	DEFAULT
UNNAMED_FUNCTION	38	page_38	7131	FUN_page_38__7131	4	DEFAULT
UNNAMED_FUNCTION	38	page_38	7135	FUN_page_38__7135	9	DEFAULT
UNNAMED_FUNCTION	38	page_38	713E	FUN_page_38__713e	15	DEFAULT
UNNAMED_FUNCTION	38	page_38	714F	_EOP1NotReal	3	DEFAULT
UNNAMED_FUNCTION	38	page_38	7194	FUN_page_38__7194	5	DEFAULT
UNNAMED_FUNCTION	38	page_38	719A	FUN_page_38__719a	5	DEFAULT
UNNAMED_FUNCTION	38	page_38	74F5	parse_advance	3	DEFAULT
UNNAMED_FUNCTION	38	page_38	77A3	_CkOP1Real	3	DEFAULT
UNNAMED_FUNCTION	38	page_38	7D68	FUN_page_38__7d68	3	DEFAULT
UNNAMED_FUNCTION	39	page_39	45AA	_JError	3	DEFAULT
UNNAMED_FUNCTION	39	page_39	480A	_JErrorNo	3	DEFAULT
UNNAMED_FUNCTION	39	page_39	480D	FUN_page_39__480d	12	DEFAULT
UNNAMED_FUNCTION	39	page_39	4921	FUN_page_39__4921	17	DEFAULT
UNNAMED_FUNCTION	39	page_39	4932	FUN_page_39__4932	7	DEFAULT
UNNAMED_FUNCTION	39	page_39	49B6	FUN_page_39__49b6	45	DEFAULT
UNNAMED_FUNCTION	39	page_39	49E4	cross_page_jump	3	DEFAULT
UNNAMED_FUNCTION	39	page_39	4BB3	FUN_page_39__4bb3	30	DEFAULT
UNNAMED_FUNCTION	39	page_39	4BD7	FUN_page_39__4bd7	52	DEFAULT
UNNAMED_FUNCTION	39	page_39	4C0B	FUN_page_39__4c0b	25	DEFAULT
UNNAMED_FUNCTION	39	page_39	593D	FUN_page_39__593d	5	DEFAULT
UNNAMED_FUNCTION	39	page_39	5942	cross_page_jump	3	DEFAULT
UNNAMED_FUNCTION	39	page_39	5D57	cross_page_jump	3	DEFAULT
UNNAMED_FUNCTION	39	page_39	5D86	FUN_page_39__5d86	11	DEFAULT
UNNAMED_FUNCTION	39	page_39	65F7	FUN_page_39__65f7	10	DEFAULT
UNNAMED_FUNCTION	39	page_39	6D32	FUN_page_39__6d32	34	DEFAULT
UNNAMED_FUNCTION	39	page_39	6E11	FUN_page_39__6e11	55	DEFAULT
UNNAMED_FUNCTION	39	page_39	7179	FUN_page_39__7179	3	DEFAULT
UNNAMED_FUNCTION	39	page_39	738C	thunk_FUN_ram_2785	3	DEFAULT
UNNAMED_FUNCTION	39	page_39	7626	FUN_page_39__7626	6	DEFAULT
UNNAMED_FUNCTION	39	page_39	765D	FUN_page_39__765d	20	DEFAULT
UNNAMED_FUNCTION	39	page_39	76B9	FUN_page_39__76b9	9	DEFAULT
UNNAMED_FUNCTION	39	page_39	76C3	FUN_page_39__76c3	7	DEFAULT
UNNAMED_FUNCTION	39	page_39	76D7	FUN_page_39__76d7	3	DEFAULT
UNNAMED_FUNCTION	39	page_39	76DA	FUN_page_39__76da	6	DEFAULT
UNNAMED_FUNCTION	3A	page_3A	4A8B	_ErrDomain	3	DEFAULT
UNNAMED_FUNCTION	3A	page_3A	5198	_ErrArgument	3	DEFAULT
UNNAMED_FUNCTION	3A	page_3A	6352	onevar_frame_teardown	3	DEFAULT
UNNAMED_FUNCTION	3A	page_3A	6358	_JErrorNo	3	DEFAULT
UNNAMED_FUNCTION	3A	page_3A	635B	_FIND_E_UNDEF	3	DEFAULT
UNNAMED_FUNCTION	3A	page_3A	6F7A	RST5	1	DEFAULT
UNNAMED_FUNCTION	3A	page_3A	7206	_ErrIterations	3	DEFAULT
UNNAMED_FUNCTION	3A	page_3A	742D	_JErrorNo	3	DEFAULT
UNNAMED_FUNCTION	3A	page_3A	747A	_JErrorNo	3	DEFAULT
UNNAMED_FUNCTION	3A	page_3A	74FA	_Rcl_StatVar	3	DEFAULT
UNNAMED_FUNCTION	3A	page_3A	7525	FUN_page_3A__7525	1	DEFAULT
UNNAMED_FUNCTION	3A	page_3A	792A	_JErrorNo	3	DEFAULT
UNNAMED_FUNCTION	3A	page_3A	7AFE	FUN_page_3A__7afe	10	DEFAULT
UNNAMED_FUNCTION	3A	page_3A	7C0A	FUN_page_3A__7c0a	11	DEFAULT
UNNAMED_FUNCTION	3A	page_3A	7C65	FUN_page_3A__7c65	3	DEFAULT
UNNAMED_FUNCTION	3A	page_3A	7C96	FUN_page_3A__7c96	19	DEFAULT
UNNAMED_FUNCTION	3A	page_3A	7EFF	FUN_page_3A__7eff	3	DEFAULT
UNNAMED_FUNCTION	3A	page_3A	7F06	cross_page_jump	3	DEFAULT
UNNAMED_FUNCTION	3A	page_3A	7F15	FUN_page_3A__7f15	3	DEFAULT
UNNAMED_FUNCTION	3A	page_3A	7F18	FUN_page_3A__7f18	26	DEFAULT
UNNAMED_FUNCTION	3A	page_3A	7F32	FUN_page_3A__7f32	49	DEFAULT
UNNAMED_FUNCTION	3B	page_3B	54AF	FUN_page_3B__54af	7	DEFAULT
UNNAMED_FUNCTION	3B	page_3B	557F	cross_page_jump	3	DEFAULT
UNNAMED_FUNCTION	3B	page_3B	559B	FUN_page_3B__559b	22	DEFAULT
UNNAMED_FUNCTION	3B	page_3B	55B1	FUN_page_3B__55b1	29	DEFAULT
UNNAMED_FUNCTION	3B	page_3B	55CE	FUN_page_3B__55ce	10	DEFAULT
UNNAMED_FUNCTION	3B	page_3B	5629	FUN_page_3B__5629	12	DEFAULT
UNNAMED_FUNCTION	3B	page_3B	5678	FUN_page_3B__5678	123	DEFAULT
UNNAMED_FUNCTION	3B	page_3B	56F5	FUN_page_3B__56f5	16	DEFAULT
UNNAMED_FUNCTION	3B	page_3B	5705	FUN_page_3B__5705	15	DEFAULT
UNNAMED_FUNCTION	3B	page_3B	5714	FUN_page_3B__5714	2	DEFAULT
UNNAMED_FUNCTION	3B	page_3B	5716	FUN_page_3B__5716	1	DEFAULT
UNNAMED_FUNCTION	3B	page_3B	5717	FUN_page_3B__5717	13	DEFAULT
UNNAMED_FUNCTION	3B	page_3B	5724	FUN_page_3B__5724	24	DEFAULT
UNNAMED_FUNCTION	3B	page_3B	573C	FUN_page_3B__573c	4	DEFAULT
UNNAMED_FUNCTION	3B	page_3B	5740	FUN_page_3B__5740	13	DEFAULT
UNNAMED_FUNCTION	3B	page_3B	574D	FUN_page_3B__574d	11	DEFAULT
UNNAMED_FUNCTION	3B	page_3B	576C	FUN_page_3B__576c	19	DEFAULT
UNNAMED_FUNCTION	3B	page_3B	577F	FUN_page_3B__577f	125	DEFAULT
UNNAMED_FUNCTION	3B	page_3B	5918	FUN_page_3B__5918	26	DEFAULT
UNNAMED_FUNCTION	3B	page_3B	5932	FUN_page_3B__5932	21	DEFAULT
UNNAMED_FUNCTION	3B	page_3B	5947	FUN_page_3B__5947	8	DEFAULT
UNNAMED_FUNCTION	3B	page_3B	594F	FUN_page_3B__594f	7	DEFAULT
UNNAMED_FUNCTION	3B	page_3B	5956	FUN_page_3B__5956	8	DEFAULT
UNNAMED_FUNCTION	3B	page_3B	595E	FUN_page_3B__595e	7	DEFAULT
UNNAMED_FUNCTION	3B	page_3B	5965	FUN_page_3B__5965	11	DEFAULT
UNNAMED_FUNCTION	3B	page_3B	5992	FUN_page_3B__5992	14	DEFAULT
UNNAMED_FUNCTION	3B	page_3B	59A0	FUN_page_3B__59a0	16	DEFAULT
UNNAMED_FUNCTION	3B	page_3B	59B0	FUN_page_3B__59b0	21	DEFAULT
UNNAMED_FUNCTION	3B	page_3B	5A84	FUN_page_3B__5a84	5	DEFAULT
UNNAMED_FUNCTION	3B	page_3B	5AA2	FUN_page_3B__5aa2	10	DEFAULT
UNNAMED_FUNCTION	3B	page_3B	5AD3	FUN_page_3B__5ad3	19	DEFAULT
UNNAMED_FUNCTION	3B	page_3B	5AE6	FUN_page_3B__5ae6	33	DEFAULT
UNNAMED_FUNCTION	3B	page_3B	5B07	FUN_page_3B__5b07	9	DEFAULT
UNNAMED_FUNCTION	3B	page_3B	5BE5	FUN_page_3B__5be5	18	DEFAULT
UNNAMED_FUNCTION	3B	page_3B	5C76	FUN_page_3B__5c76	30	DEFAULT
UNNAMED_FUNCTION	3B	page_3B	5F92	FUN_page_3B__5f92	12	DEFAULT
UNNAMED_FUNCTION	3B	page_3B	5FB1	cross_page_jump	3	DEFAULT
UNNAMED_FUNCTION	3B	page_3B	5FCD	FUN_page_3B__5fcd	62	DEFAULT
UNNAMED_FUNCTION	3B	page_3B	6017	cross_page_jump	3	DEFAULT
UNNAMED_FUNCTION	3B	page_3B	63A0	FUN_page_3B__63a0	22	DEFAULT
UNNAMED_FUNCTION	3B	page_3B	6671	FUN_page_3B__6671	57	DEFAULT
UNNAMED_FUNCTION	3B	page_3B	67A7	cross_page_jump	3	DEFAULT
UNNAMED_FUNCTION	3B	page_3B	67CD	FUN_page_3B__67cd	19	DEFAULT
UNNAMED_FUNCTION	3B	page_3B	6D6E	FUN_page_3B__6d6e	38	DEFAULT
UNNAMED_FUNCTION	3B	page_3B	6D94	FUN_page_3B__6d94	3	DEFAULT
UNNAMED_FUNCTION	3B	page_3B	6D97	FUN_page_3B__6d97	32	DEFAULT
UNNAMED_FUNCTION	3B	page_3B	6DB7	FUN_page_3B__6db7	29	DEFAULT
UNNAMED_FUNCTION	3B	page_3B	6EEF	FUN_page_3B__6eef	14	DEFAULT
UNNAMED_FUNCTION	3B	page_3B	6FAE	FUN_page_3B__6fae	33	DEFAULT
UNNAMED_FUNCTION	3B	page_3B	6FCF	FUN_page_3B__6fcf	16	DEFAULT
UNNAMED_FUNCTION	3B	page_3B	7021	FUN_page_3B__7021	216	DEFAULT
UNNAMED_FUNCTION	3B	page_3B	7103	FUN_page_3B__7103	11	DEFAULT
UNNAMED_FUNCTION	3B	page_3B	7120	FUN_page_3B__7120	24	DEFAULT
UNNAMED_FUNCTION	3B	page_3B	7331	FUN_page_3B__7331	17	DEFAULT
UNNAMED_FUNCTION	3B	page_3B	7342	FUN_page_3B__7342	84	DEFAULT
UNNAMED_FUNCTION	3B	page_3B	73A1	FUN_page_3B__73a1	18	DEFAULT
UNNAMED_FUNCTION	3B	page_3B	7409	_ErrDataType	3	DEFAULT
UNNAMED_FUNCTION	3B	page_3B	7496	_JError	3	DEFAULT
UNNAMED_FUNCTION	3B	page_3B	75D4	FUN_page_3B__75d4	61	DEFAULT
UNNAMED_FUNCTION	3B	page_3B	7611	FUN_page_3B__7611	52	DEFAULT
UNNAMED_FUNCTION	3B	page_3B	7645	FUN_page_3B__7645	21	DEFAULT
UNNAMED_FUNCTION	3B	page_3B	765A	FUN_page_3B__765a	4	DEFAULT
UNNAMED_FUNCTION	3B	page_3B	765E	FUN_page_3B__765e	31	DEFAULT
UNNAMED_FUNCTION	3B	page_3B	767D	FUN_page_3B__767d	3	DEFAULT
UNNAMED_FUNCTION	3B	page_3B	7680	FUN_page_3B__7680	43	DEFAULT
UNNAMED_FUNCTION	3B	page_3B	7878	FUN_page_3B__7878	20	DEFAULT
UNNAMED_FUNCTION	3B	page_3B	788C	FUN_page_3B__788c	18	DEFAULT
UNNAMED_FUNCTION	3B	page_3B	78A6	FUN_page_3B__78a6	6	DEFAULT
UNNAMED_FUNCTION	3B	page_3B	7983	FUN_page_3B__7983	35	DEFAULT
UNNAMED_FUNCTION	3B	page_3B	79B1	FUN_page_3B__79b1	34	DEFAULT
UNNAMED_FUNCTION	3B	page_3B	7A4E	FUN_page_3B__7a4e	8	DEFAULT
UNNAMED_FUNCTION	3C	page_3C	4050	FUN_page_3C__4050	3	DEFAULT
UNNAMED_FUNCTION	3C	page_3C	4053	FUN_page_3C__4053	2	DEFAULT
UNNAMED_FUNCTION	3C	page_3C	416C	FUN_page_3C__416c	12	DEFAULT
UNNAMED_FUNCTION	3C	page_3C	41B8	FUN_page_3C__41b8	4	DEFAULT
UNNAMED_FUNCTION	3C	page_3C	4301	FUN_page_3C__4301	14	DEFAULT
UNNAMED_FUNCTION	3C	page_3C	4389	FUN_page_3C__4389	19	DEFAULT
UNNAMED_FUNCTION	3C	page_3C	43D0	FUN_page_3C__43d0	95	DEFAULT
UNNAMED_FUNCTION	3C	page_3C	4527	FUN_page_3C__4527	3	DEFAULT
UNNAMED_FUNCTION	3C	page_3C	46DE	_JErrorNo	3	DEFAULT
UNNAMED_FUNCTION	3C	page_3C	4AC3	_JErrorNo	3	DEFAULT
UNNAMED_FUNCTION	3C	page_3C	4AC6	FUN_page_3C__4ac6	11	DEFAULT
UNNAMED_FUNCTION	3C	page_3C	4B70	FUN_page_3C__4b70	27	DEFAULT
UNNAMED_FUNCTION	3C	page_3C	4D07	_JErrorNo	3	DEFAULT
UNNAMED_FUNCTION	3C	page_3C	4D7C	FUN_page_3C__4d7c	7	DEFAULT
UNNAMED_FUNCTION	3C	page_3C	4D83	cross_page_jump	3	DEFAULT
UNNAMED_FUNCTION	3C	page_3C	4EAD	FUN_page_3C__4ead	10	DEFAULT
UNNAMED_FUNCTION	3C	page_3C	5211	_JErrorNo	3	DEFAULT
UNNAMED_FUNCTION	3C	page_3C	53C4	FUN_page_3C__53c4	46	DEFAULT
UNNAMED_FUNCTION	3C	page_3C	5411	_JErrorNo	3	DEFAULT
UNNAMED_FUNCTION	3C	page_3C	5467	_JErrorNo	3	DEFAULT
UNNAMED_FUNCTION	3C	page_3C	55B6	lnk_recv_end	2	DEFAULT
UNNAMED_FUNCTION	3C	page_3C	55F4	thunk_FUN_ram_2765	3	DEFAULT
UNNAMED_FUNCTION	3C	page_3C	5603	thunk_FUN_ram_2769	3	DEFAULT
UNNAMED_FUNCTION	3C	page_3C	57BA	_JErrorNo	3	DEFAULT
UNNAMED_FUNCTION	3C	page_3C	57F8	FUN_page_3C__57f8	6	DEFAULT
UNNAMED_FUNCTION	3C	page_3C	5803	_JError	3	DEFAULT
UNNAMED_FUNCTION	3C	page_3C	585C	cross_page_jump	3	DEFAULT
UNNAMED_FUNCTION	3C	page_3C	5875	FUN_page_3C__5875	36	DEFAULT
UNNAMED_FUNCTION	3C	page_3C	5EFF	FUN_page_3C__5eff	6	DEFAULT
UNNAMED_FUNCTION	3C	page_3C	62BB	FUN_page_3C__62bb	8	DEFAULT
UNNAMED_FUNCTION	3C	page_3C	634D	RST5	1	DEFAULT
UNNAMED_FUNCTION	3C	page_3C	6352	FUN_page_3C__6352	4	DEFAULT
UNNAMED_FUNCTION	3C	page_3C	6391	FUN_page_3C__6391	2	DEFAULT
UNNAMED_FUNCTION	3C	page_3C	651A	_JErrorNo	3	DEFAULT
UNNAMED_FUNCTION	3C	page_3C	651D	FUN_page_3C__651d	154	DEFAULT
UNNAMED_FUNCTION	3C	page_3C	65DF	FUN_page_3C__65df	87	DEFAULT
UNNAMED_FUNCTION	3C	page_3C	6636	FUN_page_3C__6636	133	DEFAULT
UNNAMED_FUNCTION	3C	page_3C	66BE	FUN_page_3C__66be	20	DEFAULT
UNNAMED_FUNCTION	3C	page_3C	670C	FUN_page_3C__670c	81	DEFAULT
UNNAMED_FUNCTION	3C	page_3C	67C2	FUN_page_3C__67c2	74	DEFAULT
UNNAMED_FUNCTION	3C	page_3C	6868	FUN_page_3C__6868	18	DEFAULT
UNNAMED_FUNCTION	3C	page_3C	68C5	_ChkFindSym	3	DEFAULT
UNNAMED_FUNCTION	3C	page_3C	69A3	FUN_page_3C__69a3	62	DEFAULT
UNNAMED_FUNCTION	3C	page_3C	69F0	FUN_page_3C__69f0	68	DEFAULT
UNNAMED_FUNCTION	3C	page_3C	6A4B	FUN_page_3C__6a4b	14	DEFAULT
UNNAMED_FUNCTION	3C	page_3C	6B2A	cross_page_jump	3	DEFAULT
UNNAMED_FUNCTION	3C	page_3C	6BA1	FUN_page_3C__6ba1	17	DEFAULT
UNNAMED_FUNCTION	3C	page_3C	6C0D	FUN_page_3C__6c0d	46	DEFAULT
UNNAMED_FUNCTION	3C	page_3C	6C62	FUN_page_3C__6c62	6	DEFAULT
UNNAMED_FUNCTION	3C	page_3C	6C68	FUN_page_3C__6c68	35	DEFAULT
UNNAMED_FUNCTION	3C	page_3C	6CAF	FUN_page_3C__6caf	18	DEFAULT
UNNAMED_FUNCTION	3C	page_3C	6D26	FUN_page_3C__6d26	18	DEFAULT
UNNAMED_FUNCTION	3C	page_3C	6D42	FUN_page_3C__6d42	9	DEFAULT
UNNAMED_FUNCTION	3C	page_3C	6E33	FUN_page_3C__6e33	29	DEFAULT
UNNAMED_FUNCTION	3C	page_3C	6E70	FUN_page_3C__6e70	7	DEFAULT
UNNAMED_FUNCTION	3C	page_3C	6EEA	_JErrorNo	3	DEFAULT
UNNAMED_FUNCTION	3C	page_3C	6F02	FUN_page_3C__6f02	24	DEFAULT
UNNAMED_FUNCTION	3C	page_3C	6FAF	FUN_page_3C__6faf	3	DEFAULT
UNNAMED_FUNCTION	3C	page_3C	708A	FUN_page_3C__708a	13	DEFAULT
UNNAMED_FUNCTION	3C	page_3C	7097	FUN_page_3C__7097	6	DEFAULT
UNNAMED_FUNCTION	3C	page_3C	71FC	FUN_page_3C__71fc	8	DEFAULT
UNNAMED_FUNCTION	3C	page_3C	726E	_sName	3	DEFAULT
UNNAMED_FUNCTION	3C	page_3C	775D	_sName	3	DEFAULT
UNNAMED_FUNCTION	3C	page_3C	7768	_sName	3	DEFAULT
UNNAMED_FUNCTION	3C	page_3C	7798	FUN_page_3C__7798	10	DEFAULT
UNNAMED_FUNCTION	3C	page_3C	7845	FUN_page_3C__7845	9	DEFAULT
UNNAMED_FUNCTION	3C	page_3C	7857	FUN_page_3C__7857	57	DEFAULT
UNNAMED_FUNCTION	3C	page_3C	7890	FUN_page_3C__7890	10	DEFAULT
UNNAMED_FUNCTION	3C	page_3C	789A	FUN_page_3C__789a	5	DEFAULT
UNNAMED_FUNCTION	3C	page_3C	78A4	FUN_page_3C__78a4	8	DEFAULT
UNNAMED_FUNCTION	3C	page_3C	78AD	FUN_page_3C__78ad	9	DEFAULT
UNNAMED_FUNCTION	3C	page_3C	7933	FUN_page_3C__7933	47	DEFAULT
UNNAMED_FUNCTION	3C	page_3C	7962	FUN_page_3C__7962	5	DEFAULT
UNNAMED_FUNCTION	3C	page_3C	79CE	FUN_page_3C__79ce	15	DEFAULT
UNNAMED_FUNCTION	3C	page_3C	79ED	FUN_page_3C__79ed	22	DEFAULT
UNNAMED_FUNCTION	3C	page_3C	7A55	FUN_page_3C__7a55	10	DEFAULT
UNNAMED_FUNCTION	3C	page_3C	7AB4	FUN_page_3C__7ab4	8	DEFAULT
UNNAMED_FUNCTION	3C	page_3C	7AD5	FUN_page_3C__7ad5	15	DEFAULT
UNNAMED_FUNCTION	3C	page_3C	7B2A	FUN_page_3C__7b2a	9	DEFAULT
UNNAMED_FUNCTION	3C	page_3C	7B33	FUN_page_3C__7b33	6	DEFAULT
UNNAMED_FUNCTION	3C	page_3C	7B3C	FUN_page_3C__7b3c	6	DEFAULT
UNNAMED_FUNCTION	3C	page_3C	7B6D	FUN_page_3C__7b6d	9	DEFAULT
UNNAMED_FUNCTION	3C	page_3C	7B83	FUN_page_3C__7b83	3	DEFAULT
UNNAMED_FUNCTION	3C	page_3C	7B90	FUN_page_3C__7b90	17	DEFAULT
UNNAMED_FUNCTION	3C	page_3C	7C04	_sName	3	DEFAULT
UNNAMED_FUNCTION	3C	page_3C	7DC7	FUN_page_3C__7dc7	4	DEFAULT
UNNAMED_FUNCTION	3C	page_3C	7DEA	RST5	1	DEFAULT
UNNAMED_FUNCTION	3C	page_3C	7DFD	FUN_page_3C__7dfd	16	DEFAULT
UNNAMED_FUNCTION	3C	page_3C	7E23	thunk_FUN_page_3C__7e36	3	DEFAULT
UNNAMED_FUNCTION	3C	page_3C	7E36	FUN_page_3C__7e36	11	DEFAULT
UNNAMED_FUNCTION	3C	page_3C	7E48	FUN_page_3C__7e48	21	DEFAULT
UNNAMED_FUNCTION	3C	page_3C	7E5D	FUN_page_3C__7e5d	4	DEFAULT
UNNAMED_FUNCTION	3C	page_3C	7ED4	FUN_page_3C__7ed4	4	DEFAULT
UNNAMED_FUNCTION	3C	page_3C	7EDB	FUN_page_3C__7edb	15	DEFAULT
UNNAMED_FUNCTION	3C	page_3C	7F05	FUN_page_3C__7f05	17	DEFAULT
UNNAMED_FUNCTION	3C	page_3C	7F2F	FUN_page_3C__7f2f	17	DEFAULT
UNNAMED_FUNCTION	3C	page_3C	7F40	FUN_page_3C__7f40	28	DEFAULT
UNNAMED_FUNCTION	3D	page_3D	403F	FUN_page_3D__403f	5	DEFAULT
UNNAMED_FUNCTION	3D	page_3D	40A8	FUN_page_3D__40a8	33	DEFAULT
UNNAMED_FUNCTION	3D	page_3D	42A3	thunk_FUN_page_3D__5241	3	DEFAULT
UNNAMED_FUNCTION	3D	page_3D	42A9	FUN_page_3D__42a9	3	DEFAULT
UNNAMED_FUNCTION	3D	page_3D	42B3	FUN_page_3D__42b3	11	DEFAULT
UNNAMED_FUNCTION	3D	page_3D	42DF	FUN_page_3D__42df	8	DEFAULT
UNNAMED_FUNCTION	3D	page_3D	42F2	FUN_page_3D__42f2	8	DEFAULT
UNNAMED_FUNCTION	3D	page_3D	437A	FUN_page_3D__437a	8	DEFAULT
UNNAMED_FUNCTION	3D	page_3D	445F	FUN_page_3D__445f	12	DEFAULT
UNNAMED_FUNCTION	3D	page_3D	44F2	FUN_page_3D__44f2	5	DEFAULT
UNNAMED_FUNCTION	3D	page_3D	45BB	FUN_page_3D__45bb	1	DEFAULT
UNNAMED_FUNCTION	3D	page_3D	4725	FUN_page_3D__4725	6	DEFAULT
UNNAMED_FUNCTION	3D	page_3D	4806	FUN_page_3D__4806	43	DEFAULT
UNNAMED_FUNCTION	3D	page_3D	48E0	RST5	1	DEFAULT
UNNAMED_FUNCTION	3D	page_3D	48E3	FUN_page_3D__48e3	7	DEFAULT
UNNAMED_FUNCTION	3D	page_3D	48EA	FUN_page_3D__48ea	7	DEFAULT
UNNAMED_FUNCTION	3D	page_3D	48F1	FUN_page_3D__48f1	5	DEFAULT
UNNAMED_FUNCTION	3D	page_3D	4938	FUN_page_3D__4938	42	DEFAULT
UNNAMED_FUNCTION	3D	page_3D	4980	FUN_page_3D__4980	54	DEFAULT
UNNAMED_FUNCTION	3D	page_3D	49EC	FUN_page_3D__49ec	39	DEFAULT
UNNAMED_FUNCTION	3D	page_3D	4ABE	FUN_page_3D__4abe	12	DEFAULT
UNNAMED_FUNCTION	3D	page_3D	4B28	FUN_page_3D__4b28	43	DEFAULT
UNNAMED_FUNCTION	3D	page_3D	4BBC	FUN_page_3D__4bbc	15	DEFAULT
UNNAMED_FUNCTION	3D	page_3D	4BCB	FUN_page_3D__4bcb	81	DEFAULT
UNNAMED_FUNCTION	3D	page_3D	4C39	FUN_page_3D__4c39	89	DEFAULT
UNNAMED_FUNCTION	3D	page_3D	4EBC	FUN_page_3D__4ebc	34	DEFAULT
UNNAMED_FUNCTION	3D	page_3D	5019	FUN_page_3D__5019	37	DEFAULT
UNNAMED_FUNCTION	3D	page_3D	508C	FUN_page_3D__508c	23	DEFAULT
UNNAMED_FUNCTION	3D	page_3D	50E5	FUN_page_3D__50e5	3	DEFAULT
UNNAMED_FUNCTION	3D	page_3D	50E8	FUN_page_3D__50e8	10	DEFAULT
UNNAMED_FUNCTION	3D	page_3D	51A6	FUN_page_3D__51a6	24	DEFAULT
UNNAMED_FUNCTION	3D	page_3D	51BE	FUN_page_3D__51be	30	DEFAULT
UNNAMED_FUNCTION	3D	page_3D	51DC	FUN_page_3D__51dc	8	DEFAULT
UNNAMED_FUNCTION	3D	page_3D	51E4	FUN_page_3D__51e4	18	DEFAULT
UNNAMED_FUNCTION	3D	page_3D	51F6	FUN_page_3D__51f6	4	DEFAULT
UNNAMED_FUNCTION	3D	page_3D	5233	FUN_page_3D__5233	4	DEFAULT
UNNAMED_FUNCTION	3D	page_3D	5241	FUN_page_3D__5241	6	DEFAULT
UNNAMED_FUNCTION	3D	page_3D	5247	FUN_page_3D__5247	5	DEFAULT
UNNAMED_FUNCTION	3D	page_3D	524C	FUN_page_3D__524c	6	DEFAULT
UNNAMED_FUNCTION	3D	page_3D	52EF	FUN_page_3D__52ef	9	DEFAULT
UNNAMED_FUNCTION	3D	page_3D	5356	FUN_page_3D__5356	19	DEFAULT
UNNAMED_FUNCTION	3D	page_3D	538A	FUN_page_3D__538a	64	DEFAULT
UNNAMED_FUNCTION	3D	page_3D	5435	FUN_page_3D__5435	49	DEFAULT
UNNAMED_FUNCTION	3D	page_3D	5519	FUN_page_3D__5519	6	DEFAULT
UNNAMED_FUNCTION	3D	page_3D	55F5	FUN_page_3D__55f5	5	DEFAULT
UNNAMED_FUNCTION	3D	page_3D	5743	FUN_page_3D__5743	22	DEFAULT
UNNAMED_FUNCTION	3D	page_3D	5779	FUN_page_3D__5779	56	DEFAULT
UNNAMED_FUNCTION	3D	page_3D	57B1	FUN_page_3D__57b1	6	DEFAULT
UNNAMED_FUNCTION	3D	page_3D	5AB8	FUN_page_3D__5ab8	95	DEFAULT
UNNAMED_FUNCTION	3D	page_3D	5B17	FUN_page_3D__5b17	15	DEFAULT
UNNAMED_FUNCTION	3D	page_3D	5B35	FUN_page_3D__5b35	24	DEFAULT
UNNAMED_FUNCTION	3D	page_3D	5B59	_JErrorNo	3	DEFAULT
UNNAMED_FUNCTION	3D	page_3D	5B5F	FUN_page_3D__5b5f	7	DEFAULT
UNNAMED_FUNCTION	3D	page_3D	5B84	FUN_page_3D__5b84	7	DEFAULT
UNNAMED_FUNCTION	3D	page_3D	5BB7	FUN_page_3D__5bb7	12	DEFAULT
UNNAMED_FUNCTION	3D	page_3D	5C23	FUN_page_3D__5c23	46	DEFAULT
UNNAMED_FUNCTION	3D	page_3D	5D21	FUN_page_3D__5d21	70	DEFAULT
UNNAMED_FUNCTION	3D	page_3D	5D67	FUN_page_3D__5d67	19	DEFAULT
UNNAMED_FUNCTION	3D	page_3D	5D7A	FUN_page_3D__5d7a	23	DEFAULT
UNNAMED_FUNCTION	3D	page_3D	5F87	thunk_FUN_ram_2765	3	DEFAULT
UNNAMED_FUNCTION	3D	page_3D	6051	FUN_page_3D__6051	60	DEFAULT
UNNAMED_FUNCTION	3D	page_3D	612C	FUN_page_3D__612c	34	DEFAULT
UNNAMED_FUNCTION	3D	page_3D	614E	FUN_page_3D__614e	9	DEFAULT
UNNAMED_FUNCTION	3D	page_3D	6157	FUN_page_3D__6157	9	DEFAULT
UNNAMED_FUNCTION	3D	page_3D	6196	FUN_page_3D__6196	8	DEFAULT
UNNAMED_FUNCTION	3D	page_3D	619E	FUN_page_3D__619e	17	DEFAULT
UNNAMED_FUNCTION	3D	page_3D	6224	FUN_page_3D__6224	5	DEFAULT
UNNAMED_FUNCTION	3D	page_3D	6229	FUN_page_3D__6229	9	DEFAULT
UNNAMED_FUNCTION	3D	page_3D	6232	FUN_page_3D__6232	122	DEFAULT
UNNAMED_FUNCTION	3D	page_3D	62AC	FUN_page_3D__62ac	22	DEFAULT
UNNAMED_FUNCTION	3D	page_3D	6340	FUN_page_3D__6340	44	DEFAULT
UNNAMED_FUNCTION	3D	page_3D	636C	FUN_page_3D__636c	138	DEFAULT
UNNAMED_FUNCTION	3D	page_3D	63F6	FUN_page_3D__63f6	29	DEFAULT
UNNAMED_FUNCTION	3D	page_3D	65F2	FUN_page_3D__65f2	16	DEFAULT
UNNAMED_FUNCTION	3D	page_3D	6606	FUN_page_3D__6606	27	DEFAULT
UNNAMED_FUNCTION	3D	page_3D	6625	FUN_page_3D__6625	78	DEFAULT
UNNAMED_FUNCTION	3D	page_3D	68CE	FUN_page_3D__68ce	19	DEFAULT
UNNAMED_FUNCTION	3D	page_3D	6AF4	FUN_page_3D__6af4	58	DEFAULT
UNNAMED_FUNCTION	3D	page_3D	6BC5	FUN_page_3D__6bc5	20	DEFAULT
UNNAMED_FUNCTION	3D	page_3D	6C5E	FUN_page_3D__6c5e	19	DEFAULT
UNNAMED_FUNCTION	3D	page_3D	6C77	FUN_page_3D__6c77	2	DEFAULT
UNNAMED_FUNCTION	3D	page_3D	6C79	FUN_page_3D__6c79	4	DEFAULT
UNNAMED_FUNCTION	3D	page_3D	6D3B	FUN_page_3D__6d3b	6	DEFAULT
UNNAMED_FUNCTION	3D	page_3D	6D67	FUN_page_3D__6d67	25	DEFAULT
UNNAMED_FUNCTION	3D	page_3D	6D8E	thunk_FUN_ram_276d	3	DEFAULT
UNNAMED_FUNCTION	3D	page_3D	6ECD	_JErrorNo	3	DEFAULT
UNNAMED_FUNCTION	3D	page_3D	6EFA	_ErrMemory	3	DEFAULT
UNNAMED_FUNCTION	3D	page_3D	6F2A	thunk_FUN_ram_2765	3	DEFAULT
UNNAMED_FUNCTION	3D	page_3D	6F57	thunk_FUN_ram_2769	3	DEFAULT
UNNAMED_FUNCTION	3D	page_3D	6F66	FUN_page_3D__6f66	7	DEFAULT
UNNAMED_FUNCTION	3D	page_3D	6FFD	FUN_page_3D__6ffd	40	DEFAULT
UNNAMED_FUNCTION	3D	page_3D	7019	FUN_page_3D__7019	234	DEFAULT
UNNAMED_FUNCTION	3D	page_3D	70FC	FUN_page_3D__70fc	96	DEFAULT
UNNAMED_FUNCTION	3D	page_3D	71E9	FUN_page_3D__71e9	29	DEFAULT
UNNAMED_FUNCTION	3D	page_3D	7232	FUN_page_3D__7232	13	DEFAULT
UNNAMED_FUNCTION	3D	page_3D	725B	FUN_page_3D__725b	19	DEFAULT
UNNAMED_FUNCTION	3D	page_3D	7285	FUN_page_3D__7285	34	DEFAULT
UNNAMED_FUNCTION	3D	page_3D	72A7	FUN_page_3D__72a7	11	DEFAULT
UNNAMED_FUNCTION	3D	page_3D	72CB	FUN_page_3D__72cb	18	DEFAULT
UNNAMED_FUNCTION	3D	page_3D	74AD	_ErrMemory	3	DEFAULT
UNNAMED_FUNCTION	3D	page_3D	74B0	thunk_FUN_ram_2769	3	DEFAULT
UNNAMED_FUNCTION	3D	page_3D	74B3	thunk_FUN_ram_2765	3	DEFAULT
UNNAMED_FUNCTION	3D	page_3D	780C	FUN_page_3D__780c	32	DEFAULT
UNNAMED_FUNCTION	3D	page_3D	7865	FUN_page_3D__7865	22	DEFAULT
UNNAMED_FUNCTION	3D	page_3D	787B	FUN_page_3D__787b	24	DEFAULT
UNNAMED_FUNCTION	3D	page_3D	7918	FUN_page_3D__7918	25	DEFAULT
UNNAMED_FUNCTION	3D	page_3D	7931	FUN_page_3D__7931	5	DEFAULT
UNNAMED_FUNCTION	3D	page_3D	7993	FUN_page_3D__7993	3	DEFAULT
UNNAMED_FUNCTION	3D	page_3D	7A19	FUN_page_3D__7a19	9	DEFAULT
UNNAMED_FUNCTION	3D	page_3D	7A22	FUN_page_3D__7a22	20	DEFAULT
UNNAMED_FUNCTION	3D	page_3D	7A36	RST5	1	DEFAULT
UNNAMED_FUNCTION	3D	page_3D	7ACE	FUN_page_3D__7ace	105	DEFAULT
UNNAMED_FUNCTION	3D	page_3D	7D6B	FUN_page_3D__7d6b	11	DEFAULT
UNNAMED_FUNCTION	3D	page_3D	7E09	FUN_page_3D__7e09	23	DEFAULT
UNNAMED_FUNCTION	3D	page_3D	7F5D	thunk_FUN_ram_2781	3	DEFAULT
UNNAMED_FUNCTION	3F	page_3F	40DE	FUN_page_3F__40de	5	DEFAULT
UNNAMED_FUNCTION	3F	page_3F	42B3	FUN_page_3F__42b3	85	DEFAULT
UNNAMED_FUNCTION	3F	page_3F	43A4	FUN_page_3F__43a4	5	DEFAULT
UNNAMED_FUNCTION	3F	page_3F	43A9	FUN_page_3F__43a9	134	DEFAULT
UNNAMED_FUNCTION	3F	page_3F	4856	FUN_page_3F__4856	17	DEFAULT
UNNAMED_FUNCTION	3F	page_3F	4868	FUN_page_3F__4868	4	DEFAULT
UNNAMED_FUNCTION	3F	page_3F	486C	FUN_page_3F__486c	2	DEFAULT
UNNAMED_FUNCTION	3F	page_3F	4886	FUN_page_3F__4886	2	DEFAULT
UNNAMED_FUNCTION	3F	page_3F	488E	FUN_page_3F__488e	12	DEFAULT
UNNAMED_FUNCTION	3F	page_3F	48EB	FUN_page_3F__48eb	3	DEFAULT
UNNAMED_FUNCTION	3F	page_3F	4C08	FUN_page_3F__4c08	15	DEFAULT
UNNAMED_FUNCTION	3F	page_3F	4C96	FUN_page_3F__4c96	4	DEFAULT
UNNAMED_FUNCTION	3F	page_3F	4D88	FUN_page_3F__4d88	34	DEFAULT
UNNAMED_FUNCTION	3F	page_3F	4DAA	FUN_page_3F__4daa	5	DEFAULT
UNNAMED_FUNCTION	3F	page_3F	4DB6	FUN_page_3F__4db6	2	DEFAULT
UNNAMED_FUNCTION	3F	page_3F	4DF9	FUN_page_3F__4df9	2	DEFAULT
UNNAMED_FUNCTION	3F	page_3F	4E57	FUN_page_3F__4e57	3	DEFAULT
UNNAMED_FUNCTION	3F	page_3F	4E5A	FUN_page_3F__4e5a	7	DEFAULT
UNNAMED_FUNCTION	3F	page_3F	4E8A	FUN_page_3F__4e8a	2	DEFAULT
UNNAMED_FUNCTION	3F	page_3F	4F91	FUN_page_3F__4f91	79	DEFAULT
UNNAMED_FUNCTION	3F	page_3F	5099	FUN_page_3F__5099	163	DEFAULT
UNNAMED_FUNCTION	3F	page_3F	513C	FUN_page_3F__513c	56	DEFAULT
UNNAMED_FUNCTION	3F	page_3F	5174	FUN_page_3F__5174	44	DEFAULT
UNNAMED_FUNCTION	3F	page_3F	51A0	FUN_page_3F__51a0	6	DEFAULT
UNNAMED_FUNCTION	3F	page_3F	51A6	FUN_page_3F__51a6	28	DEFAULT
UNNAMED_FUNCTION	3F	page_3F	51C2	FUN_page_3F__51c2	51	DEFAULT
UNNAMED_FUNCTION	3F	page_3F	52D1	FUN_page_3F__52d1	16	DEFAULT
UNNAMED_FUNCTION	3F	page_3F	52F8	FUN_page_3F__52f8	30	DEFAULT
UNNAMED_FUNCTION	3F	page_3F	533E	FUN_page_3F__533e	38	DEFAULT
UNNAMED_FUNCTION	3F	page_3F	5364	FUN_page_3F__5364	12	DEFAULT
UNNAMED_FUNCTION	3F	page_3F	5370	FUN_page_3F__5370	23	DEFAULT
UNNAMED_FUNCTION	3F	page_3F	54A5	FUN_page_3F__54a5	20	DEFAULT
UNNAMED_FUNCTION	3F	page_3F	54B9	FUN_page_3F__54b9	19	DEFAULT
UNNAMED_FUNCTION	3F	page_3F	5718	FUN_page_3F__5718	7	DEFAULT
UNNAMED_FUNCTION	3F	page_3F	571F	FUN_page_3F__571f	11	DEFAULT
UNNAMED_FUNCTION	3F	page_3F	572C	FUN_page_3F__572c	7	DEFAULT
UNNAMED_FUNCTION	3F	page_3F	573C	FUN_page_3F__573c	77	DEFAULT
UNNAMED_FUNCTION	3F	page_3F	578F	FUN_page_3F__578f	89	DEFAULT
UNNAMED_FUNCTION	3F	page_3F	57E8	FUN_page_3F__57e8	31	DEFAULT
UNNAMED_FUNCTION	3F	page_3F	5889	FUN_page_3F__5889	2	DEFAULT
UNNAMED_FUNCTION	3F	page_3F	588B	FUN_page_3F__588b	11	DEFAULT
UNNAMED_FUNCTION	3F	page_3F	5896	FUN_page_3F__5896	13	DEFAULT
UNNAMED_FUNCTION	3F	page_3F	58A3	FUN_page_3F__58a3	41	DEFAULT
UNNAMED_FUNCTION	3F	page_3F	58CC	FUN_page_3F__58cc	25	DEFAULT
UNNAMED_FUNCTION	3F	page_3F	58E5	FUN_page_3F__58e5	9	DEFAULT
UNNAMED_FUNCTION	3F	page_3F	58EE	FUN_page_3F__58ee	679	DEFAULT
UNNAMED_FUNCTION	3F	page_3F	5B9B	FUN_page_3F__5b9b	71	DEFAULT
UNNAMED_FUNCTION	3F	page_3F	5BE2	FUN_page_3F__5be2	5	DEFAULT
UNNAMED_FUNCTION	3F	page_3F	5BE7	FUN_page_3F__5be7	5	DEFAULT
UNNAMED_FUNCTION	3F	page_3F	5BEC	FUN_page_3F__5bec	20	DEFAULT
UNNAMED_FUNCTION	3F	page_3F	5C00	FUN_page_3F__5c00	9	DEFAULT
UNNAMED_FUNCTION	3F	page_3F	5C09	FUN_page_3F__5c09	8	DEFAULT
UNNAMED_FUNCTION	3F	page_3F	5C11	FUN_page_3F__5c11	3	DEFAULT
UNNAMED_FUNCTION	3F	page_3F	5C14	FUN_page_3F__5c14	66	DEFAULT
UNNAMED_FUNCTION	3F	page_3F	5C56	thunk_FUN_page_3F__6235	3	DEFAULT
UNNAMED_FUNCTION	3F	page_3F	5C61	FUN_page_3F__5c61	3	DEFAULT
UNNAMED_FUNCTION	3F	page_3F	5C6F	FUN_page_3F__5c6f	5	DEFAULT
UNNAMED_FUNCTION	3F	page_3F	5C74	FUN_page_3F__5c74	10	DEFAULT
UNNAMED_FUNCTION	3F	page_3F	5C7E	FUN_page_3F__5c7e	308	DEFAULT
UNNAMED_FUNCTION	3F	page_3F	5DB6	FUN_page_3F__5db6	24	DEFAULT
UNNAMED_FUNCTION	3F	page_3F	5F81	FUN_page_3F__5f81	35	DEFAULT
UNNAMED_FUNCTION	3F	page_3F	5FA4	FUN_page_3F__5fa4	185	DEFAULT
UNNAMED_FUNCTION	3F	page_3F	612B	FUN_page_3F__612b	3	DEFAULT
UNNAMED_FUNCTION	3F	page_3F	612E	FUN_page_3F__612e	7	DEFAULT
UNNAMED_FUNCTION	3F	page_3F	6135	FUN_page_3F__6135	16	DEFAULT
UNNAMED_FUNCTION	3F	page_3F	6145	FUN_page_3F__6145	30	DEFAULT
UNNAMED_FUNCTION	3F	page_3F	61AC	FUN_page_3F__61ac	5	DEFAULT
UNNAMED_FUNCTION	3F	page_3F	61B1	FUN_page_3F__61b1	2	DEFAULT
UNNAMED_FUNCTION	3F	page_3F	61B3	FUN_page_3F__61b3	15	DEFAULT
UNNAMED_FUNCTION	3F	page_3F	61C2	FUN_page_3F__61c2	71	DEFAULT
UNNAMED_FUNCTION	3F	page_3F	6212	FUN_page_3F__6212	5	DEFAULT
UNNAMED_FUNCTION	3F	page_3F	6217	FUN_page_3F__6217	9	DEFAULT
UNNAMED_FUNCTION	3F	page_3F	6220	FUN_page_3F__6220	21	DEFAULT
UNNAMED_FUNCTION	3F	page_3F	6235	FUN_page_3F__6235	34	DEFAULT
UNNAMED_FUNCTION	3F	page_3F	6257	FUN_page_3F__6257	33	DEFAULT
UNNAMED_FUNCTION	3F	page_3F	6291	FUN_page_3F__6291	41	DEFAULT
UNNAMED_FUNCTION	3F	page_3F	62BA	FUN_page_3F__62ba	9	DEFAULT
UNNAMED_FUNCTION	3F	page_3F	62C3	FUN_page_3F__62c3	8	DEFAULT
UNNAMED_FUNCTION	3F	page_3F	63B2	FUN_page_3F__63b2	41	DEFAULT
UNNAMED_FUNCTION	3F	page_3F	643F	FUN_page_3F__643f	119	DEFAULT
UNNAMED_FUNCTION	3F	page_3F	64B6	FUN_page_3F__64b6	77	DEFAULT
UNNAMED_FUNCTION	3F	page_3F	6503	FUN_page_3F__6503	58	DEFAULT
UNNAMED_FUNCTION	3F	page_3F	653D	FUN_page_3F__653d	31	DEFAULT
UNNAMED_FUNCTION	3F	page_3F	655C	FUN_page_3F__655c	13	DEFAULT
UNNAMED_FUNCTION	3F	page_3F	6569	FUN_page_3F__6569	33	DEFAULT
UNNAMED_FUNCTION	3F	page_3F	6592	FUN_page_3F__6592	21	DEFAULT
UNNAMED_FUNCTION	3F	page_3F	65F8	FUN_page_3F__65f8	29	DEFAULT
UNNAMED_FUNCTION	3F	page_3F	692B	FUN_page_3F__692b	36	DEFAULT
UNNAMED_FUNCTION	3F	page_3F	694F	FUN_page_3F__694f	21	DEFAULT
UNNAMED_FUNCTION	3F	page_3F	699A	FUN_page_3F__699a	99	DEFAULT
UNNAMED_FUNCTION	3F	page_3F	69FD	FUN_page_3F__69fd	5	DEFAULT
UNNAMED_FUNCTION	3F	page_3F	6A02	FUN_page_3F__6a02	5	DEFAULT
UNNAMED_FUNCTION	3F	page_3F	6A07	FUN_page_3F__6a07	5	DEFAULT
UNNAMED_FUNCTION	3F	page_3F	6A0C	FUN_page_3F__6a0c	111	DEFAULT
UNNAMED_FUNCTION	3F	page_3F	6B7E	FUN_page_3F__6b7e	16	DEFAULT
UNNAMED_FUNCTION	3F	page_3F	6B8E	FUN_page_3F__6b8e	16	DEFAULT
UNNAMED_FUNCTION	3F	page_3F	6B9E	FUN_page_3F__6b9e	16	DEFAULT
UNNAMED_FUNCTION	3F	page_3F	6BAE	FUN_page_3F__6bae	16	DEFAULT
UNNAMED_FUNCTION	3F	page_3F	6BBE	FUN_page_3F__6bbe	16	DEFAULT
UNNAMED_FUNCTION	3F	page_3F	6BCE	FUN_page_3F__6bce	16	DEFAULT
UNNAMED_FUNCTION	3F	page_3F	6BDE	FUN_page_3F__6bde	4	DEFAULT
UNNAMED_FUNCTION	3F	page_3F	6BE2	FUN_page_3F__6be2	5	DEFAULT
UNNAMED_FUNCTION	3F	page_3F	6BE7	FUN_page_3F__6be7	5	DEFAULT
UNNAMED_FUNCTION	3F	page_3F	6BEC	FUN_page_3F__6bec	5	DEFAULT
UNNAMED_FUNCTION	3F	page_3F	6BF1	FUN_page_3F__6bf1	5	DEFAULT
UNNAMED_FUNCTION	3F	page_3F	6CDC	FUN_page_3F__6cdc	80	DEFAULT
UNNAMED_FUNCTION	3F	page_3F	6D2C	FUN_page_3F__6d2c	37	DEFAULT
UNNAMED_FUNCTION	3F	page_3F	6D51	FUN_page_3F__6d51	632	DEFAULT
UNNAMED_FUNCTION	3F	page_3F	6FB3	FUN_page_3F__6fb3	35	DEFAULT
UNNAMED_FUNCTION	3F	page_3F	6FD6	FUN_page_3F__6fd6	18	DEFAULT
UNNAMED_FUNCTION	3F	page_3F	6FE8	FUN_page_3F__6fe8	19	DEFAULT
UNNAMED_FUNCTION	3F	page_3F	7025	FUN_page_3F__7025	8	DEFAULT
UNNAMED_FUNCTION	3F	page_3F	702D	FUN_page_3F__702d	5	DEFAULT
UNNAMED_FUNCTION	3F	page_3F	7032	FUN_page_3F__7032	9	DEFAULT
UNNAMED_FUNCTION	3F	page_3F	703B	FUN_page_3F__703b	15	DEFAULT
UNNAMED_FUNCTION	3F	page_3F	704A	FUN_page_3F__704a	15	DEFAULT
UNNAMED_FUNCTION	3F	page_3F	71C1	FUN_page_3F__71c1	100	DEFAULT
UNNAMED_FUNCTION	3F	page_3F	7299	FUN_page_3F__7299	86	DEFAULT
UNNAMED_FUNCTION	3F	page_3F	72EC	FUN_page_3F__72ec	152	DEFAULT
UNNAMED_FUNCTION	3F	page_3F	7384	FUN_page_3F__7384	30	DEFAULT
UNNAMED_FUNCTION	3F	page_3F	73A2	FUN_page_3F__73a2	36	DEFAULT
UNNAMED_FUNCTION	3F	page_3F	73C6	FUN_page_3F__73c6	23	DEFAULT
UNNAMED_FUNCTION	3F	page_3F	73F5	FUN_page_3F__73f5	18	DEFAULT
UNNAMED_FUNCTION	3F	page_3F	7407	FUN_page_3F__7407	3	DEFAULT
UNNAMED_FUNCTION	3F	page_3F	740A	FUN_page_3F__740a	9	DEFAULT
UNNAMED_FUNCTION	3F	page_3F	7413	FUN_page_3F__7413	35	DEFAULT
UNNAMED_FUNCTION	3F	page_3F	7436	FUN_page_3F__7436	18	DEFAULT
UNNAMED_FUNCTION	3F	page_3F	7448	FUN_page_3F__7448	6	DEFAULT
UNNAMED_FUNCTION	3F	page_3F	744E	FUN_page_3F__744e	9	DEFAULT
UNNAMED_FUNCTION	3F	page_3F	7457	FUN_page_3F__7457	10	DEFAULT
UNNAMED_FUNCTION	3F	page_3F	7461	FUN_page_3F__7461	5	DEFAULT
UNNAMED_FUNCTION	3F	page_3F	747D	FUN_page_3F__747d	10	DEFAULT
UNNAMED_FUNCTION	3F	page_3F	7487	FUN_page_3F__7487	20	DEFAULT
UNNAMED_FUNCTION	3F	page_3F	749B	FUN_page_3F__749b	24	DEFAULT
UNNAMED_FUNCTION	3F	page_3F	74B3	FUN_page_3F__74b3	19	DEFAULT
UNNAMED_FUNCTION	3F	page_3F	74C6	FUN_page_3F__74c6	60	DEFAULT
UNNAMED_FUNCTION	3F	page_3F	7CC2	FUN_page_3F__7cc2	44	DEFAULT
UNNAMED_FUNCTION	3F	page_3F	7D00	FUN_page_3F__7d00	11	DEFAULT
UNNAMED_FUNCTION	3F	page_3F	7D12	FUN_page_3F__7d12	2	DEFAULT
UNNAMED_FUNCTION	3F	page_3F	7D14	FUN_page_3F__7d14	17	DEFAULT
UNNAMED_FUNCTION	3F	page_3F	7DFB	FUN_page_3F__7dfb	62	DEFAULT
UNNAMED_FUNCTION	3F	page_3F	7E39	FUN_page_3F__7e39	21	DEFAULT
UNRESOLVED_TARGET	bcall	40C9	_TanH	02	page_02	762A	missing-instruction
UNRESOLVED_TARGET	bcall	40CC	_cosh	02	page_02	762E	missing-instruction
UNRESOLVED_TARGET	bcall	40CF	_SinH	02	page_02	7632	missing-instruction
UNRESOLVED_TARGET	bcall	40DE	_ACos	02	page_02	76DF	missing-instruction
UNRESOLVED_TARGET	bcall	40E1	_ATan	02	page_02	76E9	missing-instruction
UNRESOLVED_TARGET	bcall	40EA	_ATanH	02	page_02	7909	missing-instruction
UNRESOLVED_TARGET	bcall	40ED	_ASinH	02	page_02	7956	missing-instruction
UNRESOLVED_TARGET	bcall	40F0	_ACosH	02	page_02	7964	missing-instruction
UNRESOLVED_TARGET	bcall	450D	_putpsb	01	page_01	5C52	missing-instruction
UNRESOLVED_TARGET	bcall	45A0	_putbPAT	01	page_01	67D4	missing-instruction
UNRESOLVED_TARGET	bcall	45B8	_finishoutput	01	page_01	69C8	missing-instruction
UNRESOLVED_TARGET	bcall	45D9	_LoadMenuNum	39	page_39	4A54	missing-instruction
UNRESOLVED_TARGET	bcall	45F1	_SetMenuFlags	39	page_39	581A	missing-instruction
UNRESOLVED_TARGET	bcall	4603	_CompareContext	39	page_39	6606	missing-instruction
UNRESOLVED_TARGET	bcall	475C	_CommonKeys	03	page_03	450C	missing-instruction
UNRESOLVED_TARGET	bcall	475F	_Leftmore	03	page_03	45D9	missing-instruction
UNRESOLVED_TARGET	bcall	4762	_fDel	03	page_03	466F	missing-instruction
UNRESOLVED_TARGET	bcall	4768	_finsDisp	03	page_03	4687	missing-instruction
UNRESOLVED_TARGET	bcall	47EC	_CheckTOP	04	page_04	43C8	missing-instruction
UNRESOLVED_TARGET	bcall	480D	_GDISPTOKEN	04	page_04	4784	missing-instruction
UNRESOLVED_TARGET	bcall	4819	_TMPEQUNOSRC	04	page_04	4D78	missing-instruction
UNRESOLVED_TARGET	bcall	484C	_ZmInt	04	page_04	5F85	missing-instruction
UNRESOLVED_TARGET	bcall	485E	_ZmSquare	36	page_36	7ABE	missing-instruction
UNRESOLVED_TARGET	bcall	4894	INITNSEQ	04	page_04	70D4	missing-instruction
UNRESOLVED_TARGET	bcall	489A	_Ceiling	04	page_04	74E8	missing-instruction
UNRESOLVED_TARGET	bcall	48D0	_dsplsts	05	page_05	524C	missing-instruction
UNRESOLVED_TARGET	bcall	4909	_bufInsert	06	page_06	42E5	missing-instruction
UNRESOLVED_TARGET	bcall	490F	_BufReplace	06	page_06	4341	missing-instruction
UNRESOLVED_TARGET	bcall	495A	_DispHead	06	page_06	46EB	missing-instruction
UNRESOLVED_TARGET	bcall	496C	_CloseEditEqu	06	page_06	4771	missing-instruction
UNRESOLVED_TARGET	bcall	4996	_FormDCplx	06	page_06	59D3	missing-instruction
UNRESOLVED_TARGET	bcall	49AE	_rclVarToEditPtR	06	page_06	5EF3	missing-instruction
UNRESOLVED_TARGET	bcall	49C3	_EditEqu	06	page_06	71BB	missing-instruction
UNRESOLVED_TARGET	bcall	49C6	_closeEquField	06	page_06	7222	missing-instruction
UNRESOLVED_TARGET	bcall	4A3E	_SAVEDATA	07	page_07	501F	missing-instruction
UNRESOLVED_TARGET	bcall	4A47	_FindAlphaDn	07	page_07	50B8	missing-instruction
UNRESOLVED_TARGET	bcall	4A83	_GRAPHQUAD	07	page_07	6365	missing-instruction
UNRESOLVED_TARGET	bcall	4A8F	_WRITE_TEXT	38	page_38	526B	missing-instruction
UNRESOLVED_TARGET	bcall	4A98	_PLOTPARS	38	page_38	58FF	missing-instruction
UNRESOLVED_TARGET	bcall	4AB0	_OP2Set60	38	page_38	5DDC	missing-instruction
UNRESOLVED_TARGET	bcall	4AF5	_PARSE_FORMULA	38	page_38	758D	missing-instruction
UNRESOLVED_TARGET	bcall	4B40	_STOTYPEARG	38	page_38	72F3	missing-instruction
UNRESOLVED_TARGET	bcall	4BBB	_FINISHSPEC	04	page_04	4A81	missing-instruction
UNRESOLVED_TARGET	bcall	4BCA	_CKVALDELX	04	page_04	5F5A	missing-instruction
UNRESOLVED_TARGET	bcall	4D4A	_AppStartMouseNoSetup	3B	page_3B	78FC	missing-instruction
UNRESOLVED_TARGET	bcall	4E76	_GetAsmSize	07	page_07	5717	missing-instruction
UNRESOLVED_TARGET	bcall	4E79	_SquishPrgm	07	page_07	5734	missing-instruction
UNRESOLVED_TARGET	bcall	4E7F	_ChkFindSymAsm	07	page_07	583E	missing-instruction
UNRESOLVED_TARGET	bcall	4E8B	_CSqaure	02	page_02	6BB4	missing-instruction
UNRESOLVED_TARGET	bcall	4E9D	_CSqRoot	02	page_02	6C84	missing-instruction
UNRESOLVED_TARGET	bcall	4EB5	_InvertNonReal	02	page_02	6D8F	missing-instruction
UNRESOLVED_TARGET	bcall	4EBE	_CplxTrunc	02	page_02	6DBD	missing-instruction
UNRESOLVED_TARGET	bcall	4EC1	_CplxFrac	02	page_02	6DCF	missing-instruction
UNRESOLVED_TARGET	bcall	4EC4	_CplxFloor	02	page_02	6DDD	missing-instruction
UNRESOLVED_TARGET	bcall	4EC7	_SendHeaderPacket	3C	page_3C	400B	missing-instruction
UNRESOLVED_TARGET	bcall	4ED0	_SendRAMVarData	3C	page_3C	40CE	missing-instruction
UNRESOLVED_TARGET	bcall	4ED6	_SendPacket	3C	page_3C	4139	missing-instruction
UNRESOLVED_TARGET	bcall	4F09	_ReceiveVarDataExists	3C	page_3C	48C1	missing-instruction
UNRESOLVED_TARGET	bcall	4F0F	_SrchVLstUp	07	page_07	707F	missing-instruction
UNRESOLVED_TARGET	bcall	4F12	_SrchVLstDn	07	page_07	71D7	missing-instruction
UNRESOLVED_TARGET	bcall	4F30	_SendApplication	3C	page_3C	65B7	missing-instruction
UNRESOLVED_TARGET	bcall	4FFF	_PolarDerivative	04	page_04	7E62	missing-instruction
UNRESOLVED_TARGET	bcall	50B0	_IsFragmented	3C	page_3C	71C7	missing-instruction
UNRESOLVED_TARGET	bcall	51B8	_IsOP1ResID	07	page_07	6313	missing-instruction
UNRESOLVED_TARGET	bcall	51DF	_DisplayListNameEquals	05	page_05	549F	missing-instruction
UNRESOLVED_TARGET	bcall	51E2	_DisplayListHeader	05	page_05	51A1	missing-instruction
UNRESOLVED_TARGET	bcall	51F1	_MatrixName	05	page_05	4056	missing-instruction
UNRESOLVED_TARGET	bcall	522D	_DisplayListEquals	05	page_05	54C1	missing-instruction
UNRESOLVED_TARGET	bcall	5302	_SetupHome	37	page_37	6E69	missing-instruction
FLOW_PROXY	05	page_05	5562	undefined	1	05:555F
FLOW_PROXY	33	page_33	43E3	undefined	1	33:43E0
FLOW_PROXY	39	page_39	66DE	undefined	1	39:66DB
SUMMARY	64	1048576	117133	6613	924830	1921	69	3
